#-----------------------------------------------------------
# Vivado v2025.2 (64-bit)
# SW Build 6299465 on Fri Nov 14 19:35:11 GMT 2025
# IP Build 6300035 on Fri Nov 14 10:48:45 MST 2025
# SharedData Build 6298862 on Thu Nov 13 04:50:51 MST 2025
# Start of session at: Thu Apr 23 11:54:32 2026
# Process ID         : 22444
# Current directory  : Z:/Vega_cpu/Project/Vega
# Command line       : vivado.exe -gui_launcher_event rodinguilauncherevent19240 Z:\Vega_cpu\Project\Vega\Vega.xpr
# Log file           : Z:/Vega_cpu/Project/Vega/vivado.log
# Journal file       : Z:/Vega_cpu/Project/Vega\vivado.jou
# Running On         : Station
# Platform           : Windows Server 2016 or Windows 10
# Operating System   : 26220
# Processor Detail   : AMD Ryzen Threadripper PRO 3945WX 12-Cores     
# CPU Frequency      : 3993 MHz
# CPU Physical cores : 12
# CPU Logical cores  : 24
# Host memory        : 68563 MB
# Swap memory        : 4294 MB
# Total Virtual      : 72858 MB
# Available Virtual  : 47635 MB
#-----------------------------------------------------------
start_gui
open_project Z:/Vega_cpu/Project/Vega/Vega.xpr
WARNING: [Board 49-26] cannot add Board Part xilinx.com:vrk160:part0:1.0 available at D:/xilinx/2025.2/data/xhub/boards\XilinxBoardStore\boards\Xilinx\vrk160\1.0\board.xml as part xcvr1602-vsva2488-2mp-e-s-es1 specified in board_part file is either invalid or not available
WARNING: [Board 49-26] cannot add Board Part xilinx.com:vrk160:part0:1.1 available at D:/xilinx/2025.2/data/xhub/boards\XilinxBoardStore\boards\Xilinx\vrk160\1.1\board.xml as part xcvr1602-vsva2488-2mp-e-s-es1 specified in board_part file is either invalid or not available
WARNING: [Board 49-26] cannot add Board Part xilinx.com:zcu208ld:part0:2.0 available at D:/xilinx/2025.2/data/xhub/boards\XilinxBoardStore\boards\Xilinx\zcu208ld\production\2.0\board.xml as part xczu58dr-fsvg1517-2-i specified in board_part file is either invalid or not available
WARNING: [Board 49-26] cannot add Board Part xilinx.com:zcu216ld:part0:2.0 available at D:/xilinx/2025.2/data/xhub/boards\XilinxBoardStore\boards\Xilinx\zcu216ld\production\2.0\board.xml as part xczu59dr-ffvf1760-2-i specified in board_part file is either invalid or not available
WARNING: [Board 49-26] cannot add Board Part xilinx.com:zcu670ld:part0:1.0 available at D:/xilinx/2025.2/data/xhub/boards\XilinxBoardStore\boards\Xilinx\zcu670ld\1.0\board.xml as part xczu57dr-fsve1156-2-i specified in board_part file is either invalid or not available
INFO: [Project 1-313] Project file moved from 'I:/Vega_cpu/Project/Vega' since last save.
Scanning sources...
Finished scanning sources
WARNING: [Board 49-26] cannot add Board Part xilinx.com:vrk160:part0:1.0 available at D:/xilinx/2025.2/data/xhub/boards\XilinxBoardStore\boards\Xilinx\vrk160\1.0\board.xml as part xcvr1602-vsva2488-2mp-e-s-es1 specified in board_part file is either invalid or not available
WARNING: [Board 49-26] cannot add Board Part xilinx.com:vrk160:part0:1.1 available at D:/xilinx/2025.2/data/xhub/boards\XilinxBoardStore\boards\Xilinx\vrk160\1.1\board.xml as part xcvr1602-vsva2488-2mp-e-s-es1 specified in board_part file is either invalid or not available
WARNING: [Board 49-26] cannot add Board Part xilinx.com:zcu208ld:part0:2.0 available at D:/xilinx/2025.2/data/xhub/boards\XilinxBoardStore\boards\Xilinx\zcu208ld\production\2.0\board.xml as part xczu58dr-fsvg1517-2-i specified in board_part file is either invalid or not available
WARNING: [Board 49-26] cannot add Board Part xilinx.com:zcu216ld:part0:2.0 available at D:/xilinx/2025.2/data/xhub/boards\XilinxBoardStore\boards\Xilinx\zcu216ld\production\2.0\board.xml as part xczu59dr-ffvf1760-2-i specified in board_part file is either invalid or not available
WARNING: [Board 49-26] cannot add Board Part xilinx.com:zcu670ld:part0:1.0 available at D:/xilinx/2025.2/data/xhub/boards\XilinxBoardStore\boards\Xilinx\zcu670ld\1.0\board.xml as part xczu57dr-fsve1156-2-i specified in board_part file is either invalid or not available
WARNING: [Project 1-5713] Board part '' set for the project  is not found. BoardPart property will be unset. Please select board from latest repo build 
INFO: [IP_Flow 19-234] Refreshing IP repositories
INFO: [IP_Flow 19-1704] No user IP repositories specified
INFO: [IP_Flow 19-2313] Loaded Vivado IP repository 'D:/xilinx/2025.2/Vivado/data/ip'.
open_project: Time (s): cpu = 00:00:33 ; elapsed = 00:00:14 . Memory (MB): peak = 1857.742 ; gain = 265.266
update_compile_order -fileset sources_1
WARNING: [IP_Flow 19-4067] Ignoring invalid widget type specified checkbox.Providing a default widget
WARNING: [IP_Flow 19-4067] Ignoring invalid widget type specified checkbox.Providing a default widget
WARNING: [IP_Flow 19-4067] Ignoring invalid widget type specified checkbox.Providing a default widget
WARNING: [IP_Flow 19-4067] Ignoring invalid widget type specified checkbox.Providing a default widget
WARNING: [IP_Flow 19-4067] Ignoring invalid widget type specified checkbox.Providing a default widget
WARNING: [IP_Flow 19-4067] Ignoring invalid widget type specified checkbox.Providing a default widget
WARNING: [IP_Flow 19-4067] Ignoring invalid widget type specified checkbox.Providing a default widget
WARNING: [IP_Flow 19-4067] Ignoring invalid widget type specified checkbox.Providing a default widget
INFO: [IP_Flow 19-3484] Absolute path of file 'z:/Vega_cpu/test/workbench/soft/start_inst.coe' provided. It will be converted relative to IP Instance files '../../../../../../test/workbench/soft/start_inst.coe'
set_property CONFIG.Coe_File {Z:/Vega_cpu/test/workbench/soft/start_inst.coe} [get_ips boot_rom_ip]
INFO: [IP_Flow 19-3484] Absolute path of file 'z:/Vega_cpu/test/workbench/soft/start_inst.coe' provided. It will be converted relative to IP Instance files '../../../../../../test/workbench/soft/start_inst.coe'
INFO: [IP_Flow 19-3484] Absolute path of file 'z:/Vega_cpu/test/workbench/soft/start_inst.coe' provided. It will be converted relative to IP Instance files '../../../../../../test/workbench/soft/start_inst.coe'
generate_target all [get_files  Z:/Vega_cpu/Project/Vega/Vega.srcs/sources_1/ip/boot_rom_ip/boot_rom_ip.xci]
INFO: [IP_Flow 19-1686] Generating 'Simulation' target for IP 'boot_rom_ip'...
INFO: [IP_Flow 19-1686] Generating 'Miscellaneous' target for IP 'boot_rom_ip'...
INFO: [IP_Flow 19-1686] Generating 'Change Log' target for IP 'boot_rom_ip'...
export_ip_user_files -of_objects [get_files Z:/Vega_cpu/Project/Vega/Vega.srcs/sources_1/ip/boot_rom_ip/boot_rom_ip.xci] -no_script -sync -force -quiet
reset_run boot_rom_ip_synth_1
launch_runs boot_rom_ip_synth_1 -jobs 24
INFO: [Vivado 12-4149] The synthesis checkpoint for IP 'Z:/Vega_cpu/Project/Vega/Vega.srcs/sources_1/ip/boot_rom_ip/boot_rom_ip.xci' is already up-to-date
[Thu Apr 23 15:39:58 2026] Launched boot_rom_ip_synth_1...
Run output will be captured here: Z:/Vega_cpu/Project/Vega/Vega.runs/boot_rom_ip_synth_1/runme.log
export_simulation -lib_map_path [list {modelsim=Z:/Vega_cpu/Project/Vega/Vega.cache/compile_simlib/modelsim} {questa=Z:/Vega_cpu/Project/Vega/Vega.cache/compile_simlib/questa} {riviera=Z:/Vega_cpu/Project/Vega/Vega.cache/compile_simlib/riviera} {activehdl=Z:/Vega_cpu/Project/Vega/Vega.cache/compile_simlib/activehdl}] -of_objects [get_files Z:/Vega_cpu/Project/Vega/Vega.srcs/sources_1/ip/boot_rom_ip/boot_rom_ip.xci] -directory Z:/Vega_cpu/Project/Vega/Vega.ip_user_files/sim_scripts -ip_user_files_dir Z:/Vega_cpu/Project/Vega/Vega.ip_user_files -ipstatic_source_dir Z:/Vega_cpu/Project/Vega/Vega.ip_user_files/ipstatic -use_ip_compiled_libs -force -quiet
launch_simulation
Command: launch_simulation 
INFO: [Vivado 12-25911] Executing simulation for 'XSim' simulator
INFO: [Vivado 12-28535] Process started - Thu Apr 23 15:40:34 2026

INFO: [Vivado 12-12493] Simulation top is 'vega_soc_top'
INFO: [Vivado 12-12490] The selected simulation model for 'axi_uartlite_0' IP changed to 'rtl' from '', the simulation run directory will be deleted.
INFO: [Vivado 12-5698] Checking validity of IPs in the design for the 'XSim' simulator...
INFO: [Vivado 12-5682] Launching behavioral simulation in 'Z:/Vega_cpu/Project/Vega/Vega.sim/sim_1/behav/xsim'
INFO: [Vivado 12-4795] Using compiled simulation libraries for IPs
INFO: [SIM-utils-51] Simulation object is 'sim_1'
INFO: [SIM-utils-72] Using boost library from 'D:/xilinx/2025.2/Vivado/tps/boost_1_72_0'
INFO: [USF-XSim-7] Finding pre-compiled libraries...
INFO: [USF-XSim-11] File 'D:/xilinx/2025.2/Vivado/data/xsim/xsim.ini' copied to run dir:'Z:/Vega_cpu/Project/Vega/Vega.sim/sim_1/behav/xsim'
INFO: [SIM-utils-54] Inspecting design source files for 'vega_soc_top' in fileset 'sim_1'...
INFO: [SIM-utils-43] Exported 'Z:/Vega_cpu/Project/Vega/Vega.sim/sim_1/behav/xsim/boot_rom_ip.mif'
INFO: [SIM-utils-43] Exported 'Z:/Vega_cpu/Project/Vega/Vega.sim/sim_1/behav/xsim/start_inst.coe'
INFO: [USF-XSim-97] Finding global include files...
INFO: [USF-XSim-98] Fetching design files from 'sim_1'...
INFO: [USF-XSim-2] XSim::Compile design
INFO: [USF-XSim-61] Executing 'COMPILE and ANALYZE' step in 'Z:/Vega_cpu/Project/Vega/Vega.sim/sim_1/behav/xsim'
"xvlog --incr --relax -prj vega_soc_top_vlog.prj"
INFO: [VRFC 10-2263] Analyzing Verilog file "Z:/Vega_cpu/Project/Vega/Vega.gen/sources_1/ip/axi_uartlite_0/axi_uartlite_0_sim_netlist.v" into library xil_defaultlib
INFO: [VRFC 10-311] analyzing module axi_uartlite_0
INFO: [VRFC 10-311] analyzing module axi_uartlite_0_address_decoder
INFO: [VRFC 10-311] analyzing module axi_uartlite_0_axi_lite_ipif
INFO: [VRFC 10-311] analyzing module axi_uartlite_0_axi_uartlite
INFO: [VRFC 10-311] analyzing module axi_uartlite_0_baudrate
INFO: [VRFC 10-311] analyzing module axi_uartlite_0_pselect_f
INFO: [VRFC 10-311] analyzing module axi_uartlite_0_pselect_f__parameterized1
INFO: [VRFC 10-311] analyzing module axi_uartlite_0_slave_attachment
INFO: [VRFC 10-311] analyzing module axi_uartlite_0_srl_fifo
INFO: [VRFC 10-311] analyzing module axi_uartlite_0_srl_fifo_0
INFO: [VRFC 10-311] analyzing module axi_uartlite_0_uartlite_core
INFO: [VRFC 10-311] analyzing module axi_uartlite_0_uartlite_rx
INFO: [VRFC 10-311] analyzing module axi_uartlite_0_uartlite_tx
INFO: [VRFC 10-311] analyzing module axi_uartlite_0_xpm_cdc_single
INFO: [VRFC 10-311] analyzing module glbl
INFO: [VRFC 10-2263] Analyzing Verilog file "Z:/Vega_cpu/Project/Vega/Vega.gen/sources_1/ip/data_ram_b/data_ram_b_sim_netlist.v" into library xil_defaultlib
INFO: [VRFC 10-311] analyzing module data_ram_b
INFO: [VRFC 10-311] analyzing module data_ram_b_blk_mem_gen_generic_cstr
INFO: [VRFC 10-311] analyzing module data_ram_b_blk_mem_gen_mux
INFO: [VRFC 10-311] analyzing module data_ram_b_blk_mem_gen_prim_width
INFO: [VRFC 10-311] analyzing module data_ram_b_blk_mem_gen_prim_width__parameterized0
INFO: [VRFC 10-311] analyzing module data_ram_b_blk_mem_gen_prim_width__parameterized1
INFO: [VRFC 10-311] analyzing module data_ram_b_blk_mem_gen_prim_width__parameterized10
INFO: [VRFC 10-311] analyzing module data_ram_b_blk_mem_gen_prim_width__parameterized11
INFO: [VRFC 10-311] analyzing module data_ram_b_blk_mem_gen_prim_width__parameterized12
INFO: [VRFC 10-311] analyzing module data_ram_b_blk_mem_gen_prim_width__parameterized13
INFO: [VRFC 10-311] analyzing module data_ram_b_blk_mem_gen_prim_width__parameterized14
INFO: [VRFC 10-311] analyzing module data_ram_b_blk_mem_gen_prim_width__parameterized2
INFO: [VRFC 10-311] analyzing module data_ram_b_blk_mem_gen_prim_width__parameterized3
INFO: [VRFC 10-311] analyzing module data_ram_b_blk_mem_gen_prim_width__parameterized4
INFO: [VRFC 10-311] analyzing module data_ram_b_blk_mem_gen_prim_width__parameterized5
INFO: [VRFC 10-311] analyzing module data_ram_b_blk_mem_gen_prim_width__parameterized6
INFO: [VRFC 10-311] analyzing module data_ram_b_blk_mem_gen_prim_width__parameterized7
INFO: [VRFC 10-311] analyzing module data_ram_b_blk_mem_gen_prim_width__parameterized8
INFO: [VRFC 10-311] analyzing module data_ram_b_blk_mem_gen_prim_width__parameterized9
INFO: [VRFC 10-311] analyzing module data_ram_b_blk_mem_gen_prim_wrapper
INFO: [VRFC 10-311] analyzing module data_ram_b_blk_mem_gen_prim_wrapper__parameterized0
INFO: [VRFC 10-311] analyzing module data_ram_b_blk_mem_gen_prim_wrapper__parameterized1
INFO: [VRFC 10-311] analyzing module data_ram_b_blk_mem_gen_prim_wrapper__parameterized10
INFO: [VRFC 10-311] analyzing module data_ram_b_blk_mem_gen_prim_wrapper__parameterized11
INFO: [VRFC 10-311] analyzing module data_ram_b_blk_mem_gen_prim_wrapper__parameterized12
INFO: [VRFC 10-311] analyzing module data_ram_b_blk_mem_gen_prim_wrapper__parameterized13
INFO: [VRFC 10-311] analyzing module data_ram_b_blk_mem_gen_prim_wrapper__parameterized14
INFO: [VRFC 10-311] analyzing module data_ram_b_blk_mem_gen_prim_wrapper__parameterized2
INFO: [VRFC 10-311] analyzing module data_ram_b_blk_mem_gen_prim_wrapper__parameterized3
INFO: [VRFC 10-311] analyzing module data_ram_b_blk_mem_gen_prim_wrapper__parameterized4
INFO: [VRFC 10-311] analyzing module data_ram_b_blk_mem_gen_prim_wrapper__parameterized5
INFO: [VRFC 10-311] analyzing module data_ram_b_blk_mem_gen_prim_wrapper__parameterized6
INFO: [VRFC 10-311] analyzing module data_ram_b_blk_mem_gen_prim_wrapper__parameterized7
INFO: [VRFC 10-311] analyzing module data_ram_b_blk_mem_gen_prim_wrapper__parameterized8
INFO: [VRFC 10-311] analyzing module data_ram_b_blk_mem_gen_prim_wrapper__parameterized9
INFO: [VRFC 10-311] analyzing module data_ram_b_blk_mem_gen_top
INFO: [VRFC 10-311] analyzing module data_ram_b_blk_mem_gen_v8_4_12
INFO: [VRFC 10-311] analyzing module data_ram_b_blk_mem_gen_v8_4_12_synth
INFO: [VRFC 10-2263] Analyzing Verilog file "Z:/Vega_cpu/Project/Vega/Vega.gen/sources_1/ip/boot_rom_ip/sim/boot_rom_ip.v" into library xil_defaultlib
INFO: [VRFC 10-311] analyzing module boot_rom_ip
INFO: [VRFC 10-2263] Analyzing Verilog file "Z:/Vega_cpu/src/cpu/core/ex_stage/alu.v" into library xil_defaultlib
INFO: [VRFC 10-311] analyzing module alu
INFO: [VRFC 10-2263] Analyzing Verilog file "Z:/Vega_cpu/src/cpu/core/if_stage/bht.v" into library xil_defaultlib
INFO: [VRFC 10-311] analyzing module bht
INFO: [VRFC 10-2263] Analyzing Verilog file "Z:/Vega_cpu/src/cpu/core/if_stage/btb.v" into library xil_defaultlib
INFO: [VRFC 10-311] analyzing module btb
INFO: [VRFC 10-2263] Analyzing Verilog file "Z:/Vega_cpu/src/cpu/core/mem_stage/dcache.v" into library xil_defaultlib
INFO: [VRFC 10-311] analyzing module dcache
INFO: [VRFC 10-2263] Analyzing Verilog file "Z:/Vega_cpu/src/cpu/core/id_stage/decoder.v" into library xil_defaultlib
INFO: [VRFC 10-311] analyzing module decoder
INFO: [VRFC 10-2263] Analyzing Verilog file "Z:/Vega_cpu/src/cpu/core/ex_stage/ex_stage.v" into library xil_defaultlib
INFO: [VRFC 10-311] analyzing module ex_stage
INFO: [VRFC 10-2263] Analyzing Verilog file "Z:/Vega_cpu/src/cpu/core/hazard_unit.v" into library xil_defaultlib
INFO: [VRFC 10-311] analyzing module hazard_unit
INFO: [VRFC 10-2263] Analyzing Verilog file "Z:/Vega_cpu/src/cpu/core/if_stage/icache.v" into library xil_defaultlib
INFO: [VRFC 10-311] analyzing module icache
INFO: [VRFC 10-2263] Analyzing Verilog file "Z:/Vega_cpu/src/cpu/core/id_stage/id_stage.v" into library xil_defaultlib
INFO: [VRFC 10-311] analyzing module id_stage
INFO: [VRFC 10-2263] Analyzing Verilog file "Z:/Vega_cpu/src/cpu/core/if_stage/if_stage.v" into library xil_defaultlib
INFO: [VRFC 10-311] analyzing module if_stage
WARNING: [VRFC 10-3380] identifier 'way2_fetch_valid' is used before its declaration [Z:/Vega_cpu/src/cpu/core/if_stage/if_stage.v:108]
INFO: [VRFC 10-2263] Analyzing Verilog file "Z:/Vega_cpu/src/cpu/core/ii_stage/ii_stage.v" into library xil_defaultlib
INFO: [VRFC 10-311] analyzing module ii_stage
INFO: [VRFC 10-2263] Analyzing Verilog file "Z:/Vega_cpu/src/cpu/core/mem_stage/mem_stage.v" into library xil_defaultlib
INFO: [VRFC 10-311] analyzing module mem_stage
WARNING: [VRFC 10-3380] identifier 'load_data' is used before its declaration [Z:/Vega_cpu/src/cpu/core/mem_stage/mem_stage.v:86]
WARNING: [VRFC 10-3380] identifier 'load_data' is used before its declaration [Z:/Vega_cpu/src/cpu/core/mem_stage/mem_stage.v:88]
INFO: [VRFC 10-2263] Analyzing Verilog file "Z:/Vega_cpu/src/cpu/core/id_stage/register_file.v" into library xil_defaultlib
INFO: [VRFC 10-311] analyzing module register_file
INFO: [VRFC 10-2263] Analyzing Verilog file "Z:/Vega_cpu/src/soc/reset/reset_sync.v" into library xil_defaultlib
INFO: [VRFC 10-311] analyzing module reset_sync
INFO: [VRFC 10-2263] Analyzing Verilog file "Z:/Vega_cpu/src/cpu/riscv_cpu.v" into library xil_defaultlib
INFO: [VRFC 10-311] analyzing module riscv_cpu
INFO: [VRFC 10-2263] Analyzing Verilog file "Z:/Vega_cpu/Project/Vega/Vega.srcs/sources_1/new/uart_adapter.v" into library xil_defaultlib
INFO: [VRFC 10-311] analyzing module uart_adapter
INFO: [VRFC 10-2263] Analyzing Verilog file "Z:/Vega_cpu/src/soc/vega_soc_top.v" into library xil_defaultlib
INFO: [VRFC 10-311] analyzing module vega_soc_top
INFO: [VRFC 10-2263] Analyzing Verilog file "Z:/Vega_cpu/Project/Vega/Vega.sim/sim_1/behav/xsim/glbl.v" into library xil_defaultlib
INFO: [VRFC 10-311] analyzing module glbl
WARNING: [VRFC 10-3609] overwriting previous definition of module 'glbl' [Z:/Vega_cpu/Project/Vega/Vega.sim/sim_1/behav/xsim/glbl.v:6]
run_program: Time (s): cpu = 00:00:00 ; elapsed = 00:00:05 . Memory (MB): peak = 1907.820 ; gain = 0.000
INFO: [USF-XSim-69] 'compile' step finished in '6' seconds
INFO: [USF-XSim-3] XSim::Elaborate design
INFO: [USF-XSim-61] Executing 'ELABORATE' step in 'Z:/Vega_cpu/Project/Vega/Vega.sim/sim_1/behav/xsim'
"xelab --incr --debug typical --relax --mt 2 -L xil_defaultlib -L blk_mem_gen_v8_4_12 -L unisims_ver -L unimacro_ver -L secureip -L xpm --snapshot vega_soc_top_behav xil_defaultlib.vega_soc_top xil_defaultlib.glbl -log elaborate.log"
Vivado Simulator v2025.2
Copyright 1986-2022 Xilinx, Inc. All Rights Reserved.
Copyright 2022-2025 Advanced Micro Devices, Inc. All Rights Reserved.
Running: D:/xilinx/2025.2/Vivado/bin/unwrapped/win64.o/xelab.exe --incr --debug typical --relax --mt 2 -L xil_defaultlib -L blk_mem_gen_v8_4_12 -L unisims_ver -L unimacro_ver -L secureip -L xpm --snapshot vega_soc_top_behav xil_defaultlib.vega_soc_top xil_defaultlib.glbl -log elaborate.log 
Using 2 slave threads.
Starting static elaboration
Pass Through NonSizing Optimizer
WARNING: [VRFC 10-3091] actual bit length 32 differs from formal bit length 12 for port 'addrb' [Z:/Vega_cpu/src/soc/vega_soc_top.v:63]
WARNING: [VRFC 10-3091] actual bit length 32 differs from formal bit length 4 for port 's_axi_awaddr' [Z:/Vega_cpu/Project/Vega/Vega.srcs/sources_1/new/uart_adapter.v:53]
WARNING: [VRFC 10-3091] actual bit length 32 differs from formal bit length 4 for port 's_axi_araddr' [Z:/Vega_cpu/Project/Vega/Vega.srcs/sources_1/new/uart_adapter.v:69]
WARNING: [VRFC 10-3091] actual bit length 1 differs from formal bit length 64 for port 'predict_target_o' [Z:/Vega_cpu/src/cpu/riscv_cpu.v:317]
WARNING: [VRFC 10-3091] actual bit length 1 differs from formal bit length 64 for port 'predict_target_i' [Z:/Vega_cpu/src/cpu/riscv_cpu.v:372]
WARNING: [VRFC 10-3129] assignment to input 'dcache_data_out' [Z:/Vega_cpu/src/cpu/core/mem_stage/mem_stage.v:110]
WARNING: [VRFC 10-3129] assignment to input 'dcache_hit' [Z:/Vega_cpu/src/cpu/core/mem_stage/mem_stage.v:111]
WARNING: [VRFC 10-3129] assignment to input 'dcache_refill_done' [Z:/Vega_cpu/src/cpu/core/mem_stage/mem_stage.v:112]
WARNING: [VRFC 10-3129] assignment to input 'dcache_writeback_req' [Z:/Vega_cpu/src/cpu/core/mem_stage/mem_stage.v:113]
WARNING: [VRFC 10-3129] assignment to input 'dcache_writeback_addr' [Z:/Vega_cpu/src/cpu/core/mem_stage/mem_stage.v:114]
WARNING: [VRFC 10-3129] assignment to input 'dcache_writeback_data' [Z:/Vega_cpu/src/cpu/core/mem_stage/mem_stage.v:115]
WARNING: [VRFC 10-3129] assignment to input 'dcache_cache_stall' [Z:/Vega_cpu/src/cpu/core/mem_stage/mem_stage.v:116]
WARNING: [VRFC 10-3129] assignment to input 'dcache_mem_req' [Z:/Vega_cpu/src/cpu/core/mem_stage/mem_stage.v:120]
WARNING: [VRFC 10-3129] assignment to input 'dcache_mem_we' [Z:/Vega_cpu/src/cpu/core/mem_stage/mem_stage.v:121]
Completed static elaboration
Starting simulation data flow analysis
Completed simulation data flow analysis
Time Resolution for simulation is 1ps
Compiling module xil_defaultlib.reset_sync
Compiling module blk_mem_gen_v8_4_12.blk_mem_gen_v8_4_12_output_stage...
Compiling module blk_mem_gen_v8_4_12.blk_mem_gen_v8_4_12_softecc_outp...
Compiling module blk_mem_gen_v8_4_12.blk_mem_gen_v8_4_12_mem_module(C...
Compiling module blk_mem_gen_v8_4_12.blk_mem_gen_v8_4_12(C_FAMILY="ar...
Compiling module xil_defaultlib.boot_rom_ip
Compiling module unisims_ver.GND
Compiling module unisims_ver.x_lut3_mux8
Compiling module unisims_ver.LUT3
Compiling module unisims_ver.FDRE_default
Compiling module unisims_ver.RB36_INTERNAL_VLOG(RDADDR_COLLIS...
Compiling module unisims_ver.RAMB36E1(RDADDR_COLLISION_HWCONF...
Compiling module unisims_ver.x_lut2_mux4
Compiling module unisims_ver.LUT2
Compiling module xil_defaultlib.data_ram_b
Compiling module unisims_ver.LUT6
Compiling module unisims_ver.LUT4
Compiling module unisims_ver.FDSE_default
Compiling module unisims_ver.LUT5
Compiling module xil_defaultlib.axi_uartlite_0_pselect_f
Compiling module xil_defaultlib.axi_uartlite_0_pselect_f__parame...
Compiling module xil_defaultlib.axi_uartlite_0_address_decoder
Compiling module xil_defaultlib.axi_uartlite_0_slave_attachment
Compiling module xil_defaultlib.axi_uartlite_0_axi_lite_ipif
Compiling module xil_defaultlib.axi_uartlite_0_baudrate
Compiling module xil_defaultlib.axi_uartlite_0_xpm_cdc_single
Compiling module unisims_ver.x_lut1_mux2
Compiling module unisims_ver.LUT1(INIT=2'b01)
Compiling module unisims_ver.SRL16E_default
Compiling module xil_defaultlib.axi_uartlite_0_srl_fifo_0
Compiling module xil_defaultlib.axi_uartlite_0_uartlite_rx
Compiling module unisims_ver.MUXF7
Compiling module xil_defaultlib.axi_uartlite_0_srl_fifo
Compiling module xil_defaultlib.axi_uartlite_0_uartlite_tx
Compiling module xil_defaultlib.axi_uartlite_0_uartlite_core
Compiling module xil_defaultlib.axi_uartlite_0_axi_uartlite
Compiling module xil_defaultlib.axi_uartlite_0
Compiling module xil_defaultlib.uart_adapter
Compiling module xil_defaultlib.icache
Compiling module xil_defaultlib.btb
Compiling module xil_defaultlib.bht
Compiling module xil_defaultlib.if_stage
Compiling module xil_defaultlib.decoder
Compiling module xil_defaultlib.id_stage
Compiling module xil_defaultlib.register_file
Compiling module xil_defaultlib.ii_stage
Compiling module xil_defaultlib.alu
Compiling module xil_defaultlib.ex_stage
Compiling module xil_defaultlib.dcache
Compiling module xil_defaultlib.mem_stage
Compiling module xil_defaultlib.hazard_unit
Compiling module xil_defaultlib.riscv_cpu
Compiling module xil_defaultlib.vega_soc_top
Compiling module xil_defaultlib.glbl
Built simulation snapshot vega_soc_top_behav
run_program: Time (s): cpu = 00:00:01 ; elapsed = 00:00:11 . Memory (MB): peak = 1907.820 ; gain = 0.000
INFO: [USF-XSim-69] 'elaborate' step finished in '10' seconds
INFO: [USF-XSim-4] XSim::Simulate design
INFO: [USF-XSim-61] Executing 'SIMULATE' step in 'Z:/Vega_cpu/Project/Vega/Vega.sim/sim_1/behav/xsim'
INFO: [USF-XSim-98] *** Running xsim
   with args "vega_soc_top_behav -key {Behavioral:sim_1:Functional:vega_soc_top} -tclbatch {vega_soc_top.tcl} -log {simulate.log}"
INFO: [USF-XSim-8] Loading simulator feature
Time resolution is 1 ps
source vega_soc_top.tcl
# set curr_wave [current_wave_config]
# if { [string length $curr_wave] == 0 } {
#   if { [llength [get_objects]] > 0} {
#     add_wave /
#     set_property needs_save false [current_wave_config]
#   } else {
#      send_msg_id Add_Wave-1 WARNING "No top level signals found. Simulator will start without a wave window. If you want to open a wave window go to 'File->New Waveform Configuration' or type 'create_wave_config' in the TCL console."
#   }
# }
# run 1000ns
 Block Memory Generator module loading initial data...
 Block Memory Generator data initialization complete.
Block Memory Generator module vega_soc_top.u_boot_rom_ip.inst.native_mem_module.blk_mem_gen_v8_4_12_inst is using a behavioral model for simulation which will not precisely model memory collision behavior.
INFO: [USF-XSim-96] XSim completed. Design snapshot 'vega_soc_top_behav' loaded.
INFO: [USF-XSim-97] XSim simulation ran for 1000ns
launch_simulation: Time (s): cpu = 00:00:07 ; elapsed = 00:00:21 . Memory (MB): peak = 1933.570 ; gain = 25.750
close_sim
INFO: [Simtcl 6-16] Simulation closed
synth_design -top vega_soc_top -part xc7a200tfbg676-3 -lint 
Command: synth_design -top vega_soc_top -part xc7a200tfbg676-3 -lint
Starting synth_design
Attempting to get a license for feature 'Synthesis' and/or device 'xc7a200t'
INFO: [Common 17-349] Got license for feature 'Synthesis' and/or device 'xc7a200t'
INFO: [Synth 8-7079] Multithreading enabled for synth_design using a maximum of 2 processes.
INFO: [Synth 8-7078] Launching helper process for spawning children vivado processes
INFO: [Synth 8-7075] Helper process launched with PID 45148
---------------------------------------------------------------------------------
Starting Synthesize : Time (s): cpu = 00:00:10 ; elapsed = 00:00:08 . Memory (MB): peak = 3633.445 ; gain = 0.000
---------------------------------------------------------------------------------
Clean up Linter database...
WARNING: [Synth 8-6901] identifier 'way2_fetch_valid' is used before its declaration [Z:/Vega_cpu/src/cpu/core/if_stage/if_stage.v:108]
WARNING: [Synth 8-6901] identifier 'load_data' is used before its declaration [Z:/Vega_cpu/src/cpu/core/mem_stage/mem_stage.v:86]
WARNING: [Synth 8-6901] identifier 'load_data' is used before its declaration [Z:/Vega_cpu/src/cpu/core/mem_stage/mem_stage.v:88]
INFO: [Synth 8-6157] synthesizing module 'vega_soc_top' [Z:/Vega_cpu/src/soc/vega_soc_top.v:1]
INFO: [Synth 8-6157] synthesizing module 'reset_sync' [Z:/Vega_cpu/src/soc/reset/reset_sync.v:1]
INFO: [Synth 8-6155] done synthesizing module 'reset_sync' (1#1) [Z:/Vega_cpu/src/soc/reset/reset_sync.v:1]
INFO: [Synth 8-6157] synthesizing module 'boot_rom_ip' [Z:/Vega_cpu/Project/Vega/.Xil/Vivado-22444-Station/realtime/boot_rom_ip_stub.v:6]
INFO: [Synth 8-6155] done synthesizing module 'boot_rom_ip' (2#1) [Z:/Vega_cpu/Project/Vega/.Xil/Vivado-22444-Station/realtime/boot_rom_ip_stub.v:6]
WARNING: [Synth 8-689] width (32) of port connection 'addrb' does not match port width (12) of module 'boot_rom_ip' [Z:/Vega_cpu/src/soc/vega_soc_top.v:63]
INFO: [Synth 8-6157] synthesizing module 'data_ram_b' [Z:/Vega_cpu/Project/Vega/.Xil/Vivado-22444-Station/realtime/data_ram_b_stub.v:6]
INFO: [Synth 8-6155] done synthesizing module 'data_ram_b' (3#1) [Z:/Vega_cpu/Project/Vega/.Xil/Vivado-22444-Station/realtime/data_ram_b_stub.v:6]
INFO: [Synth 8-6157] synthesizing module 'uart_adapter' [Z:/Vega_cpu/Project/Vega/Vega.srcs/sources_1/new/uart_adapter.v:1]
INFO: [Synth 8-6157] synthesizing module 'axi_uartlite_0' [Z:/Vega_cpu/Project/Vega/.Xil/Vivado-22444-Station/realtime/axi_uartlite_0_stub.v:6]
INFO: [Synth 8-6155] done synthesizing module 'axi_uartlite_0' (4#1) [Z:/Vega_cpu/Project/Vega/.Xil/Vivado-22444-Station/realtime/axi_uartlite_0_stub.v:6]
WARNING: [Synth 8-689] width (32) of port connection 's_axi_awaddr' does not match port width (4) of module 'axi_uartlite_0' [Z:/Vega_cpu/Project/Vega/Vega.srcs/sources_1/new/uart_adapter.v:53]
WARNING: [Synth 8-689] width (32) of port connection 's_axi_araddr' does not match port width (4) of module 'axi_uartlite_0' [Z:/Vega_cpu/Project/Vega/Vega.srcs/sources_1/new/uart_adapter.v:69]
WARNING: [Synth 8-7137] Register axi_wdata_reg in module uart_adapter has both Set and reset with same priority. This may cause simulation mismatches. Consider rewriting code  [Z:/Vega_cpu/Project/Vega/Vega.srcs/sources_1/new/uart_adapter.v:58]
WARNING: [Synth 8-7137] Register axi_wstrb_reg in module uart_adapter has both Set and reset with same priority. This may cause simulation mismatches. Consider rewriting code  [Z:/Vega_cpu/Project/Vega/Vega.srcs/sources_1/new/uart_adapter.v:59]
WARNING: [Synth 8-7137] Register axi_wdata_reg in module uart_adapter has both Set and reset with same priority. This may cause simulation mismatches. Consider rewriting code  [Z:/Vega_cpu/Project/Vega/Vega.srcs/sources_1/new/uart_adapter.v:58]
WARNING: [Synth 8-7137] Register axi_wstrb_reg in module uart_adapter has both Set and reset with same priority. This may cause simulation mismatches. Consider rewriting code  [Z:/Vega_cpu/Project/Vega/Vega.srcs/sources_1/new/uart_adapter.v:59]
INFO: [Synth 8-6155] done synthesizing module 'uart_adapter' (5#1) [Z:/Vega_cpu/Project/Vega/Vega.srcs/sources_1/new/uart_adapter.v:1]
INFO: [Synth 8-6157] synthesizing module 'riscv_cpu' [Z:/Vega_cpu/src/cpu/riscv_cpu.v:8]
INFO: [Synth 8-6157] synthesizing module 'icache' [Z:/Vega_cpu/src/cpu/core/if_stage/icache.v:6]
WARNING: [Synth 8-6014] Unused sequential element found_reg was removed.  [Z:/Vega_cpu/src/cpu/core/if_stage/icache.v:63]
WARNING: [Synth 8-6014] Unused sequential element match_way_reg was removed.  [Z:/Vega_cpu/src/cpu/core/if_stage/icache.v:64]
WARNING: [Synth 8-7137] Register hit_reg in module icache has both Set and reset with same priority. This may cause simulation mismatches. Consider rewriting code  [Z:/Vega_cpu/src/cpu/core/if_stage/icache.v:60]
WARNING: [Synth 8-7137] Register data_out_reg in module icache has both Set and reset with same priority. This may cause simulation mismatches. Consider rewriting code  [Z:/Vega_cpu/src/cpu/core/if_stage/icache.v:73]
WARNING: [Synth 8-7137] Register instr_window_out_reg in module icache has both Set and reset with same priority. This may cause simulation mismatches. Consider rewriting code  [Z:/Vega_cpu/src/cpu/core/if_stage/icache.v:76]
WARNING: [Synth 8-7137] Register window_valid_reg in module icache has both Set and reset with same priority. This may cause simulation mismatches. Consider rewriting code  [Z:/Vega_cpu/src/cpu/core/if_stage/icache.v:85]
WARNING: [Synth 8-7137] Register mem_req_reg in module icache has both Set and reset with same priority. This may cause simulation mismatches. Consider rewriting code  [Z:/Vega_cpu/src/cpu/core/if_stage/icache.v:90]
WARNING: [Synth 8-7137] Register mem_addr_reg in module icache has both Set and reset with same priority. This may cause simulation mismatches. Consider rewriting code  [Z:/Vega_cpu/src/cpu/core/if_stage/icache.v:91]
WARNING: [Synth 8-7137] Register hit_reg in module icache has both Set and reset with same priority. This may cause simulation mismatches. Consider rewriting code  [Z:/Vega_cpu/src/cpu/core/if_stage/icache.v:60]
WARNING: [Synth 8-7137] Register data_out_reg in module icache has both Set and reset with same priority. This may cause simulation mismatches. Consider rewriting code  [Z:/Vega_cpu/src/cpu/core/if_stage/icache.v:73]
WARNING: [Synth 8-7137] Register instr_window_out_reg in module icache has both Set and reset with same priority. This may cause simulation mismatches. Consider rewriting code  [Z:/Vega_cpu/src/cpu/core/if_stage/icache.v:76]
WARNING: [Synth 8-7137] Register window_valid_reg in module icache has both Set and reset with same priority. This may cause simulation mismatches. Consider rewriting code  [Z:/Vega_cpu/src/cpu/core/if_stage/icache.v:85]
WARNING: [Synth 8-7137] Register mem_req_reg in module icache has both Set and reset with same priority. This may cause simulation mismatches. Consider rewriting code  [Z:/Vega_cpu/src/cpu/core/if_stage/icache.v:90]
WARNING: [Synth 8-7137] Register mem_addr_reg in module icache has both Set and reset with same priority. This may cause simulation mismatches. Consider rewriting code  [Z:/Vega_cpu/src/cpu/core/if_stage/icache.v:91]
INFO: [Synth 8-6155] done synthesizing module 'icache' (6#1) [Z:/Vega_cpu/src/cpu/core/if_stage/icache.v:6]
WARNING: [Synth 8-7071] port 'instr_window_out' of module 'icache' is unconnected for instance 'u_icache' [Z:/Vega_cpu/src/cpu/riscv_cpu.v:82]
WARNING: [Synth 8-7071] port 'window_valid' of module 'icache' is unconnected for instance 'u_icache' [Z:/Vega_cpu/src/cpu/riscv_cpu.v:82]
WARNING: [Synth 8-7023] instance 'u_icache' of module 'icache' has 12 connections declared, but only 10 given [Z:/Vega_cpu/src/cpu/riscv_cpu.v:82]
INFO: [Synth 8-6157] synthesizing module 'if_stage' [Z:/Vega_cpu/src/cpu/core/if_stage/if_stage.v:7]
	Parameter ADDR_WIDTH bound to: 64 - type: integer 
	Parameter DATA_WIDTH bound to: 32 - type: integer 
INFO: [Synth 8-6157] synthesizing module 'btb' [Z:/Vega_cpu/src/cpu/core/if_stage/btb.v:6]
WARNING: [Synth 8-6014] Unused sequential element found_reg was removed.  [Z:/Vega_cpu/src/cpu/core/if_stage/btb.v:55]
WARNING: [Synth 8-6014] Unused sequential element match_way_reg was removed.  [Z:/Vega_cpu/src/cpu/core/if_stage/btb.v:56]
INFO: [Synth 8-6155] done synthesizing module 'btb' (7#1) [Z:/Vega_cpu/src/cpu/core/if_stage/btb.v:6]
INFO: [Synth 8-6157] synthesizing module 'bht' [Z:/Vega_cpu/src/cpu/core/if_stage/bht.v:6]
INFO: [Synth 8-6155] done synthesizing module 'bht' (8#1) [Z:/Vega_cpu/src/cpu/core/if_stage/bht.v:6]
INFO: [Synth 8-6155] done synthesizing module 'if_stage' (9#1) [Z:/Vega_cpu/src/cpu/core/if_stage/if_stage.v:7]
INFO: [Synth 8-6157] synthesizing module 'id_stage' [Z:/Vega_cpu/src/cpu/core/id_stage/id_stage.v:7]
	Parameter DATA_WIDTH bound to: 64 - type: integer 
	Parameter ADDR_WIDTH bound to: 64 - type: integer 
	Parameter REG_ADDR_WIDTH bound to: 5 - type: integer 
INFO: [Synth 8-6157] synthesizing module 'decoder' [Z:/Vega_cpu/src/cpu/core/id_stage/decoder.v:6]
INFO: [Synth 8-155] case statement is not full and has no default [Z:/Vega_cpu/src/cpu/core/id_stage/decoder.v:72]
INFO: [Synth 8-155] case statement is not full and has no default [Z:/Vega_cpu/src/cpu/core/id_stage/decoder.v:224]
INFO: [Synth 8-155] case statement is not full and has no default [Z:/Vega_cpu/src/cpu/core/id_stage/decoder.v:70]
INFO: [Synth 8-6155] done synthesizing module 'decoder' (10#1) [Z:/Vega_cpu/src/cpu/core/id_stage/decoder.v:6]
INFO: [Synth 8-6155] done synthesizing module 'id_stage' (11#1) [Z:/Vega_cpu/src/cpu/core/id_stage/id_stage.v:7]
INFO: [Synth 8-6157] synthesizing module 'register_file' [Z:/Vega_cpu/src/cpu/core/id_stage/register_file.v:7]
	Parameter DATA_WIDTH bound to: 64 - type: integer 
	Parameter REG_COUNT bound to: 32 - type: integer 
	Parameter ADDR_WIDTH bound to: 5 - type: integer 
INFO: [Synth 8-6155] done synthesizing module 'register_file' (12#1) [Z:/Vega_cpu/src/cpu/core/id_stage/register_file.v:7]
INFO: [Synth 8-6157] synthesizing module 'ii_stage' [Z:/Vega_cpu/src/cpu/core/ii_stage/ii_stage.v:6]
	Parameter DATA_WIDTH bound to: 64 - type: integer 
	Parameter ADDR_WIDTH bound to: 64 - type: integer 
INFO: [Synth 8-6155] done synthesizing module 'ii_stage' (13#1) [Z:/Vega_cpu/src/cpu/core/ii_stage/ii_stage.v:6]
WARNING: [Synth 8-689] width (1) of port connection 'predict_target_o' does not match port width (64) of module 'ii_stage' [Z:/Vega_cpu/src/cpu/riscv_cpu.v:317]
INFO: [Synth 8-6157] synthesizing module 'ex_stage' [Z:/Vega_cpu/src/cpu/core/ex_stage/ex_stage.v:6]
	Parameter DATA_WIDTH bound to: 64 - type: integer 
	Parameter ADDR_WIDTH bound to: 64 - type: integer 
INFO: [Synth 8-226] default block is never used [Z:/Vega_cpu/src/cpu/core/ex_stage/ex_stage.v:142]
INFO: [Synth 8-6157] synthesizing module 'alu' [Z:/Vega_cpu/src/cpu/core/ex_stage/alu.v:12]
INFO: [Synth 8-6155] done synthesizing module 'alu' (14#1) [Z:/Vega_cpu/src/cpu/core/ex_stage/alu.v:12]
INFO: [Synth 8-6155] done synthesizing module 'ex_stage' (15#1) [Z:/Vega_cpu/src/cpu/core/ex_stage/ex_stage.v:6]
WARNING: [Synth 8-689] width (1) of port connection 'predict_target_i' does not match port width (64) of module 'ex_stage' [Z:/Vega_cpu/src/cpu/riscv_cpu.v:372]
INFO: [Synth 8-6157] synthesizing module 'mem_stage' [Z:/Vega_cpu/src/cpu/core/mem_stage/mem_stage.v:7]
	Parameter DATA_WIDTH bound to: 64 - type: integer 
	Parameter ADDR_WIDTH bound to: 64 - type: integer 
INFO: [Synth 8-6157] synthesizing module 'dcache' [Z:/Vega_cpu/src/cpu/core/mem_stage/dcache.v:6]
INFO: [Synth 8-155] case statement is not full and has no default [Z:/Vega_cpu/src/cpu/core/mem_stage/dcache.v:71]
WARNING: [Synth 8-6014] Unused sequential element way_valid_reg[0][0] was removed.  [Z:/Vega_cpu/src/cpu/core/mem_stage/dcache.v:115]
WARNING: [Synth 8-6014] Unused sequential element way_valid_reg[0][1] was removed.  [Z:/Vega_cpu/src/cpu/core/mem_stage/dcache.v:115]
WARNING: [Synth 8-6014] Unused sequential element way_valid_reg[0][2] was removed.  [Z:/Vega_cpu/src/cpu/core/mem_stage/dcache.v:115]
WARNING: [Synth 8-6014] Unused sequential element way_valid_reg[0][3] was removed.  [Z:/Vega_cpu/src/cpu/core/mem_stage/dcache.v:115]
WARNING: [Synth 8-6014] Unused sequential element way_valid_reg[0][4] was removed.  [Z:/Vega_cpu/src/cpu/core/mem_stage/dcache.v:115]
WARNING: [Synth 8-6014] Unused sequential element way_valid_reg[0][5] was removed.  [Z:/Vega_cpu/src/cpu/core/mem_stage/dcache.v:115]
WARNING: [Synth 8-6014] Unused sequential element way_valid_reg[0][6] was removed.  [Z:/Vega_cpu/src/cpu/core/mem_stage/dcache.v:115]
WARNING: [Synth 8-6014] Unused sequential element way_valid_reg[0][7] was removed.  [Z:/Vega_cpu/src/cpu/core/mem_stage/dcache.v:115]
WARNING: [Synth 8-6014] Unused sequential element way_valid_reg[0][8] was removed.  [Z:/Vega_cpu/src/cpu/core/mem_stage/dcache.v:115]
WARNING: [Synth 8-6014] Unused sequential element way_valid_reg[0][9] was removed.  [Z:/Vega_cpu/src/cpu/core/mem_stage/dcache.v:115]
WARNING: [Synth 8-6014] Unused sequential element way_valid_reg[0][10] was removed.  [Z:/Vega_cpu/src/cpu/core/mem_stage/dcache.v:115]
WARNING: [Synth 8-6014] Unused sequential element way_valid_reg[0][11] was removed.  [Z:/Vega_cpu/src/cpu/core/mem_stage/dcache.v:115]
WARNING: [Synth 8-6014] Unused sequential element way_valid_reg[0][12] was removed.  [Z:/Vega_cpu/src/cpu/core/mem_stage/dcache.v:115]
WARNING: [Synth 8-6014] Unused sequential element way_valid_reg[0][13] was removed.  [Z:/Vega_cpu/src/cpu/core/mem_stage/dcache.v:115]
WARNING: [Synth 8-6014] Unused sequential element way_valid_reg[0][14] was removed.  [Z:/Vega_cpu/src/cpu/core/mem_stage/dcache.v:115]
WARNING: [Synth 8-6014] Unused sequential element way_valid_reg[0][15] was removed.  [Z:/Vega_cpu/src/cpu/core/mem_stage/dcache.v:115]
WARNING: [Synth 8-6014] Unused sequential element way_valid_reg[0][16] was removed.  [Z:/Vega_cpu/src/cpu/core/mem_stage/dcache.v:115]
WARNING: [Synth 8-6014] Unused sequential element way_valid_reg[0][17] was removed.  [Z:/Vega_cpu/src/cpu/core/mem_stage/dcache.v:115]
WARNING: [Synth 8-6014] Unused sequential element way_valid_reg[0][18] was removed.  [Z:/Vega_cpu/src/cpu/core/mem_stage/dcache.v:115]
WARNING: [Synth 8-6014] Unused sequential element way_valid_reg[0][19] was removed.  [Z:/Vega_cpu/src/cpu/core/mem_stage/dcache.v:115]
WARNING: [Synth 8-6014] Unused sequential element way_valid_reg[0][20] was removed.  [Z:/Vega_cpu/src/cpu/core/mem_stage/dcache.v:115]
WARNING: [Synth 8-6014] Unused sequential element way_valid_reg[0][21] was removed.  [Z:/Vega_cpu/src/cpu/core/mem_stage/dcache.v:115]
WARNING: [Synth 8-6014] Unused sequential element way_valid_reg[0][22] was removed.  [Z:/Vega_cpu/src/cpu/core/mem_stage/dcache.v:115]
WARNING: [Synth 8-6014] Unused sequential element way_valid_reg[0][23] was removed.  [Z:/Vega_cpu/src/cpu/core/mem_stage/dcache.v:115]
WARNING: [Synth 8-6014] Unused sequential element way_valid_reg[0][24] was removed.  [Z:/Vega_cpu/src/cpu/core/mem_stage/dcache.v:115]
WARNING: [Synth 8-6014] Unused sequential element way_valid_reg[0][25] was removed.  [Z:/Vega_cpu/src/cpu/core/mem_stage/dcache.v:115]
WARNING: [Synth 8-6014] Unused sequential element way_valid_reg[0][26] was removed.  [Z:/Vega_cpu/src/cpu/core/mem_stage/dcache.v:115]
WARNING: [Synth 8-6014] Unused sequential element way_valid_reg[0][27] was removed.  [Z:/Vega_cpu/src/cpu/core/mem_stage/dcache.v:115]
WARNING: [Synth 8-6014] Unused sequential element way_valid_reg[0][28] was removed.  [Z:/Vega_cpu/src/cpu/core/mem_stage/dcache.v:115]
WARNING: [Synth 8-6014] Unused sequential element way_valid_reg[0][29] was removed.  [Z:/Vega_cpu/src/cpu/core/mem_stage/dcache.v:115]
WARNING: [Synth 8-6014] Unused sequential element way_valid_reg[0][30] was removed.  [Z:/Vega_cpu/src/cpu/core/mem_stage/dcache.v:115]
WARNING: [Synth 8-6014] Unused sequential element way_valid_reg[0][31] was removed.  [Z:/Vega_cpu/src/cpu/core/mem_stage/dcache.v:115]
WARNING: [Synth 8-6014] Unused sequential element way_valid_reg[0][32] was removed.  [Z:/Vega_cpu/src/cpu/core/mem_stage/dcache.v:115]
WARNING: [Synth 8-6014] Unused sequential element way_valid_reg[0][33] was removed.  [Z:/Vega_cpu/src/cpu/core/mem_stage/dcache.v:115]
WARNING: [Synth 8-6014] Unused sequential element way_valid_reg[0][34] was removed.  [Z:/Vega_cpu/src/cpu/core/mem_stage/dcache.v:115]
WARNING: [Synth 8-6014] Unused sequential element way_valid_reg[0][35] was removed.  [Z:/Vega_cpu/src/cpu/core/mem_stage/dcache.v:115]
WARNING: [Synth 8-6014] Unused sequential element way_valid_reg[0][36] was removed.  [Z:/Vega_cpu/src/cpu/core/mem_stage/dcache.v:115]
WARNING: [Synth 8-6014] Unused sequential element way_valid_reg[0][37] was removed.  [Z:/Vega_cpu/src/cpu/core/mem_stage/dcache.v:115]
WARNING: [Synth 8-6014] Unused sequential element way_valid_reg[0][38] was removed.  [Z:/Vega_cpu/src/cpu/core/mem_stage/dcache.v:115]
WARNING: [Synth 8-6014] Unused sequential element way_valid_reg[0][39] was removed.  [Z:/Vega_cpu/src/cpu/core/mem_stage/dcache.v:115]
WARNING: [Synth 8-6014] Unused sequential element way_valid_reg[0][40] was removed.  [Z:/Vega_cpu/src/cpu/core/mem_stage/dcache.v:115]
WARNING: [Synth 8-6014] Unused sequential element way_valid_reg[0][41] was removed.  [Z:/Vega_cpu/src/cpu/core/mem_stage/dcache.v:115]
WARNING: [Synth 8-6014] Unused sequential element way_valid_reg[0][42] was removed.  [Z:/Vega_cpu/src/cpu/core/mem_stage/dcache.v:115]
WARNING: [Synth 8-6014] Unused sequential element way_valid_reg[0][43] was removed.  [Z:/Vega_cpu/src/cpu/core/mem_stage/dcache.v:115]
WARNING: [Synth 8-6014] Unused sequential element way_valid_reg[0][44] was removed.  [Z:/Vega_cpu/src/cpu/core/mem_stage/dcache.v:115]
WARNING: [Synth 8-6014] Unused sequential element way_valid_reg[0][45] was removed.  [Z:/Vega_cpu/src/cpu/core/mem_stage/dcache.v:115]
WARNING: [Synth 8-6014] Unused sequential element way_valid_reg[0][46] was removed.  [Z:/Vega_cpu/src/cpu/core/mem_stage/dcache.v:115]
WARNING: [Synth 8-6014] Unused sequential element way_valid_reg[0][47] was removed.  [Z:/Vega_cpu/src/cpu/core/mem_stage/dcache.v:115]
WARNING: [Synth 8-6014] Unused sequential element way_valid_reg[0][48] was removed.  [Z:/Vega_cpu/src/cpu/core/mem_stage/dcache.v:115]
WARNING: [Synth 8-6014] Unused sequential element way_valid_reg[0][49] was removed.  [Z:/Vega_cpu/src/cpu/core/mem_stage/dcache.v:115]
WARNING: [Synth 8-6014] Unused sequential element way_valid_reg[0][50] was removed.  [Z:/Vega_cpu/src/cpu/core/mem_stage/dcache.v:115]
WARNING: [Synth 8-6014] Unused sequential element way_valid_reg[0][51] was removed.  [Z:/Vega_cpu/src/cpu/core/mem_stage/dcache.v:115]
WARNING: [Synth 8-6014] Unused sequential element way_valid_reg[0][52] was removed.  [Z:/Vega_cpu/src/cpu/core/mem_stage/dcache.v:115]
WARNING: [Synth 8-6014] Unused sequential element way_valid_reg[0][53] was removed.  [Z:/Vega_cpu/src/cpu/core/mem_stage/dcache.v:115]
WARNING: [Synth 8-6014] Unused sequential element way_valid_reg[0][54] was removed.  [Z:/Vega_cpu/src/cpu/core/mem_stage/dcache.v:115]
WARNING: [Synth 8-6014] Unused sequential element way_valid_reg[0][55] was removed.  [Z:/Vega_cpu/src/cpu/core/mem_stage/dcache.v:115]
WARNING: [Synth 8-6014] Unused sequential element way_valid_reg[0][56] was removed.  [Z:/Vega_cpu/src/cpu/core/mem_stage/dcache.v:115]
WARNING: [Synth 8-6014] Unused sequential element way_valid_reg[0][57] was removed.  [Z:/Vega_cpu/src/cpu/core/mem_stage/dcache.v:115]
WARNING: [Synth 8-6014] Unused sequential element way_valid_reg[0][58] was removed.  [Z:/Vega_cpu/src/cpu/core/mem_stage/dcache.v:115]
WARNING: [Synth 8-6014] Unused sequential element way_valid_reg[0][59] was removed.  [Z:/Vega_cpu/src/cpu/core/mem_stage/dcache.v:115]
WARNING: [Synth 8-6014] Unused sequential element way_valid_reg[0][60] was removed.  [Z:/Vega_cpu/src/cpu/core/mem_stage/dcache.v:115]
WARNING: [Synth 8-6014] Unused sequential element way_valid_reg[0][61] was removed.  [Z:/Vega_cpu/src/cpu/core/mem_stage/dcache.v:115]
WARNING: [Synth 8-6014] Unused sequential element way_valid_reg[0][62] was removed.  [Z:/Vega_cpu/src/cpu/core/mem_stage/dcache.v:115]
WARNING: [Synth 8-6014] Unused sequential element way_valid_reg[0][63] was removed.  [Z:/Vega_cpu/src/cpu/core/mem_stage/dcache.v:115]
WARNING: [Synth 8-6014] Unused sequential element way_valid_reg[1][0] was removed.  [Z:/Vega_cpu/src/cpu/core/mem_stage/dcache.v:115]
WARNING: [Synth 8-6014] Unused sequential element way_valid_reg[1][1] was removed.  [Z:/Vega_cpu/src/cpu/core/mem_stage/dcache.v:115]
WARNING: [Synth 8-6014] Unused sequential element way_valid_reg[1][2] was removed.  [Z:/Vega_cpu/src/cpu/core/mem_stage/dcache.v:115]
WARNING: [Synth 8-6014] Unused sequential element way_valid_reg[1][3] was removed.  [Z:/Vega_cpu/src/cpu/core/mem_stage/dcache.v:115]
WARNING: [Synth 8-6014] Unused sequential element way_valid_reg[1][4] was removed.  [Z:/Vega_cpu/src/cpu/core/mem_stage/dcache.v:115]
WARNING: [Synth 8-6014] Unused sequential element way_valid_reg[1][5] was removed.  [Z:/Vega_cpu/src/cpu/core/mem_stage/dcache.v:115]
WARNING: [Synth 8-6014] Unused sequential element way_valid_reg[1][6] was removed.  [Z:/Vega_cpu/src/cpu/core/mem_stage/dcache.v:115]
WARNING: [Synth 8-6014] Unused sequential element way_valid_reg[1][7] was removed.  [Z:/Vega_cpu/src/cpu/core/mem_stage/dcache.v:115]
WARNING: [Synth 8-6014] Unused sequential element way_valid_reg[1][8] was removed.  [Z:/Vega_cpu/src/cpu/core/mem_stage/dcache.v:115]
WARNING: [Synth 8-6014] Unused sequential element way_valid_reg[1][9] was removed.  [Z:/Vega_cpu/src/cpu/core/mem_stage/dcache.v:115]
WARNING: [Synth 8-6014] Unused sequential element way_valid_reg[1][10] was removed.  [Z:/Vega_cpu/src/cpu/core/mem_stage/dcache.v:115]
WARNING: [Synth 8-6014] Unused sequential element way_valid_reg[1][11] was removed.  [Z:/Vega_cpu/src/cpu/core/mem_stage/dcache.v:115]
WARNING: [Synth 8-6014] Unused sequential element way_valid_reg[1][12] was removed.  [Z:/Vega_cpu/src/cpu/core/mem_stage/dcache.v:115]
WARNING: [Synth 8-6014] Unused sequential element way_valid_reg[1][13] was removed.  [Z:/Vega_cpu/src/cpu/core/mem_stage/dcache.v:115]
WARNING: [Synth 8-6014] Unused sequential element way_valid_reg[1][14] was removed.  [Z:/Vega_cpu/src/cpu/core/mem_stage/dcache.v:115]
WARNING: [Synth 8-6014] Unused sequential element way_valid_reg[1][15] was removed.  [Z:/Vega_cpu/src/cpu/core/mem_stage/dcache.v:115]
WARNING: [Synth 8-6014] Unused sequential element way_valid_reg[1][16] was removed.  [Z:/Vega_cpu/src/cpu/core/mem_stage/dcache.v:115]
WARNING: [Synth 8-6014] Unused sequential element way_valid_reg[1][17] was removed.  [Z:/Vega_cpu/src/cpu/core/mem_stage/dcache.v:115]
WARNING: [Synth 8-6014] Unused sequential element way_valid_reg[1][18] was removed.  [Z:/Vega_cpu/src/cpu/core/mem_stage/dcache.v:115]
WARNING: [Synth 8-6014] Unused sequential element way_valid_reg[1][19] was removed.  [Z:/Vega_cpu/src/cpu/core/mem_stage/dcache.v:115]
WARNING: [Synth 8-6014] Unused sequential element way_valid_reg[1][20] was removed.  [Z:/Vega_cpu/src/cpu/core/mem_stage/dcache.v:115]
WARNING: [Synth 8-6014] Unused sequential element way_valid_reg[1][21] was removed.  [Z:/Vega_cpu/src/cpu/core/mem_stage/dcache.v:115]
WARNING: [Synth 8-6014] Unused sequential element way_valid_reg[1][22] was removed.  [Z:/Vega_cpu/src/cpu/core/mem_stage/dcache.v:115]
WARNING: [Synth 8-6014] Unused sequential element way_valid_reg[1][23] was removed.  [Z:/Vega_cpu/src/cpu/core/mem_stage/dcache.v:115]
WARNING: [Synth 8-6014] Unused sequential element way_valid_reg[1][24] was removed.  [Z:/Vega_cpu/src/cpu/core/mem_stage/dcache.v:115]
WARNING: [Synth 8-6014] Unused sequential element way_valid_reg[1][25] was removed.  [Z:/Vega_cpu/src/cpu/core/mem_stage/dcache.v:115]
WARNING: [Synth 8-6014] Unused sequential element way_valid_reg[1][26] was removed.  [Z:/Vega_cpu/src/cpu/core/mem_stage/dcache.v:115]
WARNING: [Synth 8-6014] Unused sequential element way_valid_reg[1][27] was removed.  [Z:/Vega_cpu/src/cpu/core/mem_stage/dcache.v:115]
WARNING: [Synth 8-6014] Unused sequential element way_valid_reg[1][28] was removed.  [Z:/Vega_cpu/src/cpu/core/mem_stage/dcache.v:115]
WARNING: [Synth 8-6014] Unused sequential element way_valid_reg[1][29] was removed.  [Z:/Vega_cpu/src/cpu/core/mem_stage/dcache.v:115]
WARNING: [Synth 8-6014] Unused sequential element way_valid_reg[1][30] was removed.  [Z:/Vega_cpu/src/cpu/core/mem_stage/dcache.v:115]
WARNING: [Synth 8-6014] Unused sequential element way_valid_reg[1][31] was removed.  [Z:/Vega_cpu/src/cpu/core/mem_stage/dcache.v:115]
INFO: [Common 17-14] Message 'Synth 8-6014' appears 100 times and further instances of the messages will be disabled. Use the Tcl command set_msg_config to change the current settings.
WARNING: [Synth 8-7137] Register way_dirty_reg[0][0] in module dcache has both Set and reset with same priority. This may cause simulation mismatches. Consider rewriting code  [Z:/Vega_cpu/src/cpu/core/mem_stage/dcache.v:89]
WARNING: [Synth 8-7137] Register way_dirty_reg[0][1] in module dcache has both Set and reset with same priority. This may cause simulation mismatches. Consider rewriting code  [Z:/Vega_cpu/src/cpu/core/mem_stage/dcache.v:89]
WARNING: [Synth 8-7137] Register way_dirty_reg[0][2] in module dcache has both Set and reset with same priority. This may cause simulation mismatches. Consider rewriting code  [Z:/Vega_cpu/src/cpu/core/mem_stage/dcache.v:89]
WARNING: [Synth 8-7137] Register way_dirty_reg[0][3] in module dcache has both Set and reset with same priority. This may cause simulation mismatches. Consider rewriting code  [Z:/Vega_cpu/src/cpu/core/mem_stage/dcache.v:89]
WARNING: [Synth 8-7137] Register way_dirty_reg[0][4] in module dcache has both Set and reset with same priority. This may cause simulation mismatches. Consider rewriting code  [Z:/Vega_cpu/src/cpu/core/mem_stage/dcache.v:89]
WARNING: [Synth 8-7137] Register way_dirty_reg[0][5] in module dcache has both Set and reset with same priority. This may cause simulation mismatches. Consider rewriting code  [Z:/Vega_cpu/src/cpu/core/mem_stage/dcache.v:89]
WARNING: [Synth 8-7137] Register way_dirty_reg[0][6] in module dcache has both Set and reset with same priority. This may cause simulation mismatches. Consider rewriting code  [Z:/Vega_cpu/src/cpu/core/mem_stage/dcache.v:89]
WARNING: [Synth 8-7137] Register way_dirty_reg[0][7] in module dcache has both Set and reset with same priority. This may cause simulation mismatches. Consider rewriting code  [Z:/Vega_cpu/src/cpu/core/mem_stage/dcache.v:89]
WARNING: [Synth 8-7137] Register way_dirty_reg[0][8] in module dcache has both Set and reset with same priority. This may cause simulation mismatches. Consider rewriting code  [Z:/Vega_cpu/src/cpu/core/mem_stage/dcache.v:89]
WARNING: [Synth 8-7137] Register way_dirty_reg[0][9] in module dcache has both Set and reset with same priority. This may cause simulation mismatches. Consider rewriting code  [Z:/Vega_cpu/src/cpu/core/mem_stage/dcache.v:89]
WARNING: [Synth 8-7137] Register way_dirty_reg[0][10] in module dcache has both Set and reset with same priority. This may cause simulation mismatches. Consider rewriting code  [Z:/Vega_cpu/src/cpu/core/mem_stage/dcache.v:89]
WARNING: [Synth 8-7137] Register way_dirty_reg[0][11] in module dcache has both Set and reset with same priority. This may cause simulation mismatches. Consider rewriting code  [Z:/Vega_cpu/src/cpu/core/mem_stage/dcache.v:89]
WARNING: [Synth 8-7137] Register way_dirty_reg[0][12] in module dcache has both Set and reset with same priority. This may cause simulation mismatches. Consider rewriting code  [Z:/Vega_cpu/src/cpu/core/mem_stage/dcache.v:89]
WARNING: [Synth 8-7137] Register way_dirty_reg[0][13] in module dcache has both Set and reset with same priority. This may cause simulation mismatches. Consider rewriting code  [Z:/Vega_cpu/src/cpu/core/mem_stage/dcache.v:89]
WARNING: [Synth 8-7137] Register way_dirty_reg[0][14] in module dcache has both Set and reset with same priority. This may cause simulation mismatches. Consider rewriting code  [Z:/Vega_cpu/src/cpu/core/mem_stage/dcache.v:89]
WARNING: [Synth 8-7137] Register way_dirty_reg[0][15] in module dcache has both Set and reset with same priority. This may cause simulation mismatches. Consider rewriting code  [Z:/Vega_cpu/src/cpu/core/mem_stage/dcache.v:89]
WARNING: [Synth 8-7137] Register way_dirty_reg[0][16] in module dcache has both Set and reset with same priority. This may cause simulation mismatches. Consider rewriting code  [Z:/Vega_cpu/src/cpu/core/mem_stage/dcache.v:89]
WARNING: [Synth 8-7137] Register way_dirty_reg[0][17] in module dcache has both Set and reset with same priority. This may cause simulation mismatches. Consider rewriting code  [Z:/Vega_cpu/src/cpu/core/mem_stage/dcache.v:89]
WARNING: [Synth 8-7137] Register way_dirty_reg[0][18] in module dcache has both Set and reset with same priority. This may cause simulation mismatches. Consider rewriting code  [Z:/Vega_cpu/src/cpu/core/mem_stage/dcache.v:89]
WARNING: [Synth 8-7137] Register way_dirty_reg[0][19] in module dcache has both Set and reset with same priority. This may cause simulation mismatches. Consider rewriting code  [Z:/Vega_cpu/src/cpu/core/mem_stage/dcache.v:89]
WARNING: [Synth 8-7137] Register way_dirty_reg[0][20] in module dcache has both Set and reset with same priority. This may cause simulation mismatches. Consider rewriting code  [Z:/Vega_cpu/src/cpu/core/mem_stage/dcache.v:89]
WARNING: [Synth 8-7137] Register way_dirty_reg[0][21] in module dcache has both Set and reset with same priority. This may cause simulation mismatches. Consider rewriting code  [Z:/Vega_cpu/src/cpu/core/mem_stage/dcache.v:89]
WARNING: [Synth 8-7137] Register way_dirty_reg[0][22] in module dcache has both Set and reset with same priority. This may cause simulation mismatches. Consider rewriting code  [Z:/Vega_cpu/src/cpu/core/mem_stage/dcache.v:89]
WARNING: [Synth 8-7137] Register way_dirty_reg[0][23] in module dcache has both Set and reset with same priority. This may cause simulation mismatches. Consider rewriting code  [Z:/Vega_cpu/src/cpu/core/mem_stage/dcache.v:89]
WARNING: [Synth 8-7137] Register way_dirty_reg[0][24] in module dcache has both Set and reset with same priority. This may cause simulation mismatches. Consider rewriting code  [Z:/Vega_cpu/src/cpu/core/mem_stage/dcache.v:89]
WARNING: [Synth 8-7137] Register way_dirty_reg[0][25] in module dcache has both Set and reset with same priority. This may cause simulation mismatches. Consider rewriting code  [Z:/Vega_cpu/src/cpu/core/mem_stage/dcache.v:89]
WARNING: [Synth 8-7137] Register way_dirty_reg[0][26] in module dcache has both Set and reset with same priority. This may cause simulation mismatches. Consider rewriting code  [Z:/Vega_cpu/src/cpu/core/mem_stage/dcache.v:89]
WARNING: [Synth 8-7137] Register way_dirty_reg[0][27] in module dcache has both Set and reset with same priority. This may cause simulation mismatches. Consider rewriting code  [Z:/Vega_cpu/src/cpu/core/mem_stage/dcache.v:89]
WARNING: [Synth 8-7137] Register way_dirty_reg[0][28] in module dcache has both Set and reset with same priority. This may cause simulation mismatches. Consider rewriting code  [Z:/Vega_cpu/src/cpu/core/mem_stage/dcache.v:89]
WARNING: [Synth 8-7137] Register way_dirty_reg[0][29] in module dcache has both Set and reset with same priority. This may cause simulation mismatches. Consider rewriting code  [Z:/Vega_cpu/src/cpu/core/mem_stage/dcache.v:89]
WARNING: [Synth 8-7137] Register way_dirty_reg[0][30] in module dcache has both Set and reset with same priority. This may cause simulation mismatches. Consider rewriting code  [Z:/Vega_cpu/src/cpu/core/mem_stage/dcache.v:89]
WARNING: [Synth 8-7137] Register way_dirty_reg[0][31] in module dcache has both Set and reset with same priority. This may cause simulation mismatches. Consider rewriting code  [Z:/Vega_cpu/src/cpu/core/mem_stage/dcache.v:89]
WARNING: [Synth 8-7137] Register way_dirty_reg[0][32] in module dcache has both Set and reset with same priority. This may cause simulation mismatches. Consider rewriting code  [Z:/Vega_cpu/src/cpu/core/mem_stage/dcache.v:89]
WARNING: [Synth 8-7137] Register way_dirty_reg[0][33] in module dcache has both Set and reset with same priority. This may cause simulation mismatches. Consider rewriting code  [Z:/Vega_cpu/src/cpu/core/mem_stage/dcache.v:89]
WARNING: [Synth 8-7137] Register way_dirty_reg[0][34] in module dcache has both Set and reset with same priority. This may cause simulation mismatches. Consider rewriting code  [Z:/Vega_cpu/src/cpu/core/mem_stage/dcache.v:89]
WARNING: [Synth 8-7137] Register way_dirty_reg[0][35] in module dcache has both Set and reset with same priority. This may cause simulation mismatches. Consider rewriting code  [Z:/Vega_cpu/src/cpu/core/mem_stage/dcache.v:89]
WARNING: [Synth 8-7137] Register way_dirty_reg[0][36] in module dcache has both Set and reset with same priority. This may cause simulation mismatches. Consider rewriting code  [Z:/Vega_cpu/src/cpu/core/mem_stage/dcache.v:89]
WARNING: [Synth 8-7137] Register way_dirty_reg[0][37] in module dcache has both Set and reset with same priority. This may cause simulation mismatches. Consider rewriting code  [Z:/Vega_cpu/src/cpu/core/mem_stage/dcache.v:89]
WARNING: [Synth 8-7137] Register way_dirty_reg[0][38] in module dcache has both Set and reset with same priority. This may cause simulation mismatches. Consider rewriting code  [Z:/Vega_cpu/src/cpu/core/mem_stage/dcache.v:89]
WARNING: [Synth 8-7137] Register way_dirty_reg[0][39] in module dcache has both Set and reset with same priority. This may cause simulation mismatches. Consider rewriting code  [Z:/Vega_cpu/src/cpu/core/mem_stage/dcache.v:89]
WARNING: [Synth 8-7137] Register way_dirty_reg[0][40] in module dcache has both Set and reset with same priority. This may cause simulation mismatches. Consider rewriting code  [Z:/Vega_cpu/src/cpu/core/mem_stage/dcache.v:89]
WARNING: [Synth 8-7137] Register way_dirty_reg[0][41] in module dcache has both Set and reset with same priority. This may cause simulation mismatches. Consider rewriting code  [Z:/Vega_cpu/src/cpu/core/mem_stage/dcache.v:89]
WARNING: [Synth 8-7137] Register way_dirty_reg[0][42] in module dcache has both Set and reset with same priority. This may cause simulation mismatches. Consider rewriting code  [Z:/Vega_cpu/src/cpu/core/mem_stage/dcache.v:89]
WARNING: [Synth 8-7137] Register way_dirty_reg[0][43] in module dcache has both Set and reset with same priority. This may cause simulation mismatches. Consider rewriting code  [Z:/Vega_cpu/src/cpu/core/mem_stage/dcache.v:89]
WARNING: [Synth 8-7137] Register way_dirty_reg[0][44] in module dcache has both Set and reset with same priority. This may cause simulation mismatches. Consider rewriting code  [Z:/Vega_cpu/src/cpu/core/mem_stage/dcache.v:89]
WARNING: [Synth 8-7137] Register way_dirty_reg[0][45] in module dcache has both Set and reset with same priority. This may cause simulation mismatches. Consider rewriting code  [Z:/Vega_cpu/src/cpu/core/mem_stage/dcache.v:89]
WARNING: [Synth 8-7137] Register way_dirty_reg[0][46] in module dcache has both Set and reset with same priority. This may cause simulation mismatches. Consider rewriting code  [Z:/Vega_cpu/src/cpu/core/mem_stage/dcache.v:89]
WARNING: [Synth 8-7137] Register way_dirty_reg[0][47] in module dcache has both Set and reset with same priority. This may cause simulation mismatches. Consider rewriting code  [Z:/Vega_cpu/src/cpu/core/mem_stage/dcache.v:89]
WARNING: [Synth 8-7137] Register way_dirty_reg[0][48] in module dcache has both Set and reset with same priority. This may cause simulation mismatches. Consider rewriting code  [Z:/Vega_cpu/src/cpu/core/mem_stage/dcache.v:89]
WARNING: [Synth 8-7137] Register way_dirty_reg[0][49] in module dcache has both Set and reset with same priority. This may cause simulation mismatches. Consider rewriting code  [Z:/Vega_cpu/src/cpu/core/mem_stage/dcache.v:89]
WARNING: [Synth 8-7137] Register way_dirty_reg[0][50] in module dcache has both Set and reset with same priority. This may cause simulation mismatches. Consider rewriting code  [Z:/Vega_cpu/src/cpu/core/mem_stage/dcache.v:89]
WARNING: [Synth 8-7137] Register way_dirty_reg[0][51] in module dcache has both Set and reset with same priority. This may cause simulation mismatches. Consider rewriting code  [Z:/Vega_cpu/src/cpu/core/mem_stage/dcache.v:89]
WARNING: [Synth 8-7137] Register way_dirty_reg[0][52] in module dcache has both Set and reset with same priority. This may cause simulation mismatches. Consider rewriting code  [Z:/Vega_cpu/src/cpu/core/mem_stage/dcache.v:89]
WARNING: [Synth 8-7137] Register way_dirty_reg[0][53] in module dcache has both Set and reset with same priority. This may cause simulation mismatches. Consider rewriting code  [Z:/Vega_cpu/src/cpu/core/mem_stage/dcache.v:89]
WARNING: [Synth 8-7137] Register way_dirty_reg[0][54] in module dcache has both Set and reset with same priority. This may cause simulation mismatches. Consider rewriting code  [Z:/Vega_cpu/src/cpu/core/mem_stage/dcache.v:89]
WARNING: [Synth 8-7137] Register way_dirty_reg[0][55] in module dcache has both Set and reset with same priority. This may cause simulation mismatches. Consider rewriting code  [Z:/Vega_cpu/src/cpu/core/mem_stage/dcache.v:89]
WARNING: [Synth 8-7137] Register way_dirty_reg[0][56] in module dcache has both Set and reset with same priority. This may cause simulation mismatches. Consider rewriting code  [Z:/Vega_cpu/src/cpu/core/mem_stage/dcache.v:89]
WARNING: [Synth 8-7137] Register way_dirty_reg[0][57] in module dcache has both Set and reset with same priority. This may cause simulation mismatches. Consider rewriting code  [Z:/Vega_cpu/src/cpu/core/mem_stage/dcache.v:89]
WARNING: [Synth 8-7137] Register way_dirty_reg[0][58] in module dcache has both Set and reset with same priority. This may cause simulation mismatches. Consider rewriting code  [Z:/Vega_cpu/src/cpu/core/mem_stage/dcache.v:89]
WARNING: [Synth 8-7137] Register way_dirty_reg[0][59] in module dcache has both Set and reset with same priority. This may cause simulation mismatches. Consider rewriting code  [Z:/Vega_cpu/src/cpu/core/mem_stage/dcache.v:89]
WARNING: [Synth 8-7137] Register way_dirty_reg[0][60] in module dcache has both Set and reset with same priority. This may cause simulation mismatches. Consider rewriting code  [Z:/Vega_cpu/src/cpu/core/mem_stage/dcache.v:89]
WARNING: [Synth 8-7137] Register way_dirty_reg[0][61] in module dcache has both Set and reset with same priority. This may cause simulation mismatches. Consider rewriting code  [Z:/Vega_cpu/src/cpu/core/mem_stage/dcache.v:89]
WARNING: [Synth 8-7137] Register way_dirty_reg[0][62] in module dcache has both Set and reset with same priority. This may cause simulation mismatches. Consider rewriting code  [Z:/Vega_cpu/src/cpu/core/mem_stage/dcache.v:89]
WARNING: [Synth 8-7137] Register way_dirty_reg[0][63] in module dcache has both Set and reset with same priority. This may cause simulation mismatches. Consider rewriting code  [Z:/Vega_cpu/src/cpu/core/mem_stage/dcache.v:89]
WARNING: [Synth 8-7137] Register way_dirty_reg[1][0] in module dcache has both Set and reset with same priority. This may cause simulation mismatches. Consider rewriting code  [Z:/Vega_cpu/src/cpu/core/mem_stage/dcache.v:89]
WARNING: [Synth 8-7137] Register way_dirty_reg[1][1] in module dcache has both Set and reset with same priority. This may cause simulation mismatches. Consider rewriting code  [Z:/Vega_cpu/src/cpu/core/mem_stage/dcache.v:89]
WARNING: [Synth 8-7137] Register way_dirty_reg[1][2] in module dcache has both Set and reset with same priority. This may cause simulation mismatches. Consider rewriting code  [Z:/Vega_cpu/src/cpu/core/mem_stage/dcache.v:89]
WARNING: [Synth 8-7137] Register way_dirty_reg[1][3] in module dcache has both Set and reset with same priority. This may cause simulation mismatches. Consider rewriting code  [Z:/Vega_cpu/src/cpu/core/mem_stage/dcache.v:89]
WARNING: [Synth 8-7137] Register way_dirty_reg[1][4] in module dcache has both Set and reset with same priority. This may cause simulation mismatches. Consider rewriting code  [Z:/Vega_cpu/src/cpu/core/mem_stage/dcache.v:89]
WARNING: [Synth 8-7137] Register way_dirty_reg[1][5] in module dcache has both Set and reset with same priority. This may cause simulation mismatches. Consider rewriting code  [Z:/Vega_cpu/src/cpu/core/mem_stage/dcache.v:89]
WARNING: [Synth 8-7137] Register way_dirty_reg[1][6] in module dcache has both Set and reset with same priority. This may cause simulation mismatches. Consider rewriting code  [Z:/Vega_cpu/src/cpu/core/mem_stage/dcache.v:89]
WARNING: [Synth 8-7137] Register way_dirty_reg[1][7] in module dcache has both Set and reset with same priority. This may cause simulation mismatches. Consider rewriting code  [Z:/Vega_cpu/src/cpu/core/mem_stage/dcache.v:89]
WARNING: [Synth 8-7137] Register way_dirty_reg[1][8] in module dcache has both Set and reset with same priority. This may cause simulation mismatches. Consider rewriting code  [Z:/Vega_cpu/src/cpu/core/mem_stage/dcache.v:89]
WARNING: [Synth 8-7137] Register way_dirty_reg[1][9] in module dcache has both Set and reset with same priority. This may cause simulation mismatches. Consider rewriting code  [Z:/Vega_cpu/src/cpu/core/mem_stage/dcache.v:89]
WARNING: [Synth 8-7137] Register way_dirty_reg[1][10] in module dcache has both Set and reset with same priority. This may cause simulation mismatches. Consider rewriting code  [Z:/Vega_cpu/src/cpu/core/mem_stage/dcache.v:89]
WARNING: [Synth 8-7137] Register way_dirty_reg[1][11] in module dcache has both Set and reset with same priority. This may cause simulation mismatches. Consider rewriting code  [Z:/Vega_cpu/src/cpu/core/mem_stage/dcache.v:89]
WARNING: [Synth 8-7137] Register way_dirty_reg[1][12] in module dcache has both Set and reset with same priority. This may cause simulation mismatches. Consider rewriting code  [Z:/Vega_cpu/src/cpu/core/mem_stage/dcache.v:89]
WARNING: [Synth 8-7137] Register way_dirty_reg[1][13] in module dcache has both Set and reset with same priority. This may cause simulation mismatches. Consider rewriting code  [Z:/Vega_cpu/src/cpu/core/mem_stage/dcache.v:89]
WARNING: [Synth 8-7137] Register way_dirty_reg[1][14] in module dcache has both Set and reset with same priority. This may cause simulation mismatches. Consider rewriting code  [Z:/Vega_cpu/src/cpu/core/mem_stage/dcache.v:89]
WARNING: [Synth 8-7137] Register way_dirty_reg[1][15] in module dcache has both Set and reset with same priority. This may cause simulation mismatches. Consider rewriting code  [Z:/Vega_cpu/src/cpu/core/mem_stage/dcache.v:89]
WARNING: [Synth 8-7137] Register way_dirty_reg[1][16] in module dcache has both Set and reset with same priority. This may cause simulation mismatches. Consider rewriting code  [Z:/Vega_cpu/src/cpu/core/mem_stage/dcache.v:89]
WARNING: [Synth 8-7137] Register way_dirty_reg[1][17] in module dcache has both Set and reset with same priority. This may cause simulation mismatches. Consider rewriting code  [Z:/Vega_cpu/src/cpu/core/mem_stage/dcache.v:89]
WARNING: [Synth 8-7137] Register way_dirty_reg[1][18] in module dcache has both Set and reset with same priority. This may cause simulation mismatches. Consider rewriting code  [Z:/Vega_cpu/src/cpu/core/mem_stage/dcache.v:89]
WARNING: [Synth 8-7137] Register way_dirty_reg[1][19] in module dcache has both Set and reset with same priority. This may cause simulation mismatches. Consider rewriting code  [Z:/Vega_cpu/src/cpu/core/mem_stage/dcache.v:89]
INFO: [Common 17-14] Message 'Synth 8-7137' appears 100 times and further instances of the messages will be disabled. Use the Tcl command set_msg_config to change the current settings.
WARNING: [Synth 8-3848] Net data_out in module/entity dcache does not have driver. [Z:/Vega_cpu/src/cpu/core/mem_stage/dcache.v:17]
WARNING: [Synth 8-3848] Net hit in module/entity dcache does not have driver. [Z:/Vega_cpu/src/cpu/core/mem_stage/dcache.v:18]
WARNING: [Synth 8-3848] Net found in module/entity dcache does not have driver. [Z:/Vega_cpu/src/cpu/core/mem_stage/dcache.v:58]
WARNING: [Synth 8-3848] Net match_way in module/entity dcache does not have driver. [Z:/Vega_cpu/src/cpu/core/mem_stage/dcache.v:59]
WARNING: [Synth 8-3848] Net mem_wdata in module/entity dcache does not have driver. [Z:/Vega_cpu/src/cpu/core/mem_stage/dcache.v:21]
WARNING: [Synth 8-3848] Net mem_we in module/entity dcache does not have driver. [Z:/Vega_cpu/src/cpu/core/mem_stage/dcache.v:24]
INFO: [Synth 8-6155] done synthesizing module 'dcache' (16#1) [Z:/Vega_cpu/src/cpu/core/mem_stage/dcache.v:6]
WARNING: [Synth 8-6104] Input port 'dcache_data_out' has an internal driver [Z:/Vega_cpu/src/cpu/core/mem_stage/mem_stage.v:110]
WARNING: [Synth 8-6104] Input port 'dcache_hit' has an internal driver [Z:/Vega_cpu/src/cpu/core/mem_stage/mem_stage.v:111]
WARNING: [Synth 8-6104] Input port 'dcache_refill_done' has an internal driver [Z:/Vega_cpu/src/cpu/core/mem_stage/mem_stage.v:112]
WARNING: [Synth 8-6104] Input port 'dcache_writeback_req' has an internal driver [Z:/Vega_cpu/src/cpu/core/mem_stage/mem_stage.v:113]
WARNING: [Synth 8-6104] Input port 'dcache_writeback_addr' has an internal driver [Z:/Vega_cpu/src/cpu/core/mem_stage/mem_stage.v:114]
WARNING: [Synth 8-6104] Input port 'dcache_writeback_data' has an internal driver [Z:/Vega_cpu/src/cpu/core/mem_stage/mem_stage.v:115]
WARNING: [Synth 8-6104] Input port 'dcache_cache_stall' has an internal driver [Z:/Vega_cpu/src/cpu/core/mem_stage/mem_stage.v:116]
WARNING: [Synth 8-6104] Input port 'dcache_mem_req' has an internal driver [Z:/Vega_cpu/src/cpu/core/mem_stage/mem_stage.v:120]
WARNING: [Synth 8-6104] Input port 'dcache_mem_we' has an internal driver [Z:/Vega_cpu/src/cpu/core/mem_stage/mem_stage.v:121]
WARNING: [Synth 8-3848] Net dcache_mem_ready in module/entity mem_stage does not have driver. [Z:/Vega_cpu/src/cpu/core/mem_stage/mem_stage.v:67]
INFO: [Synth 8-6155] done synthesizing module 'mem_stage' (17#1) [Z:/Vega_cpu/src/cpu/core/mem_stage/mem_stage.v:7]
INFO: [Synth 8-6157] synthesizing module 'hazard_unit' [Z:/Vega_cpu/src/cpu/core/hazard_unit.v:6]
INFO: [Synth 8-6155] done synthesizing module 'hazard_unit' (18#1) [Z:/Vega_cpu/src/cpu/core/hazard_unit.v:6]
WARNING: [Synth 8-3848] Net dcache_writeback_addr in module/entity riscv_cpu does not have driver. [Z:/Vega_cpu/src/cpu/riscv_cpu.v:107]
WARNING: [Synth 8-3848] Net dcache_writeback_req in module/entity riscv_cpu does not have driver. [Z:/Vega_cpu/src/cpu/riscv_cpu.v:106]
WARNING: [Synth 8-3848] Net dcache_writeback_data in module/entity riscv_cpu does not have driver. [Z:/Vega_cpu/src/cpu/riscv_cpu.v:108]
WARNING: [Synth 8-3848] Net dcache_mem_req in module/entity riscv_cpu does not have driver. [Z:/Vega_cpu/src/cpu/riscv_cpu.v:113]
WARNING: [Synth 8-3848] Net dcache_mem_we in module/entity riscv_cpu does not have driver. [Z:/Vega_cpu/src/cpu/riscv_cpu.v:114]
WARNING: [Synth 8-3848] Net dcache_data_out in module/entity riscv_cpu does not have driver. [Z:/Vega_cpu/src/cpu/riscv_cpu.v:103]
WARNING: [Synth 8-3848] Net dcache_hit in module/entity riscv_cpu does not have driver. [Z:/Vega_cpu/src/cpu/riscv_cpu.v:104]
WARNING: [Synth 8-3848] Net dcache_refill_done in module/entity riscv_cpu does not have driver. [Z:/Vega_cpu/src/cpu/riscv_cpu.v:105]
WARNING: [Synth 8-3848] Net dcache_cache_stall in module/entity riscv_cpu does not have driver. [Z:/Vega_cpu/src/cpu/riscv_cpu.v:109]
WARNING: [Synth 8-3848] Net icache_addr in module/entity riscv_cpu does not have driver. [Z:/Vega_cpu/src/cpu/riscv_cpu.v:69]
WARNING: [Synth 8-3848] Net icache_req in module/entity riscv_cpu does not have driver. [Z:/Vega_cpu/src/cpu/riscv_cpu.v:70]
WARNING: [Synth 8-3848] Net icache_mem_data in module/entity riscv_cpu does not have driver. [Z:/Vega_cpu/src/cpu/riscv_cpu.v:74]
WARNING: [Synth 8-3848] Net icache_mem_ready in module/entity riscv_cpu does not have driver. [Z:/Vega_cpu/src/cpu/riscv_cpu.v:76]
INFO: [Synth 8-6155] done synthesizing module 'riscv_cpu' (19#1) [Z:/Vega_cpu/src/cpu/riscv_cpu.v:8]
INFO: [Synth 8-6155] done synthesizing module 'vega_soc_top' (20#1) [Z:/Vega_cpu/src/soc/vega_soc_top.v:1]
---------------------------------------------------------------------------------
Finished Synthesize : Time (s): cpu = 00:00:19 ; elapsed = 00:00:16 . Memory (MB): peak = 3633.445 ; gain = 0.000
---------------------------------------------------------------------------------
Copyright 1986-2022 Xilinx, Inc. All Rights Reserved. Copyright 2022-2025 Advanced Micro Devices, Inc. All Rights Reserved.
---------------------------------------------------------------------------------------------------------------------------------------------
| Tool Version : Vivado v.2025.2 (win64) Build 6299465 Fri Nov 14 19:35:11 GMT 2025
| Date         : Thu Apr 23 15:58:33 2026
| Host         : Station running 64-bit major release  (build 9200)
---------------------------------------------------------------------------------------------------------------------------------------------

RTL Linter Report

Table of Contents
-----------------
1. Summary

1. Summary
----------

+-----------+------------------+--------------+----------+
| Rule ID   | Severity         | # Violations | # Waived |
+-----------+------------------+--------------+----------+
| ASSIGN-5  | WARNING          | 23           | 0        |
| ASSIGN-6  | WARNING          | 41           | 0        |
| ASSIGN-7  | CRITICAL WARNING | 6            | 0        |
| ASSIGN-9  | WARNING          | 6            | 0        |
| ASSIGN-10 | WARNING          | 33           | 0        |
| INFER-2   | CRITICAL WARNING | 3            | 0        |
| RESET-2   | WARNING          | 2            | 0        |
+-----------+------------------+--------------+----------+


WARNING: [Synth 37-93] [ASSIGN-6]Signal 'signed_result' was assigned but not read. 
RTL Name 'signed_result', Hierarchy 'alu', File 'Z:/Vega_cpu/src/cpu/core/ex_stage/alu.v', Line 24.
WARNING: [Synth 37-125] [ASSIGN-10]Some bits in IO 'pc' are not read. First unread bit index is 0. 
RTL Name 'pc', Hierarchy 'bht', File 'bht.v', Line 10.
WARNING: [Synth 37-125] [ASSIGN-10]Some bits in IO 'read_en' are not read. First unread bit index is 0. 
RTL Name 'read_en', Hierarchy 'bht', File 'bht.v', Line 9.
WARNING: [Synth 37-125] [ASSIGN-10]Some bits in IO 'update_pc' are not read. First unread bit index is 0. 
RTL Name 'update_pc', Hierarchy 'bht', File 'bht.v', Line 17.
WARNING: [Synth 37-125] [ASSIGN-10]Some bits in IO 'pc' are not read. First unread bit index is 0. 
RTL Name 'pc', Hierarchy 'btb', File 'btb.v', Line 10.
WARNING: [Synth 37-125] [ASSIGN-10]Some bits in IO 'update_pc' are not read. First unread bit index is 0. 
RTL Name 'update_pc', Hierarchy 'btb', File 'btb.v', Line 17.
WARNING: [Synth 37-95] [ASSIGN-5]Found scalar variable(s) 'found' declared and are not set.
RTL Name 'found', Hierarchy 'dcache', File 'Z:/Vega_cpu/src/cpu/core/mem_stage/dcache.v', Line 58.
WARNING: [Synth 37-124] [ASSIGN-5]Some bits in 'ii' are not set. First unset bit index is 0. 
RTL Name 'ii', Hierarchy 'dcache', File 'dcache.v', Line 60.
WARNING: [Synth 37-124] [ASSIGN-5]Some bits in 'jj' are not set. First unset bit index is 0. 
RTL Name 'jj', Hierarchy 'dcache', File 'dcache.v', Line 60.
WARNING: [Synth 37-124] [ASSIGN-5]Some bits in 'kk' are not set. First unset bit index is 0. 
RTL Name 'kk', Hierarchy 'dcache', File 'dcache.v', Line 60.
WARNING: [Synth 37-124] [ASSIGN-5]Some bits in 'match_way' are not set. First unset bit index is 0. 
RTL Name 'match_way', Hierarchy 'dcache', File 'dcache.v', Line 59.
WARNING: [Synth 37-93] [ASSIGN-6]Signal 'offset' was assigned but not read. 
RTL Name 'offset', Hierarchy 'dcache', File 'Z:/Vega_cpu/src/cpu/core/mem_stage/dcache.v', Line 50.
WARNING: [Synth 37-126] [ASSIGN-9]Some bits in IO 'data_out' are not set. First unset bit index is 0. 
RTL Name 'data_out', Hierarchy 'dcache', File 'dcache.v', Line 17.
WARNING: [Synth 37-126] [ASSIGN-9]Some bits in IO 'hit' are not set. First unset bit index is 0. 
RTL Name 'hit', Hierarchy 'dcache', File 'dcache.v', Line 18.
WARNING: [Synth 37-126] [ASSIGN-9]Some bits in IO 'mem_wdata' are not set. First unset bit index is 0. 
RTL Name 'mem_wdata', Hierarchy 'dcache', File 'dcache.v', Line 21.
WARNING: [Synth 37-126] [ASSIGN-9]Some bits in IO 'mem_we' are not set. First unset bit index is 0. 
RTL Name 'mem_we', Hierarchy 'dcache', File 'dcache.v', Line 24.
WARNING: [Synth 37-125] [ASSIGN-10]Some bits in IO 'addr' are not read. First unread bit index is 0. 
RTL Name 'addr', Hierarchy 'dcache', File 'dcache.v', Line 10.
WARNING: [Synth 37-125] [ASSIGN-10]Some bits in IO 'be' are not read. First unread bit index is 0. 
RTL Name 'be', Hierarchy 'dcache', File 'dcache.v', Line 12.
WARNING: [Synth 37-125] [ASSIGN-10]Some bits in IO 'size' are not read. First unread bit index is 0. 
RTL Name 'size', Hierarchy 'dcache', File 'dcache.v', Line 15.
WARNING: [Synth 37-125] [ASSIGN-10]Some bits in IO 'wdata' are not read. First unread bit index is 0. 
RTL Name 'wdata', Hierarchy 'dcache', File 'dcache.v', Line 11.
CRITICAL WARNING: [Synth 37-75] [INFER-2]Case statement items not fully specified and does not have a default item. 
Hierarchy 'decoder', File 'Z:/Vega_cpu/src/cpu/core/id_stage/decoder.v', Line 72.
CRITICAL WARNING: [Synth 37-75] [INFER-2]Case statement items not fully specified and does not have a default item. 
Hierarchy 'decoder', File 'Z:/Vega_cpu/src/cpu/core/id_stage/decoder.v', Line 224.
CRITICAL WARNING: [Synth 37-75] [INFER-2]Case statement items not fully specified and does not have a default item. 
Hierarchy 'decoder', File 'Z:/Vega_cpu/src/cpu/core/id_stage/decoder.v', Line 70.
WARNING: [Synth 37-93] [ASSIGN-6]Signal 'alu_neg_w1' was assigned but not read. 
RTL Name 'alu_neg_w1', Hierarchy 'ex_stage', File 'Z:/Vega_cpu/src/cpu/core/ex_stage/ex_stage.v', Line 197.
WARNING: [Synth 37-93] [ASSIGN-6]Signal 'alu_neg_w2' was assigned but not read. 
RTL Name 'alu_neg_w2', Hierarchy 'ex_stage', File 'Z:/Vega_cpu/src/cpu/core/ex_stage/ex_stage.v', Line 198.
WARNING: [Synth 37-93] [ASSIGN-6]Signal 'alu_ovf_w1' was assigned but not read. 
RTL Name 'alu_ovf_w1', Hierarchy 'ex_stage', File 'Z:/Vega_cpu/src/cpu/core/ex_stage/ex_stage.v', Line 197.
WARNING: [Synth 37-93] [ASSIGN-6]Signal 'alu_ovf_w2' was assigned but not read. 
RTL Name 'alu_ovf_w2', Hierarchy 'ex_stage', File 'Z:/Vega_cpu/src/cpu/core/ex_stage/ex_stage.v', Line 198.
WARNING: [Synth 37-93] [ASSIGN-6]Signal 'alu_zero_w1' was assigned but not read. 
RTL Name 'alu_zero_w1', Hierarchy 'ex_stage', File 'Z:/Vega_cpu/src/cpu/core/ex_stage/ex_stage.v', Line 197.
WARNING: [Synth 37-93] [ASSIGN-6]Signal 'alu_zero_w2' was assigned but not read. 
RTL Name 'alu_zero_w2', Hierarchy 'ex_stage', File 'Z:/Vega_cpu/src/cpu/core/ex_stage/ex_stage.v', Line 198.
WARNING: [Synth 37-125] [ASSIGN-10]Some bits in IO 'is_branch_w2_i' are not read. First unread bit index is 0. 
RTL Name 'is_branch_w2_i', Hierarchy 'ex_stage', File 'ex_stage.v', Line 52.
WARNING: [Synth 37-125] [ASSIGN-10]Some bits in IO 'is_jump_w2_i' are not read. First unread bit index is 0. 
RTL Name 'is_jump_w2_i', Hierarchy 'ex_stage', File 'ex_stage.v', Line 53.
WARNING: [Synth 37-103] [RESET-2]Register valid_w1_o_reg in always/process block does not have asynchronous reset when one or more other signals do.
RTL Name 'valid_w1_o_reg', Hierarchy 'ex_stage', File 'Z:/Vega_cpu/src/cpu/core/ex_stage/ex_stage.v', Line 249.
WARNING: [Synth 37-125] [ASSIGN-10]Some bits in IO 'branch_taken_ex' are not read. First unread bit index is 0. 
RTL Name 'branch_taken_ex', Hierarchy 'hazard_unit', File 'hazard_unit.v', Line 37.
WARNING: [Synth 37-125] [ASSIGN-10]Some bits in IO 'clk' are not read. First unread bit index is 0. 
RTL Name 'clk', Hierarchy 'hazard_unit', File 'hazard_unit.v', Line 7.
WARNING: [Synth 37-125] [ASSIGN-10]Some bits in IO 'rd_addr_mem_w1' are not read. First unread bit index is 0. 
RTL Name 'rd_addr_mem_w1', Hierarchy 'hazard_unit', File 'hazard_unit.v', Line 31.
WARNING: [Synth 37-125] [ASSIGN-10]Some bits in IO 'rd_addr_mem_w2' are not read. First unread bit index is 0. 
RTL Name 'rd_addr_mem_w2', Hierarchy 'hazard_unit', File 'hazard_unit.v', Line 33.
WARNING: [Synth 37-125] [ASSIGN-10]Some bits in IO 'reg_write_en_ex_w1' are not read. First unread bit index is 0. 
RTL Name 'reg_write_en_ex_w1', Hierarchy 'hazard_unit', File 'hazard_unit.v', Line 24.
WARNING: [Synth 37-125] [ASSIGN-10]Some bits in IO 'reg_write_en_ex_w2' are not read. First unread bit index is 0. 
RTL Name 'reg_write_en_ex_w2', Hierarchy 'hazard_unit', File 'hazard_unit.v', Line 27.
WARNING: [Synth 37-125] [ASSIGN-10]Some bits in IO 'reg_write_en_mem_w1' are not read. First unread bit index is 0. 
RTL Name 'reg_write_en_mem_w1', Hierarchy 'hazard_unit', File 'hazard_unit.v', Line 32.
WARNING: [Synth 37-125] [ASSIGN-10]Some bits in IO 'reg_write_en_mem_w2' are not read. First unread bit index is 0. 
RTL Name 'reg_write_en_mem_w2', Hierarchy 'hazard_unit', File 'hazard_unit.v', Line 34.
WARNING: [Synth 37-125] [ASSIGN-10]Some bits in IO 'rst_n' are not read. First unread bit index is 0. 
RTL Name 'rst_n', Hierarchy 'hazard_unit', File 'hazard_unit.v', Line 8.
WARNING: [Synth 37-125] [ASSIGN-10]Some bits in IO 'addr' are not read. First unread bit index is 0. 
RTL Name 'addr', Hierarchy 'icache', File 'icache.v', Line 10.
WARNING: [Synth 37-123] [ASSIGN-6]Some bits in 'funct7_w1' are not read. First unread bit index is 0. 
RTL Name 'funct7_w1', Hierarchy 'id_stage', File 'id_stage.v', Line 88.
WARNING: [Synth 37-123] [ASSIGN-6]Some bits in 'funct7_w2' are not read. First unread bit index is 0. 
RTL Name 'funct7_w2', Hierarchy 'id_stage', File 'id_stage.v', Line 113.
WARNING: [Synth 37-93] [ASSIGN-6]Signal 'is_alu_imm_w1' was assigned but not read. 
RTL Name 'is_alu_imm_w1', Hierarchy 'id_stage', File 'Z:/Vega_cpu/src/cpu/core/id_stage/id_stage.v', Line 90.
WARNING: [Synth 37-93] [ASSIGN-6]Signal 'is_alu_imm_w2' was assigned but not read. 
RTL Name 'is_alu_imm_w2', Hierarchy 'id_stage', File 'Z:/Vega_cpu/src/cpu/core/id_stage/id_stage.v', Line 115.
WARNING: [Synth 37-93] [ASSIGN-6]Signal 'is_compressed_w1' was assigned but not read. 
RTL Name 'is_compressed_w1', Hierarchy 'id_stage', File 'Z:/Vega_cpu/src/cpu/core/id_stage/id_stage.v', Line 93.
WARNING: [Synth 37-93] [ASSIGN-6]Signal 'is_compressed_w2' was assigned but not read. 
RTL Name 'is_compressed_w2', Hierarchy 'id_stage', File 'Z:/Vega_cpu/src/cpu/core/id_stage/id_stage.v', Line 118.
WARNING: [Synth 37-103] [RESET-2]Register valid_w1_o_reg in always/process block does not have asynchronous reset when one or more other signals do.
RTL Name 'valid_w1_o_reg', Hierarchy 'id_stage', File 'Z:/Vega_cpu/src/cpu/core/id_stage/id_stage.v', Line 273.
WARNING: [Synth 37-93] [ASSIGN-6]Signal 'bht_counter' was assigned but not read. 
RTL Name 'bht_counter', Hierarchy 'if_stage', File 'Z:/Vega_cpu/src/cpu/core/if_stage/if_stage.v', Line 69.
WARNING: [Synth 37-123] [ASSIGN-6]Some bits in 'inst2_hw' are not read. First unread bit index is 2. 
RTL Name 'inst2_hw', Hierarchy 'if_stage', File 'if_stage.v', Line 93.
WARNING: [Synth 37-125] [ASSIGN-10]Some bits in IO 'uses_rs1_w1_i' are not read. First unread bit index is 0. 
RTL Name 'uses_rs1_w1_i', Hierarchy 'ii_stage', File 'ii_stage.v', Line 34.
WARNING: [Synth 37-125] [ASSIGN-10]Some bits in IO 'uses_rs2_w1_i' are not read. First unread bit index is 0. 
RTL Name 'uses_rs2_w1_i', Hierarchy 'ii_stage', File 'ii_stage.v', Line 35.
WARNING: [Synth 37-93] [ASSIGN-6]Signal 'size' was assigned but not read. 
RTL Name 'size', Hierarchy 'mem_stage', File 'Z:/Vega_cpu/src/cpu/core/mem_stage/mem_stage.v', Line 70.
CRITICAL WARNING: [Synth 37-96] [ASSIGN-7]Multiple assignments detected on signal 'dcache_cache_stall'.
RTL Name 'dcache_cache_stall', Hierarchy 'mem_stage', File 'Z:/Vega_cpu/src/cpu/core/mem_stage/mem_stage.v', Line 61.
CRITICAL WARNING: [Synth 37-96] [ASSIGN-7]Multiple assignments detected on signal 'dcache_mem_req'.
RTL Name 'dcache_mem_req', Hierarchy 'mem_stage', File 'Z:/Vega_cpu/src/cpu/core/mem_stage/mem_stage.v', Line 65.
CRITICAL WARNING: [Synth 37-96] [ASSIGN-7]Multiple assignments detected on signal 'dcache_refill_done'.
RTL Name 'dcache_refill_done', Hierarchy 'mem_stage', File 'Z:/Vega_cpu/src/cpu/core/mem_stage/mem_stage.v', Line 57.
CRITICAL WARNING: [Synth 37-90] [ASSIGN-7]Multiple assignments detected on array dcache_writeback_addr, first multi-driven bit index is 0.
RTL Name 'dcache_writeback_addr', Hierarchy 'mem_stage', File 'Z:/Vega_cpu/src/cpu/core/mem_stage/mem_stage.v', Line 59.
CRITICAL WARNING: [Synth 37-90] [ASSIGN-7]Multiple assignments detected on array dcache_writeback_data, first multi-driven bit index is 0.
RTL Name 'dcache_writeback_data', Hierarchy 'mem_stage', File 'Z:/Vega_cpu/src/cpu/core/mem_stage/mem_stage.v', Line 60.
CRITICAL WARNING: [Synth 37-96] [ASSIGN-7]Multiple assignments detected on signal 'dcache_writeback_req'.
RTL Name 'dcache_writeback_req', Hierarchy 'mem_stage', File 'Z:/Vega_cpu/src/cpu/core/mem_stage/mem_stage.v', Line 58.
WARNING: [Synth 37-126] [ASSIGN-9]Some bits in IO 'dcache_mem_ready' are not set. First unset bit index is 0. 
RTL Name 'dcache_mem_ready', Hierarchy 'mem_stage', File 'mem_stage.v', Line 67.
WARNING: [Synth 37-126] [ASSIGN-9]Some bits in IO 'dcache_mem_wdata' are not set. First unset bit index is 0. 
RTL Name 'dcache_mem_wdata', Hierarchy 'mem_stage', File 'mem_stage.v', Line 63.
WARNING: [Synth 37-125] [ASSIGN-10]Some bits in IO 'dcache_mem_req' are not read. First unread bit index is 0. 
RTL Name 'dcache_mem_req', Hierarchy 'mem_stage', File 'mem_stage.v', Line 65.
WARNING: [Synth 37-125] [ASSIGN-10]Some bits in IO 'dcache_mem_we' are not read. First unread bit index is 0. 
RTL Name 'dcache_mem_we', Hierarchy 'mem_stage', File 'mem_stage.v', Line 66.
WARNING: [Synth 37-125] [ASSIGN-10]Some bits in IO 'dcache_writeback_addr' are not read. First unread bit index is 0. 
RTL Name 'dcache_writeback_addr', Hierarchy 'mem_stage', File 'mem_stage.v', Line 59.
WARNING: [Synth 37-125] [ASSIGN-10]Some bits in IO 'dcache_writeback_data' are not read. First unread bit index is 0. 
RTL Name 'dcache_writeback_data', Hierarchy 'mem_stage', File 'mem_stage.v', Line 60.
WARNING: [Synth 37-125] [ASSIGN-10]Some bits in IO 'dcache_writeback_req' are not read. First unread bit index is 0. 
RTL Name 'dcache_writeback_req', Hierarchy 'mem_stage', File 'mem_stage.v', Line 58.
WARNING: [Synth 37-125] [ASSIGN-10]Some bits in IO 'pc_w1_i' are not read. First unread bit index is 0. 
RTL Name 'pc_w1_i', Hierarchy 'mem_stage', File 'mem_stage.v', Line 15.
WARNING: [Synth 37-95] [ASSIGN-5]Found scalar variable(s) 'dcache_cache_stall' declared and are not set.
RTL Name 'dcache_cache_stall', Hierarchy 'riscv_cpu', File 'Z:/Vega_cpu/src/cpu/riscv_cpu.v', Line 109.
WARNING: [Synth 37-124] [ASSIGN-5]Some bits in 'dcache_data_out' are not set. First unset bit index is 0. 
RTL Name 'dcache_data_out', Hierarchy 'riscv_cpu', File 'riscv_cpu.v', Line 103.
WARNING: [Synth 37-95] [ASSIGN-5]Found scalar variable(s) 'dcache_hit' declared and are not set.
RTL Name 'dcache_hit', Hierarchy 'riscv_cpu', File 'Z:/Vega_cpu/src/cpu/riscv_cpu.v', Line 104.
WARNING: [Synth 37-95] [ASSIGN-5]Found scalar variable(s) 'dcache_mem_req' declared and are not set.
RTL Name 'dcache_mem_req', Hierarchy 'riscv_cpu', File 'Z:/Vega_cpu/src/cpu/riscv_cpu.v', Line 113.
WARNING: [Synth 37-124] [ASSIGN-5]Some bits in 'dcache_mem_wdata' are not set. First unset bit index is 0. 
RTL Name 'dcache_mem_wdata', Hierarchy 'riscv_cpu', File 'riscv_cpu.v', Line 111.
WARNING: [Synth 37-95] [ASSIGN-5]Found scalar variable(s) 'dcache_mem_we' declared and are not set.
RTL Name 'dcache_mem_we', Hierarchy 'riscv_cpu', File 'Z:/Vega_cpu/src/cpu/riscv_cpu.v', Line 114.
WARNING: [Synth 37-95] [ASSIGN-5]Found scalar variable(s) 'dcache_refill_done' declared and are not set.
RTL Name 'dcache_refill_done', Hierarchy 'riscv_cpu', File 'Z:/Vega_cpu/src/cpu/riscv_cpu.v', Line 105.
WARNING: [Synth 37-124] [ASSIGN-5]Some bits in 'dcache_writeback_addr' are not set. First unset bit index is 0. 
RTL Name 'dcache_writeback_addr', Hierarchy 'riscv_cpu', File 'riscv_cpu.v', Line 107.
WARNING: [Synth 37-124] [ASSIGN-5]Some bits in 'dcache_writeback_data' are not set. First unset bit index is 0. 
RTL Name 'dcache_writeback_data', Hierarchy 'riscv_cpu', File 'riscv_cpu.v', Line 108.
WARNING: [Synth 37-95] [ASSIGN-5]Found scalar variable(s) 'dcache_writeback_req' declared and are not set.
RTL Name 'dcache_writeback_req', Hierarchy 'riscv_cpu', File 'Z:/Vega_cpu/src/cpu/riscv_cpu.v', Line 106.
WARNING: [Synth 37-124] [ASSIGN-5]Some bits in 'icache_addr' are not set. First unset bit index is 0. 
RTL Name 'icache_addr', Hierarchy 'riscv_cpu', File 'riscv_cpu.v', Line 69.
WARNING: [Synth 37-95] [ASSIGN-5]Found scalar variable(s) 'icache_hit_reg' declared and are not set.
RTL Name 'icache_hit_reg', Hierarchy 'riscv_cpu', File 'Z:/Vega_cpu/src/cpu/riscv_cpu.v', Line 79.
WARNING: [Synth 37-124] [ASSIGN-5]Some bits in 'icache_instr_window_out' are not set. First unset bit index is 0. 
RTL Name 'icache_instr_window_out', Hierarchy 'riscv_cpu', File 'riscv_cpu.v', Line 77.
WARNING: [Synth 37-124] [ASSIGN-5]Some bits in 'icache_mem_data' are not set. First unset bit index is 0. 
RTL Name 'icache_mem_data', Hierarchy 'riscv_cpu', File 'riscv_cpu.v', Line 74.
WARNING: [Synth 37-95] [ASSIGN-5]Found scalar variable(s) 'icache_mem_ready' declared and are not set.
RTL Name 'icache_mem_ready', Hierarchy 'riscv_cpu', File 'Z:/Vega_cpu/src/cpu/riscv_cpu.v', Line 76.
WARNING: [Synth 37-95] [ASSIGN-5]Found scalar variable(s) 'icache_req' declared and are not set.
RTL Name 'icache_req', Hierarchy 'riscv_cpu', File 'Z:/Vega_cpu/src/cpu/riscv_cpu.v', Line 70.
WARNING: [Synth 37-95] [ASSIGN-5]Found scalar variable(s) 'icache_window_valid' declared and are not set.
RTL Name 'icache_window_valid', Hierarchy 'riscv_cpu', File 'Z:/Vega_cpu/src/cpu/riscv_cpu.v', Line 78.
WARNING: [Synth 37-124] [ASSIGN-5]Some bits in 'mem_access_wdata' are not set. First unset bit index is 0. 
RTL Name 'mem_access_wdata', Hierarchy 'riscv_cpu', File 'riscv_cpu.v', Line 389.
WARNING: [Synth 37-93] [ASSIGN-6]Signal 'dcache_addr' was assigned but not read. 
RTL Name 'dcache_addr', Hierarchy 'riscv_cpu', File 'Z:/Vega_cpu/src/cpu/riscv_cpu.v', Line 97.
WARNING: [Synth 37-93] [ASSIGN-6]Signal 'dcache_mem_ready' was assigned but not read. 
RTL Name 'dcache_mem_ready', Hierarchy 'riscv_cpu', File 'Z:/Vega_cpu/src/cpu/riscv_cpu.v', Line 115.
WARNING: [Synth 37-93] [ASSIGN-6]Signal 'dcache_req' was assigned but not read. 
RTL Name 'dcache_req', Hierarchy 'riscv_cpu', File 'Z:/Vega_cpu/src/cpu/riscv_cpu.v', Line 100.
WARNING: [Synth 37-93] [ASSIGN-6]Signal 'dcache_size' was assigned but not read. 
RTL Name 'dcache_size', Hierarchy 'riscv_cpu', File 'Z:/Vega_cpu/src/cpu/riscv_cpu.v', Line 102.
WARNING: [Synth 37-93] [ASSIGN-6]Signal 'dcache_wdata' was assigned but not read. 
RTL Name 'dcache_wdata', Hierarchy 'riscv_cpu', File 'Z:/Vega_cpu/src/cpu/riscv_cpu.v', Line 98.
WARNING: [Synth 37-93] [ASSIGN-6]Signal 'dcache_we' was assigned but not read. 
RTL Name 'dcache_we', Hierarchy 'riscv_cpu', File 'Z:/Vega_cpu/src/cpu/riscv_cpu.v', Line 101.
WARNING: [Synth 37-93] [ASSIGN-6]Signal 'exmem_mr_w2' was assigned but not read. 
RTL Name 'exmem_mr_w2', Hierarchy 'riscv_cpu', File 'Z:/Vega_cpu/src/cpu/riscv_cpu.v', Line 327.
WARNING: [Synth 37-93] [ASSIGN-6]Signal 'exmem_msz_w2' was assigned but not read. 
RTL Name 'exmem_msz_w2', Hierarchy 'riscv_cpu', File 'Z:/Vega_cpu/src/cpu/riscv_cpu.v', Line 328.
WARNING: [Synth 37-93] [ASSIGN-6]Signal 'exmem_mw_w2' was assigned but not read. 
RTL Name 'exmem_mw_w2', Hierarchy 'riscv_cpu', File 'Z:/Vega_cpu/src/cpu/riscv_cpu.v', Line 327.
WARNING: [Synth 37-93] [ASSIGN-6]Signal 'exmem_pc_w2' was assigned but not read. 
RTL Name 'exmem_pc_w2', Hierarchy 'riscv_cpu', File 'Z:/Vega_cpu/src/cpu/riscv_cpu.v', Line 323.
WARNING: [Synth 37-93] [ASSIGN-6]Signal 'exmem_rs2_w2' was assigned but not read. 
RTL Name 'exmem_rs2_w2', Hierarchy 'riscv_cpu', File 'Z:/Vega_cpu/src/cpu/riscv_cpu.v', Line 325.
WARNING: [Synth 37-93] [ASSIGN-6]Signal 'icache_data_out' was assigned but not read. 
RTL Name 'icache_data_out', Hierarchy 'riscv_cpu', File 'Z:/Vega_cpu/src/cpu/riscv_cpu.v', Line 71.
WARNING: [Synth 37-93] [ASSIGN-6]Signal 'icache_hit' was assigned but not read. 
RTL Name 'icache_hit', Hierarchy 'riscv_cpu', File 'Z:/Vega_cpu/src/cpu/riscv_cpu.v', Line 72.
WARNING: [Synth 37-93] [ASSIGN-6]Signal 'icache_mem_addr' was assigned but not read. 
RTL Name 'icache_mem_addr', Hierarchy 'riscv_cpu', File 'Z:/Vega_cpu/src/cpu/riscv_cpu.v', Line 73.
WARNING: [Synth 37-93] [ASSIGN-6]Signal 'icache_mem_req' was assigned but not read. 
RTL Name 'icache_mem_req', Hierarchy 'riscv_cpu', File 'Z:/Vega_cpu/src/cpu/riscv_cpu.v', Line 75.
WARNING: [Synth 37-123] [ASSIGN-6]Some bits in 'mem_access_wdata' are not read. First unread bit index is 64. 
RTL Name 'mem_access_wdata', Hierarchy 'riscv_cpu', File 'riscv_cpu.v', Line 389.
WARNING: [Synth 37-93] [ASSIGN-6]Signal 'memwb_wbs_w2' was assigned but not read. 
RTL Name 'memwb_wbs_w2', Hierarchy 'riscv_cpu', File 'Z:/Vega_cpu/src/cpu/riscv_cpu.v', Line 412.
WARNING: [Synth 37-125] [ASSIGN-10]Some bits in IO 'debug_req' are not read. First unread bit index is 0. 
RTL Name 'debug_req', Hierarchy 'riscv_cpu', File 'riscv_cpu.v', Line 35.
WARNING: [Synth 37-125] [ASSIGN-10]Some bits in IO 'irq_external' are not read. First unread bit index is 0. 
RTL Name 'irq_external', Hierarchy 'riscv_cpu', File 'riscv_cpu.v', Line 29.
WARNING: [Synth 37-125] [ASSIGN-10]Some bits in IO 'irq_software' are not read. First unread bit index is 0. 
RTL Name 'irq_software', Hierarchy 'riscv_cpu', File 'riscv_cpu.v', Line 31.
WARNING: [Synth 37-125] [ASSIGN-10]Some bits in IO 'irq_timer' are not read. First unread bit index is 0. 
RTL Name 'irq_timer', Hierarchy 'riscv_cpu', File 'riscv_cpu.v', Line 30.
WARNING: [Synth 37-93] [ASSIGN-6]Signal 'axi_arready' was assigned but not read. 
RTL Name 'axi_arready', Hierarchy 'uart_adapter', File 'Z:/Vega_cpu/Project/Vega/Vega.srcs/sources_1/new/uart_adapter.v', Line 39.
WARNING: [Synth 37-93] [ASSIGN-6]Signal 'axi_awready' was assigned but not read. 
RTL Name 'axi_awready', Hierarchy 'uart_adapter', File 'Z:/Vega_cpu/Project/Vega/Vega.srcs/sources_1/new/uart_adapter.v', Line 23.
WARNING: [Synth 37-93] [ASSIGN-6]Signal 'axi_bresp' was assigned but not read. 
RTL Name 'axi_bresp', Hierarchy 'uart_adapter', File 'Z:/Vega_cpu/Project/Vega/Vega.srcs/sources_1/new/uart_adapter.v', Line 32.
WARNING: [Synth 37-93] [ASSIGN-6]Signal 'axi_rresp' was assigned but not read. 
RTL Name 'axi_rresp', Hierarchy 'uart_adapter', File 'Z:/Vega_cpu/Project/Vega/Vega.srcs/sources_1/new/uart_adapter.v', Line 43.
WARNING: [Synth 37-93] [ASSIGN-6]Signal 'axi_wready' was assigned but not read. 
RTL Name 'axi_wready', Hierarchy 'uart_adapter', File 'Z:/Vega_cpu/Project/Vega/Vega.srcs/sources_1/new/uart_adapter.v', Line 29.
WARNING: [Synth 37-93] [ASSIGN-6]Signal 'clk' was assigned but not read. 
RTL Name 'clk', Hierarchy 'vega_soc_top', File 'Z:/Vega_cpu/src/soc/vega_soc_top.v', Line 15.
WARNING: [Synth 37-123] [ASSIGN-6]Some bits in 'instr_addr' are not read. First unread bit index is 0. 
RTL Name 'instr_addr', Hierarchy 'vega_soc_top', File 'vega_soc_top.v', Line 17.
INFO: [Synth 37-85] Total of 114 linter message(s) generated.
INFO: [Synth 37-45] Linter Run Finished!
Synthesis Optimization Runtime : Time (s): cpu = 00:00:19 ; elapsed = 00:00:16 . Memory (MB): peak = 3633.445 ; gain = 0.000
INFO: [Common 17-83] Releasing license: Synthesis
54 Infos, 345 Warnings, 9 Critical Warnings and 0 Errors encountered.
synth_design completed successfully
synth_design: Time (s): cpu = 00:00:21 ; elapsed = 00:00:17 . Memory (MB): peak = 3633.445 ; gain = 0.000
reset_run synth_1
INFO: [Project 1-1161] Replacing file Z:/Vega_cpu/Project/Vega/Vega.srcs/utils_1/imports/synth_1/vega_soc_top.dcp with file Z:/Vega_cpu/Project/Vega/Vega.runs/synth_1/vega_soc_top.dcp
launch_runs synth_1 -jobs 24
[Thu Apr 23 15:59:26 2026] Launched synth_1...
Run output will be captured here: Z:/Vega_cpu/Project/Vega/Vega.runs/synth_1/runme.log
synth_design -top vega_soc_top -part xc7a200tfbg676-3 -lint 
Command: synth_design -top vega_soc_top -part xc7a200tfbg676-3 -lint
Starting synth_design
Attempting to get a license for feature 'Synthesis' and/or device 'xc7a200t'
INFO: [Common 17-349] Got license for feature 'Synthesis' and/or device 'xc7a200t'
INFO: [Synth 8-7079] Multithreading enabled for synth_design using a maximum of 2 processes.
---------------------------------------------------------------------------------
Starting Synthesize : Time (s): cpu = 00:00:10 ; elapsed = 00:00:09 . Memory (MB): peak = 3633.445 ; gain = 0.000
---------------------------------------------------------------------------------
Clean up Linter database...
WARNING: [Synth 8-6901] identifier 'way2_fetch_valid' is used before its declaration [Z:/Vega_cpu/src/cpu/core/if_stage/if_stage.v:108]
WARNING: [Synth 8-6901] identifier 'load_data' is used before its declaration [Z:/Vega_cpu/src/cpu/core/mem_stage/mem_stage.v:86]
WARNING: [Synth 8-6901] identifier 'load_data' is used before its declaration [Z:/Vega_cpu/src/cpu/core/mem_stage/mem_stage.v:88]
INFO: [Synth 8-6157] synthesizing module 'vega_soc_top' [Z:/Vega_cpu/src/soc/vega_soc_top.v:1]
INFO: [Synth 8-6157] synthesizing module 'reset_sync' [Z:/Vega_cpu/src/soc/reset/reset_sync.v:1]
INFO: [Synth 8-6155] done synthesizing module 'reset_sync' (1#1) [Z:/Vega_cpu/src/soc/reset/reset_sync.v:1]
INFO: [Synth 8-6157] synthesizing module 'boot_rom_ip' [Z:/Vega_cpu/Project/Vega/.Xil/Vivado-22444-Station/realtime/boot_rom_ip_stub.v:6]
INFO: [Synth 8-6155] done synthesizing module 'boot_rom_ip' (2#1) [Z:/Vega_cpu/Project/Vega/.Xil/Vivado-22444-Station/realtime/boot_rom_ip_stub.v:6]
WARNING: [Synth 8-689] width (32) of port connection 'addrb' does not match port width (12) of module 'boot_rom_ip' [Z:/Vega_cpu/src/soc/vega_soc_top.v:63]
INFO: [Synth 8-6157] synthesizing module 'data_ram_b' [Z:/Vega_cpu/Project/Vega/.Xil/Vivado-22444-Station/realtime/data_ram_b_stub.v:6]
INFO: [Synth 8-6155] done synthesizing module 'data_ram_b' (3#1) [Z:/Vega_cpu/Project/Vega/.Xil/Vivado-22444-Station/realtime/data_ram_b_stub.v:6]
INFO: [Synth 8-6157] synthesizing module 'uart_adapter' [Z:/Vega_cpu/Project/Vega/Vega.srcs/sources_1/new/uart_adapter.v:1]
INFO: [Synth 8-6157] synthesizing module 'axi_uartlite_0' [Z:/Vega_cpu/Project/Vega/.Xil/Vivado-22444-Station/realtime/axi_uartlite_0_stub.v:6]
INFO: [Synth 8-6155] done synthesizing module 'axi_uartlite_0' (4#1) [Z:/Vega_cpu/Project/Vega/.Xil/Vivado-22444-Station/realtime/axi_uartlite_0_stub.v:6]
WARNING: [Synth 8-689] width (32) of port connection 's_axi_awaddr' does not match port width (4) of module 'axi_uartlite_0' [Z:/Vega_cpu/Project/Vega/Vega.srcs/sources_1/new/uart_adapter.v:53]
WARNING: [Synth 8-689] width (32) of port connection 's_axi_araddr' does not match port width (4) of module 'axi_uartlite_0' [Z:/Vega_cpu/Project/Vega/Vega.srcs/sources_1/new/uart_adapter.v:69]
WARNING: [Synth 8-7137] Register axi_wdata_reg in module uart_adapter has both Set and reset with same priority. This may cause simulation mismatches. Consider rewriting code  [Z:/Vega_cpu/Project/Vega/Vega.srcs/sources_1/new/uart_adapter.v:58]
WARNING: [Synth 8-7137] Register axi_wstrb_reg in module uart_adapter has both Set and reset with same priority. This may cause simulation mismatches. Consider rewriting code  [Z:/Vega_cpu/Project/Vega/Vega.srcs/sources_1/new/uart_adapter.v:59]
WARNING: [Synth 8-7137] Register axi_wdata_reg in module uart_adapter has both Set and reset with same priority. This may cause simulation mismatches. Consider rewriting code  [Z:/Vega_cpu/Project/Vega/Vega.srcs/sources_1/new/uart_adapter.v:58]
WARNING: [Synth 8-7137] Register axi_wstrb_reg in module uart_adapter has both Set and reset with same priority. This may cause simulation mismatches. Consider rewriting code  [Z:/Vega_cpu/Project/Vega/Vega.srcs/sources_1/new/uart_adapter.v:59]
INFO: [Synth 8-6155] done synthesizing module 'uart_adapter' (5#1) [Z:/Vega_cpu/Project/Vega/Vega.srcs/sources_1/new/uart_adapter.v:1]
INFO: [Synth 8-6157] synthesizing module 'riscv_cpu' [Z:/Vega_cpu/src/cpu/riscv_cpu.v:8]
INFO: [Synth 8-6157] synthesizing module 'icache' [Z:/Vega_cpu/src/cpu/core/if_stage/icache.v:6]
WARNING: [Synth 8-6014] Unused sequential element found_reg was removed.  [Z:/Vega_cpu/src/cpu/core/if_stage/icache.v:63]
WARNING: [Synth 8-6014] Unused sequential element match_way_reg was removed.  [Z:/Vega_cpu/src/cpu/core/if_stage/icache.v:64]
WARNING: [Synth 8-7137] Register hit_reg in module icache has both Set and reset with same priority. This may cause simulation mismatches. Consider rewriting code  [Z:/Vega_cpu/src/cpu/core/if_stage/icache.v:60]
WARNING: [Synth 8-7137] Register data_out_reg in module icache has both Set and reset with same priority. This may cause simulation mismatches. Consider rewriting code  [Z:/Vega_cpu/src/cpu/core/if_stage/icache.v:73]
WARNING: [Synth 8-7137] Register instr_window_out_reg in module icache has both Set and reset with same priority. This may cause simulation mismatches. Consider rewriting code  [Z:/Vega_cpu/src/cpu/core/if_stage/icache.v:76]
WARNING: [Synth 8-7137] Register window_valid_reg in module icache has both Set and reset with same priority. This may cause simulation mismatches. Consider rewriting code  [Z:/Vega_cpu/src/cpu/core/if_stage/icache.v:85]
WARNING: [Synth 8-7137] Register mem_req_reg in module icache has both Set and reset with same priority. This may cause simulation mismatches. Consider rewriting code  [Z:/Vega_cpu/src/cpu/core/if_stage/icache.v:90]
WARNING: [Synth 8-7137] Register mem_addr_reg in module icache has both Set and reset with same priority. This may cause simulation mismatches. Consider rewriting code  [Z:/Vega_cpu/src/cpu/core/if_stage/icache.v:91]
WARNING: [Synth 8-7137] Register hit_reg in module icache has both Set and reset with same priority. This may cause simulation mismatches. Consider rewriting code  [Z:/Vega_cpu/src/cpu/core/if_stage/icache.v:60]
WARNING: [Synth 8-7137] Register data_out_reg in module icache has both Set and reset with same priority. This may cause simulation mismatches. Consider rewriting code  [Z:/Vega_cpu/src/cpu/core/if_stage/icache.v:73]
WARNING: [Synth 8-7137] Register instr_window_out_reg in module icache has both Set and reset with same priority. This may cause simulation mismatches. Consider rewriting code  [Z:/Vega_cpu/src/cpu/core/if_stage/icache.v:76]
WARNING: [Synth 8-7137] Register window_valid_reg in module icache has both Set and reset with same priority. This may cause simulation mismatches. Consider rewriting code  [Z:/Vega_cpu/src/cpu/core/if_stage/icache.v:85]
WARNING: [Synth 8-7137] Register mem_req_reg in module icache has both Set and reset with same priority. This may cause simulation mismatches. Consider rewriting code  [Z:/Vega_cpu/src/cpu/core/if_stage/icache.v:90]
WARNING: [Synth 8-7137] Register mem_addr_reg in module icache has both Set and reset with same priority. This may cause simulation mismatches. Consider rewriting code  [Z:/Vega_cpu/src/cpu/core/if_stage/icache.v:91]
INFO: [Synth 8-6155] done synthesizing module 'icache' (6#1) [Z:/Vega_cpu/src/cpu/core/if_stage/icache.v:6]
WARNING: [Synth 8-7071] port 'instr_window_out' of module 'icache' is unconnected for instance 'u_icache' [Z:/Vega_cpu/src/cpu/riscv_cpu.v:82]
WARNING: [Synth 8-7071] port 'window_valid' of module 'icache' is unconnected for instance 'u_icache' [Z:/Vega_cpu/src/cpu/riscv_cpu.v:82]
WARNING: [Synth 8-7023] instance 'u_icache' of module 'icache' has 12 connections declared, but only 10 given [Z:/Vega_cpu/src/cpu/riscv_cpu.v:82]
INFO: [Synth 8-6157] synthesizing module 'if_stage' [Z:/Vega_cpu/src/cpu/core/if_stage/if_stage.v:7]
	Parameter ADDR_WIDTH bound to: 64 - type: integer 
	Parameter DATA_WIDTH bound to: 32 - type: integer 
INFO: [Synth 8-6157] synthesizing module 'btb' [Z:/Vega_cpu/src/cpu/core/if_stage/btb.v:6]
WARNING: [Synth 8-6014] Unused sequential element found_reg was removed.  [Z:/Vega_cpu/src/cpu/core/if_stage/btb.v:55]
WARNING: [Synth 8-6014] Unused sequential element match_way_reg was removed.  [Z:/Vega_cpu/src/cpu/core/if_stage/btb.v:56]
INFO: [Synth 8-6155] done synthesizing module 'btb' (7#1) [Z:/Vega_cpu/src/cpu/core/if_stage/btb.v:6]
INFO: [Synth 8-6157] synthesizing module 'bht' [Z:/Vega_cpu/src/cpu/core/if_stage/bht.v:6]
INFO: [Synth 8-6155] done synthesizing module 'bht' (8#1) [Z:/Vega_cpu/src/cpu/core/if_stage/bht.v:6]
INFO: [Synth 8-6155] done synthesizing module 'if_stage' (9#1) [Z:/Vega_cpu/src/cpu/core/if_stage/if_stage.v:7]
INFO: [Synth 8-6157] synthesizing module 'id_stage' [Z:/Vega_cpu/src/cpu/core/id_stage/id_stage.v:7]
	Parameter DATA_WIDTH bound to: 64 - type: integer 
	Parameter ADDR_WIDTH bound to: 64 - type: integer 
	Parameter REG_ADDR_WIDTH bound to: 5 - type: integer 
INFO: [Synth 8-6157] synthesizing module 'decoder' [Z:/Vega_cpu/src/cpu/core/id_stage/decoder.v:6]
INFO: [Synth 8-155] case statement is not full and has no default [Z:/Vega_cpu/src/cpu/core/id_stage/decoder.v:72]
INFO: [Synth 8-155] case statement is not full and has no default [Z:/Vega_cpu/src/cpu/core/id_stage/decoder.v:224]
INFO: [Synth 8-155] case statement is not full and has no default [Z:/Vega_cpu/src/cpu/core/id_stage/decoder.v:70]
INFO: [Synth 8-6155] done synthesizing module 'decoder' (10#1) [Z:/Vega_cpu/src/cpu/core/id_stage/decoder.v:6]
INFO: [Synth 8-6155] done synthesizing module 'id_stage' (11#1) [Z:/Vega_cpu/src/cpu/core/id_stage/id_stage.v:7]
INFO: [Synth 8-6157] synthesizing module 'register_file' [Z:/Vega_cpu/src/cpu/core/id_stage/register_file.v:7]
	Parameter DATA_WIDTH bound to: 64 - type: integer 
	Parameter REG_COUNT bound to: 32 - type: integer 
	Parameter ADDR_WIDTH bound to: 5 - type: integer 
INFO: [Synth 8-6155] done synthesizing module 'register_file' (12#1) [Z:/Vega_cpu/src/cpu/core/id_stage/register_file.v:7]
INFO: [Synth 8-6157] synthesizing module 'ii_stage' [Z:/Vega_cpu/src/cpu/core/ii_stage/ii_stage.v:6]
	Parameter DATA_WIDTH bound to: 64 - type: integer 
	Parameter ADDR_WIDTH bound to: 64 - type: integer 
INFO: [Synth 8-6155] done synthesizing module 'ii_stage' (13#1) [Z:/Vega_cpu/src/cpu/core/ii_stage/ii_stage.v:6]
WARNING: [Synth 8-689] width (1) of port connection 'predict_target_o' does not match port width (64) of module 'ii_stage' [Z:/Vega_cpu/src/cpu/riscv_cpu.v:317]
INFO: [Synth 8-6157] synthesizing module 'ex_stage' [Z:/Vega_cpu/src/cpu/core/ex_stage/ex_stage.v:6]
	Parameter DATA_WIDTH bound to: 64 - type: integer 
	Parameter ADDR_WIDTH bound to: 64 - type: integer 
INFO: [Synth 8-226] default block is never used [Z:/Vega_cpu/src/cpu/core/ex_stage/ex_stage.v:142]
INFO: [Synth 8-6157] synthesizing module 'alu' [Z:/Vega_cpu/src/cpu/core/ex_stage/alu.v:12]
INFO: [Synth 8-6155] done synthesizing module 'alu' (14#1) [Z:/Vega_cpu/src/cpu/core/ex_stage/alu.v:12]
INFO: [Synth 8-6155] done synthesizing module 'ex_stage' (15#1) [Z:/Vega_cpu/src/cpu/core/ex_stage/ex_stage.v:6]
WARNING: [Synth 8-689] width (1) of port connection 'predict_target_i' does not match port width (64) of module 'ex_stage' [Z:/Vega_cpu/src/cpu/riscv_cpu.v:372]
INFO: [Synth 8-6157] synthesizing module 'mem_stage' [Z:/Vega_cpu/src/cpu/core/mem_stage/mem_stage.v:7]
	Parameter DATA_WIDTH bound to: 64 - type: integer 
	Parameter ADDR_WIDTH bound to: 64 - type: integer 
INFO: [Synth 8-6157] synthesizing module 'dcache' [Z:/Vega_cpu/src/cpu/core/mem_stage/dcache.v:6]
INFO: [Synth 8-155] case statement is not full and has no default [Z:/Vega_cpu/src/cpu/core/mem_stage/dcache.v:71]
WARNING: [Synth 8-6014] Unused sequential element way_valid_reg[0][0] was removed.  [Z:/Vega_cpu/src/cpu/core/mem_stage/dcache.v:115]
WARNING: [Synth 8-6014] Unused sequential element way_valid_reg[0][1] was removed.  [Z:/Vega_cpu/src/cpu/core/mem_stage/dcache.v:115]
WARNING: [Synth 8-6014] Unused sequential element way_valid_reg[0][2] was removed.  [Z:/Vega_cpu/src/cpu/core/mem_stage/dcache.v:115]
WARNING: [Synth 8-6014] Unused sequential element way_valid_reg[0][3] was removed.  [Z:/Vega_cpu/src/cpu/core/mem_stage/dcache.v:115]
WARNING: [Synth 8-6014] Unused sequential element way_valid_reg[0][4] was removed.  [Z:/Vega_cpu/src/cpu/core/mem_stage/dcache.v:115]
WARNING: [Synth 8-6014] Unused sequential element way_valid_reg[0][5] was removed.  [Z:/Vega_cpu/src/cpu/core/mem_stage/dcache.v:115]
WARNING: [Synth 8-6014] Unused sequential element way_valid_reg[0][6] was removed.  [Z:/Vega_cpu/src/cpu/core/mem_stage/dcache.v:115]
WARNING: [Synth 8-6014] Unused sequential element way_valid_reg[0][7] was removed.  [Z:/Vega_cpu/src/cpu/core/mem_stage/dcache.v:115]
WARNING: [Synth 8-6014] Unused sequential element way_valid_reg[0][8] was removed.  [Z:/Vega_cpu/src/cpu/core/mem_stage/dcache.v:115]
WARNING: [Synth 8-6014] Unused sequential element way_valid_reg[0][9] was removed.  [Z:/Vega_cpu/src/cpu/core/mem_stage/dcache.v:115]
WARNING: [Synth 8-6014] Unused sequential element way_valid_reg[0][10] was removed.  [Z:/Vega_cpu/src/cpu/core/mem_stage/dcache.v:115]
WARNING: [Synth 8-6014] Unused sequential element way_valid_reg[0][11] was removed.  [Z:/Vega_cpu/src/cpu/core/mem_stage/dcache.v:115]
WARNING: [Synth 8-6014] Unused sequential element way_valid_reg[0][12] was removed.  [Z:/Vega_cpu/src/cpu/core/mem_stage/dcache.v:115]
WARNING: [Synth 8-6014] Unused sequential element way_valid_reg[0][13] was removed.  [Z:/Vega_cpu/src/cpu/core/mem_stage/dcache.v:115]
WARNING: [Synth 8-6014] Unused sequential element way_valid_reg[0][14] was removed.  [Z:/Vega_cpu/src/cpu/core/mem_stage/dcache.v:115]
WARNING: [Synth 8-6014] Unused sequential element way_valid_reg[0][15] was removed.  [Z:/Vega_cpu/src/cpu/core/mem_stage/dcache.v:115]
WARNING: [Synth 8-6014] Unused sequential element way_valid_reg[0][16] was removed.  [Z:/Vega_cpu/src/cpu/core/mem_stage/dcache.v:115]
WARNING: [Synth 8-6014] Unused sequential element way_valid_reg[0][17] was removed.  [Z:/Vega_cpu/src/cpu/core/mem_stage/dcache.v:115]
WARNING: [Synth 8-6014] Unused sequential element way_valid_reg[0][18] was removed.  [Z:/Vega_cpu/src/cpu/core/mem_stage/dcache.v:115]
WARNING: [Synth 8-6014] Unused sequential element way_valid_reg[0][19] was removed.  [Z:/Vega_cpu/src/cpu/core/mem_stage/dcache.v:115]
WARNING: [Synth 8-6014] Unused sequential element way_valid_reg[0][20] was removed.  [Z:/Vega_cpu/src/cpu/core/mem_stage/dcache.v:115]
WARNING: [Synth 8-6014] Unused sequential element way_valid_reg[0][21] was removed.  [Z:/Vega_cpu/src/cpu/core/mem_stage/dcache.v:115]
WARNING: [Synth 8-6014] Unused sequential element way_valid_reg[0][22] was removed.  [Z:/Vega_cpu/src/cpu/core/mem_stage/dcache.v:115]
WARNING: [Synth 8-6014] Unused sequential element way_valid_reg[0][23] was removed.  [Z:/Vega_cpu/src/cpu/core/mem_stage/dcache.v:115]
WARNING: [Synth 8-6014] Unused sequential element way_valid_reg[0][24] was removed.  [Z:/Vega_cpu/src/cpu/core/mem_stage/dcache.v:115]
WARNING: [Synth 8-6014] Unused sequential element way_valid_reg[0][25] was removed.  [Z:/Vega_cpu/src/cpu/core/mem_stage/dcache.v:115]
WARNING: [Synth 8-6014] Unused sequential element way_valid_reg[0][26] was removed.  [Z:/Vega_cpu/src/cpu/core/mem_stage/dcache.v:115]
WARNING: [Synth 8-6014] Unused sequential element way_valid_reg[0][27] was removed.  [Z:/Vega_cpu/src/cpu/core/mem_stage/dcache.v:115]
WARNING: [Synth 8-6014] Unused sequential element way_valid_reg[0][28] was removed.  [Z:/Vega_cpu/src/cpu/core/mem_stage/dcache.v:115]
WARNING: [Synth 8-6014] Unused sequential element way_valid_reg[0][29] was removed.  [Z:/Vega_cpu/src/cpu/core/mem_stage/dcache.v:115]
WARNING: [Synth 8-6014] Unused sequential element way_valid_reg[0][30] was removed.  [Z:/Vega_cpu/src/cpu/core/mem_stage/dcache.v:115]
WARNING: [Synth 8-6014] Unused sequential element way_valid_reg[0][31] was removed.  [Z:/Vega_cpu/src/cpu/core/mem_stage/dcache.v:115]
WARNING: [Synth 8-6014] Unused sequential element way_valid_reg[0][32] was removed.  [Z:/Vega_cpu/src/cpu/core/mem_stage/dcache.v:115]
WARNING: [Synth 8-6014] Unused sequential element way_valid_reg[0][33] was removed.  [Z:/Vega_cpu/src/cpu/core/mem_stage/dcache.v:115]
WARNING: [Synth 8-6014] Unused sequential element way_valid_reg[0][34] was removed.  [Z:/Vega_cpu/src/cpu/core/mem_stage/dcache.v:115]
WARNING: [Synth 8-6014] Unused sequential element way_valid_reg[0][35] was removed.  [Z:/Vega_cpu/src/cpu/core/mem_stage/dcache.v:115]
WARNING: [Synth 8-6014] Unused sequential element way_valid_reg[0][36] was removed.  [Z:/Vega_cpu/src/cpu/core/mem_stage/dcache.v:115]
WARNING: [Synth 8-6014] Unused sequential element way_valid_reg[0][37] was removed.  [Z:/Vega_cpu/src/cpu/core/mem_stage/dcache.v:115]
WARNING: [Synth 8-6014] Unused sequential element way_valid_reg[0][38] was removed.  [Z:/Vega_cpu/src/cpu/core/mem_stage/dcache.v:115]
WARNING: [Synth 8-6014] Unused sequential element way_valid_reg[0][39] was removed.  [Z:/Vega_cpu/src/cpu/core/mem_stage/dcache.v:115]
WARNING: [Synth 8-6014] Unused sequential element way_valid_reg[0][40] was removed.  [Z:/Vega_cpu/src/cpu/core/mem_stage/dcache.v:115]
WARNING: [Synth 8-6014] Unused sequential element way_valid_reg[0][41] was removed.  [Z:/Vega_cpu/src/cpu/core/mem_stage/dcache.v:115]
WARNING: [Synth 8-6014] Unused sequential element way_valid_reg[0][42] was removed.  [Z:/Vega_cpu/src/cpu/core/mem_stage/dcache.v:115]
WARNING: [Synth 8-6014] Unused sequential element way_valid_reg[0][43] was removed.  [Z:/Vega_cpu/src/cpu/core/mem_stage/dcache.v:115]
WARNING: [Synth 8-6014] Unused sequential element way_valid_reg[0][44] was removed.  [Z:/Vega_cpu/src/cpu/core/mem_stage/dcache.v:115]
WARNING: [Synth 8-6014] Unused sequential element way_valid_reg[0][45] was removed.  [Z:/Vega_cpu/src/cpu/core/mem_stage/dcache.v:115]
WARNING: [Synth 8-6014] Unused sequential element way_valid_reg[0][46] was removed.  [Z:/Vega_cpu/src/cpu/core/mem_stage/dcache.v:115]
WARNING: [Synth 8-6014] Unused sequential element way_valid_reg[0][47] was removed.  [Z:/Vega_cpu/src/cpu/core/mem_stage/dcache.v:115]
WARNING: [Synth 8-6014] Unused sequential element way_valid_reg[0][48] was removed.  [Z:/Vega_cpu/src/cpu/core/mem_stage/dcache.v:115]
WARNING: [Synth 8-6014] Unused sequential element way_valid_reg[0][49] was removed.  [Z:/Vega_cpu/src/cpu/core/mem_stage/dcache.v:115]
WARNING: [Synth 8-6014] Unused sequential element way_valid_reg[0][50] was removed.  [Z:/Vega_cpu/src/cpu/core/mem_stage/dcache.v:115]
WARNING: [Synth 8-6014] Unused sequential element way_valid_reg[0][51] was removed.  [Z:/Vega_cpu/src/cpu/core/mem_stage/dcache.v:115]
WARNING: [Synth 8-6014] Unused sequential element way_valid_reg[0][52] was removed.  [Z:/Vega_cpu/src/cpu/core/mem_stage/dcache.v:115]
WARNING: [Synth 8-6014] Unused sequential element way_valid_reg[0][53] was removed.  [Z:/Vega_cpu/src/cpu/core/mem_stage/dcache.v:115]
WARNING: [Synth 8-6014] Unused sequential element way_valid_reg[0][54] was removed.  [Z:/Vega_cpu/src/cpu/core/mem_stage/dcache.v:115]
WARNING: [Synth 8-6014] Unused sequential element way_valid_reg[0][55] was removed.  [Z:/Vega_cpu/src/cpu/core/mem_stage/dcache.v:115]
WARNING: [Synth 8-6014] Unused sequential element way_valid_reg[0][56] was removed.  [Z:/Vega_cpu/src/cpu/core/mem_stage/dcache.v:115]
WARNING: [Synth 8-6014] Unused sequential element way_valid_reg[0][57] was removed.  [Z:/Vega_cpu/src/cpu/core/mem_stage/dcache.v:115]
WARNING: [Synth 8-6014] Unused sequential element way_valid_reg[0][58] was removed.  [Z:/Vega_cpu/src/cpu/core/mem_stage/dcache.v:115]
WARNING: [Synth 8-6014] Unused sequential element way_valid_reg[0][59] was removed.  [Z:/Vega_cpu/src/cpu/core/mem_stage/dcache.v:115]
WARNING: [Synth 8-6014] Unused sequential element way_valid_reg[0][60] was removed.  [Z:/Vega_cpu/src/cpu/core/mem_stage/dcache.v:115]
WARNING: [Synth 8-6014] Unused sequential element way_valid_reg[0][61] was removed.  [Z:/Vega_cpu/src/cpu/core/mem_stage/dcache.v:115]
WARNING: [Synth 8-6014] Unused sequential element way_valid_reg[0][62] was removed.  [Z:/Vega_cpu/src/cpu/core/mem_stage/dcache.v:115]
WARNING: [Synth 8-6014] Unused sequential element way_valid_reg[0][63] was removed.  [Z:/Vega_cpu/src/cpu/core/mem_stage/dcache.v:115]
WARNING: [Synth 8-6014] Unused sequential element way_valid_reg[1][0] was removed.  [Z:/Vega_cpu/src/cpu/core/mem_stage/dcache.v:115]
WARNING: [Synth 8-6014] Unused sequential element way_valid_reg[1][1] was removed.  [Z:/Vega_cpu/src/cpu/core/mem_stage/dcache.v:115]
WARNING: [Synth 8-6014] Unused sequential element way_valid_reg[1][2] was removed.  [Z:/Vega_cpu/src/cpu/core/mem_stage/dcache.v:115]
WARNING: [Synth 8-6014] Unused sequential element way_valid_reg[1][3] was removed.  [Z:/Vega_cpu/src/cpu/core/mem_stage/dcache.v:115]
WARNING: [Synth 8-6014] Unused sequential element way_valid_reg[1][4] was removed.  [Z:/Vega_cpu/src/cpu/core/mem_stage/dcache.v:115]
WARNING: [Synth 8-6014] Unused sequential element way_valid_reg[1][5] was removed.  [Z:/Vega_cpu/src/cpu/core/mem_stage/dcache.v:115]
WARNING: [Synth 8-6014] Unused sequential element way_valid_reg[1][6] was removed.  [Z:/Vega_cpu/src/cpu/core/mem_stage/dcache.v:115]
WARNING: [Synth 8-6014] Unused sequential element way_valid_reg[1][7] was removed.  [Z:/Vega_cpu/src/cpu/core/mem_stage/dcache.v:115]
WARNING: [Synth 8-6014] Unused sequential element way_valid_reg[1][8] was removed.  [Z:/Vega_cpu/src/cpu/core/mem_stage/dcache.v:115]
WARNING: [Synth 8-6014] Unused sequential element way_valid_reg[1][9] was removed.  [Z:/Vega_cpu/src/cpu/core/mem_stage/dcache.v:115]
WARNING: [Synth 8-6014] Unused sequential element way_valid_reg[1][10] was removed.  [Z:/Vega_cpu/src/cpu/core/mem_stage/dcache.v:115]
WARNING: [Synth 8-6014] Unused sequential element way_valid_reg[1][11] was removed.  [Z:/Vega_cpu/src/cpu/core/mem_stage/dcache.v:115]
WARNING: [Synth 8-6014] Unused sequential element way_valid_reg[1][12] was removed.  [Z:/Vega_cpu/src/cpu/core/mem_stage/dcache.v:115]
WARNING: [Synth 8-6014] Unused sequential element way_valid_reg[1][13] was removed.  [Z:/Vega_cpu/src/cpu/core/mem_stage/dcache.v:115]
WARNING: [Synth 8-6014] Unused sequential element way_valid_reg[1][14] was removed.  [Z:/Vega_cpu/src/cpu/core/mem_stage/dcache.v:115]
WARNING: [Synth 8-6014] Unused sequential element way_valid_reg[1][15] was removed.  [Z:/Vega_cpu/src/cpu/core/mem_stage/dcache.v:115]
WARNING: [Synth 8-6014] Unused sequential element way_valid_reg[1][16] was removed.  [Z:/Vega_cpu/src/cpu/core/mem_stage/dcache.v:115]
WARNING: [Synth 8-6014] Unused sequential element way_valid_reg[1][17] was removed.  [Z:/Vega_cpu/src/cpu/core/mem_stage/dcache.v:115]
WARNING: [Synth 8-6014] Unused sequential element way_valid_reg[1][18] was removed.  [Z:/Vega_cpu/src/cpu/core/mem_stage/dcache.v:115]
WARNING: [Synth 8-6014] Unused sequential element way_valid_reg[1][19] was removed.  [Z:/Vega_cpu/src/cpu/core/mem_stage/dcache.v:115]
WARNING: [Synth 8-6014] Unused sequential element way_valid_reg[1][20] was removed.  [Z:/Vega_cpu/src/cpu/core/mem_stage/dcache.v:115]
WARNING: [Synth 8-6014] Unused sequential element way_valid_reg[1][21] was removed.  [Z:/Vega_cpu/src/cpu/core/mem_stage/dcache.v:115]
WARNING: [Synth 8-6014] Unused sequential element way_valid_reg[1][22] was removed.  [Z:/Vega_cpu/src/cpu/core/mem_stage/dcache.v:115]
WARNING: [Synth 8-6014] Unused sequential element way_valid_reg[1][23] was removed.  [Z:/Vega_cpu/src/cpu/core/mem_stage/dcache.v:115]
WARNING: [Synth 8-6014] Unused sequential element way_valid_reg[1][24] was removed.  [Z:/Vega_cpu/src/cpu/core/mem_stage/dcache.v:115]
WARNING: [Synth 8-6014] Unused sequential element way_valid_reg[1][25] was removed.  [Z:/Vega_cpu/src/cpu/core/mem_stage/dcache.v:115]
WARNING: [Synth 8-6014] Unused sequential element way_valid_reg[1][26] was removed.  [Z:/Vega_cpu/src/cpu/core/mem_stage/dcache.v:115]
WARNING: [Synth 8-6014] Unused sequential element way_valid_reg[1][27] was removed.  [Z:/Vega_cpu/src/cpu/core/mem_stage/dcache.v:115]
WARNING: [Synth 8-6014] Unused sequential element way_valid_reg[1][28] was removed.  [Z:/Vega_cpu/src/cpu/core/mem_stage/dcache.v:115]
WARNING: [Synth 8-6014] Unused sequential element way_valid_reg[1][29] was removed.  [Z:/Vega_cpu/src/cpu/core/mem_stage/dcache.v:115]
WARNING: [Synth 8-6014] Unused sequential element way_valid_reg[1][30] was removed.  [Z:/Vega_cpu/src/cpu/core/mem_stage/dcache.v:115]
WARNING: [Synth 8-6014] Unused sequential element way_valid_reg[1][31] was removed.  [Z:/Vega_cpu/src/cpu/core/mem_stage/dcache.v:115]
INFO: [Common 17-14] Message 'Synth 8-6014' appears 100 times and further instances of the messages will be disabled. Use the Tcl command set_msg_config to change the current settings.
WARNING: [Synth 8-7137] Register way_dirty_reg[0][0] in module dcache has both Set and reset with same priority. This may cause simulation mismatches. Consider rewriting code  [Z:/Vega_cpu/src/cpu/core/mem_stage/dcache.v:89]
WARNING: [Synth 8-7137] Register way_dirty_reg[0][1] in module dcache has both Set and reset with same priority. This may cause simulation mismatches. Consider rewriting code  [Z:/Vega_cpu/src/cpu/core/mem_stage/dcache.v:89]
WARNING: [Synth 8-7137] Register way_dirty_reg[0][2] in module dcache has both Set and reset with same priority. This may cause simulation mismatches. Consider rewriting code  [Z:/Vega_cpu/src/cpu/core/mem_stage/dcache.v:89]
WARNING: [Synth 8-7137] Register way_dirty_reg[0][3] in module dcache has both Set and reset with same priority. This may cause simulation mismatches. Consider rewriting code  [Z:/Vega_cpu/src/cpu/core/mem_stage/dcache.v:89]
WARNING: [Synth 8-7137] Register way_dirty_reg[0][4] in module dcache has both Set and reset with same priority. This may cause simulation mismatches. Consider rewriting code  [Z:/Vega_cpu/src/cpu/core/mem_stage/dcache.v:89]
WARNING: [Synth 8-7137] Register way_dirty_reg[0][5] in module dcache has both Set and reset with same priority. This may cause simulation mismatches. Consider rewriting code  [Z:/Vega_cpu/src/cpu/core/mem_stage/dcache.v:89]
WARNING: [Synth 8-7137] Register way_dirty_reg[0][6] in module dcache has both Set and reset with same priority. This may cause simulation mismatches. Consider rewriting code  [Z:/Vega_cpu/src/cpu/core/mem_stage/dcache.v:89]
WARNING: [Synth 8-7137] Register way_dirty_reg[0][7] in module dcache has both Set and reset with same priority. This may cause simulation mismatches. Consider rewriting code  [Z:/Vega_cpu/src/cpu/core/mem_stage/dcache.v:89]
WARNING: [Synth 8-7137] Register way_dirty_reg[0][8] in module dcache has both Set and reset with same priority. This may cause simulation mismatches. Consider rewriting code  [Z:/Vega_cpu/src/cpu/core/mem_stage/dcache.v:89]
WARNING: [Synth 8-7137] Register way_dirty_reg[0][9] in module dcache has both Set and reset with same priority. This may cause simulation mismatches. Consider rewriting code  [Z:/Vega_cpu/src/cpu/core/mem_stage/dcache.v:89]
WARNING: [Synth 8-7137] Register way_dirty_reg[0][10] in module dcache has both Set and reset with same priority. This may cause simulation mismatches. Consider rewriting code  [Z:/Vega_cpu/src/cpu/core/mem_stage/dcache.v:89]
WARNING: [Synth 8-7137] Register way_dirty_reg[0][11] in module dcache has both Set and reset with same priority. This may cause simulation mismatches. Consider rewriting code  [Z:/Vega_cpu/src/cpu/core/mem_stage/dcache.v:89]
WARNING: [Synth 8-7137] Register way_dirty_reg[0][12] in module dcache has both Set and reset with same priority. This may cause simulation mismatches. Consider rewriting code  [Z:/Vega_cpu/src/cpu/core/mem_stage/dcache.v:89]
WARNING: [Synth 8-7137] Register way_dirty_reg[0][13] in module dcache has both Set and reset with same priority. This may cause simulation mismatches. Consider rewriting code  [Z:/Vega_cpu/src/cpu/core/mem_stage/dcache.v:89]
WARNING: [Synth 8-7137] Register way_dirty_reg[0][14] in module dcache has both Set and reset with same priority. This may cause simulation mismatches. Consider rewriting code  [Z:/Vega_cpu/src/cpu/core/mem_stage/dcache.v:89]
WARNING: [Synth 8-7137] Register way_dirty_reg[0][15] in module dcache has both Set and reset with same priority. This may cause simulation mismatches. Consider rewriting code  [Z:/Vega_cpu/src/cpu/core/mem_stage/dcache.v:89]
WARNING: [Synth 8-7137] Register way_dirty_reg[0][16] in module dcache has both Set and reset with same priority. This may cause simulation mismatches. Consider rewriting code  [Z:/Vega_cpu/src/cpu/core/mem_stage/dcache.v:89]
WARNING: [Synth 8-7137] Register way_dirty_reg[0][17] in module dcache has both Set and reset with same priority. This may cause simulation mismatches. Consider rewriting code  [Z:/Vega_cpu/src/cpu/core/mem_stage/dcache.v:89]
WARNING: [Synth 8-7137] Register way_dirty_reg[0][18] in module dcache has both Set and reset with same priority. This may cause simulation mismatches. Consider rewriting code  [Z:/Vega_cpu/src/cpu/core/mem_stage/dcache.v:89]
WARNING: [Synth 8-7137] Register way_dirty_reg[0][19] in module dcache has both Set and reset with same priority. This may cause simulation mismatches. Consider rewriting code  [Z:/Vega_cpu/src/cpu/core/mem_stage/dcache.v:89]
WARNING: [Synth 8-7137] Register way_dirty_reg[0][20] in module dcache has both Set and reset with same priority. This may cause simulation mismatches. Consider rewriting code  [Z:/Vega_cpu/src/cpu/core/mem_stage/dcache.v:89]
WARNING: [Synth 8-7137] Register way_dirty_reg[0][21] in module dcache has both Set and reset with same priority. This may cause simulation mismatches. Consider rewriting code  [Z:/Vega_cpu/src/cpu/core/mem_stage/dcache.v:89]
WARNING: [Synth 8-7137] Register way_dirty_reg[0][22] in module dcache has both Set and reset with same priority. This may cause simulation mismatches. Consider rewriting code  [Z:/Vega_cpu/src/cpu/core/mem_stage/dcache.v:89]
WARNING: [Synth 8-7137] Register way_dirty_reg[0][23] in module dcache has both Set and reset with same priority. This may cause simulation mismatches. Consider rewriting code  [Z:/Vega_cpu/src/cpu/core/mem_stage/dcache.v:89]
WARNING: [Synth 8-7137] Register way_dirty_reg[0][24] in module dcache has both Set and reset with same priority. This may cause simulation mismatches. Consider rewriting code  [Z:/Vega_cpu/src/cpu/core/mem_stage/dcache.v:89]
WARNING: [Synth 8-7137] Register way_dirty_reg[0][25] in module dcache has both Set and reset with same priority. This may cause simulation mismatches. Consider rewriting code  [Z:/Vega_cpu/src/cpu/core/mem_stage/dcache.v:89]
WARNING: [Synth 8-7137] Register way_dirty_reg[0][26] in module dcache has both Set and reset with same priority. This may cause simulation mismatches. Consider rewriting code  [Z:/Vega_cpu/src/cpu/core/mem_stage/dcache.v:89]
WARNING: [Synth 8-7137] Register way_dirty_reg[0][27] in module dcache has both Set and reset with same priority. This may cause simulation mismatches. Consider rewriting code  [Z:/Vega_cpu/src/cpu/core/mem_stage/dcache.v:89]
WARNING: [Synth 8-7137] Register way_dirty_reg[0][28] in module dcache has both Set and reset with same priority. This may cause simulation mismatches. Consider rewriting code  [Z:/Vega_cpu/src/cpu/core/mem_stage/dcache.v:89]
WARNING: [Synth 8-7137] Register way_dirty_reg[0][29] in module dcache has both Set and reset with same priority. This may cause simulation mismatches. Consider rewriting code  [Z:/Vega_cpu/src/cpu/core/mem_stage/dcache.v:89]
WARNING: [Synth 8-7137] Register way_dirty_reg[0][30] in module dcache has both Set and reset with same priority. This may cause simulation mismatches. Consider rewriting code  [Z:/Vega_cpu/src/cpu/core/mem_stage/dcache.v:89]
WARNING: [Synth 8-7137] Register way_dirty_reg[0][31] in module dcache has both Set and reset with same priority. This may cause simulation mismatches. Consider rewriting code  [Z:/Vega_cpu/src/cpu/core/mem_stage/dcache.v:89]
WARNING: [Synth 8-7137] Register way_dirty_reg[0][32] in module dcache has both Set and reset with same priority. This may cause simulation mismatches. Consider rewriting code  [Z:/Vega_cpu/src/cpu/core/mem_stage/dcache.v:89]
WARNING: [Synth 8-7137] Register way_dirty_reg[0][33] in module dcache has both Set and reset with same priority. This may cause simulation mismatches. Consider rewriting code  [Z:/Vega_cpu/src/cpu/core/mem_stage/dcache.v:89]
WARNING: [Synth 8-7137] Register way_dirty_reg[0][34] in module dcache has both Set and reset with same priority. This may cause simulation mismatches. Consider rewriting code  [Z:/Vega_cpu/src/cpu/core/mem_stage/dcache.v:89]
WARNING: [Synth 8-7137] Register way_dirty_reg[0][35] in module dcache has both Set and reset with same priority. This may cause simulation mismatches. Consider rewriting code  [Z:/Vega_cpu/src/cpu/core/mem_stage/dcache.v:89]
WARNING: [Synth 8-7137] Register way_dirty_reg[0][36] in module dcache has both Set and reset with same priority. This may cause simulation mismatches. Consider rewriting code  [Z:/Vega_cpu/src/cpu/core/mem_stage/dcache.v:89]
WARNING: [Synth 8-7137] Register way_dirty_reg[0][37] in module dcache has both Set and reset with same priority. This may cause simulation mismatches. Consider rewriting code  [Z:/Vega_cpu/src/cpu/core/mem_stage/dcache.v:89]
WARNING: [Synth 8-7137] Register way_dirty_reg[0][38] in module dcache has both Set and reset with same priority. This may cause simulation mismatches. Consider rewriting code  [Z:/Vega_cpu/src/cpu/core/mem_stage/dcache.v:89]
WARNING: [Synth 8-7137] Register way_dirty_reg[0][39] in module dcache has both Set and reset with same priority. This may cause simulation mismatches. Consider rewriting code  [Z:/Vega_cpu/src/cpu/core/mem_stage/dcache.v:89]
WARNING: [Synth 8-7137] Register way_dirty_reg[0][40] in module dcache has both Set and reset with same priority. This may cause simulation mismatches. Consider rewriting code  [Z:/Vega_cpu/src/cpu/core/mem_stage/dcache.v:89]
WARNING: [Synth 8-7137] Register way_dirty_reg[0][41] in module dcache has both Set and reset with same priority. This may cause simulation mismatches. Consider rewriting code  [Z:/Vega_cpu/src/cpu/core/mem_stage/dcache.v:89]
WARNING: [Synth 8-7137] Register way_dirty_reg[0][42] in module dcache has both Set and reset with same priority. This may cause simulation mismatches. Consider rewriting code  [Z:/Vega_cpu/src/cpu/core/mem_stage/dcache.v:89]
WARNING: [Synth 8-7137] Register way_dirty_reg[0][43] in module dcache has both Set and reset with same priority. This may cause simulation mismatches. Consider rewriting code  [Z:/Vega_cpu/src/cpu/core/mem_stage/dcache.v:89]
WARNING: [Synth 8-7137] Register way_dirty_reg[0][44] in module dcache has both Set and reset with same priority. This may cause simulation mismatches. Consider rewriting code  [Z:/Vega_cpu/src/cpu/core/mem_stage/dcache.v:89]
WARNING: [Synth 8-7137] Register way_dirty_reg[0][45] in module dcache has both Set and reset with same priority. This may cause simulation mismatches. Consider rewriting code  [Z:/Vega_cpu/src/cpu/core/mem_stage/dcache.v:89]
WARNING: [Synth 8-7137] Register way_dirty_reg[0][46] in module dcache has both Set and reset with same priority. This may cause simulation mismatches. Consider rewriting code  [Z:/Vega_cpu/src/cpu/core/mem_stage/dcache.v:89]
WARNING: [Synth 8-7137] Register way_dirty_reg[0][47] in module dcache has both Set and reset with same priority. This may cause simulation mismatches. Consider rewriting code  [Z:/Vega_cpu/src/cpu/core/mem_stage/dcache.v:89]
WARNING: [Synth 8-7137] Register way_dirty_reg[0][48] in module dcache has both Set and reset with same priority. This may cause simulation mismatches. Consider rewriting code  [Z:/Vega_cpu/src/cpu/core/mem_stage/dcache.v:89]
WARNING: [Synth 8-7137] Register way_dirty_reg[0][49] in module dcache has both Set and reset with same priority. This may cause simulation mismatches. Consider rewriting code  [Z:/Vega_cpu/src/cpu/core/mem_stage/dcache.v:89]
WARNING: [Synth 8-7137] Register way_dirty_reg[0][50] in module dcache has both Set and reset with same priority. This may cause simulation mismatches. Consider rewriting code  [Z:/Vega_cpu/src/cpu/core/mem_stage/dcache.v:89]
WARNING: [Synth 8-7137] Register way_dirty_reg[0][51] in module dcache has both Set and reset with same priority. This may cause simulation mismatches. Consider rewriting code  [Z:/Vega_cpu/src/cpu/core/mem_stage/dcache.v:89]
WARNING: [Synth 8-7137] Register way_dirty_reg[0][52] in module dcache has both Set and reset with same priority. This may cause simulation mismatches. Consider rewriting code  [Z:/Vega_cpu/src/cpu/core/mem_stage/dcache.v:89]
WARNING: [Synth 8-7137] Register way_dirty_reg[0][53] in module dcache has both Set and reset with same priority. This may cause simulation mismatches. Consider rewriting code  [Z:/Vega_cpu/src/cpu/core/mem_stage/dcache.v:89]
WARNING: [Synth 8-7137] Register way_dirty_reg[0][54] in module dcache has both Set and reset with same priority. This may cause simulation mismatches. Consider rewriting code  [Z:/Vega_cpu/src/cpu/core/mem_stage/dcache.v:89]
WARNING: [Synth 8-7137] Register way_dirty_reg[0][55] in module dcache has both Set and reset with same priority. This may cause simulation mismatches. Consider rewriting code  [Z:/Vega_cpu/src/cpu/core/mem_stage/dcache.v:89]
WARNING: [Synth 8-7137] Register way_dirty_reg[0][56] in module dcache has both Set and reset with same priority. This may cause simulation mismatches. Consider rewriting code  [Z:/Vega_cpu/src/cpu/core/mem_stage/dcache.v:89]
WARNING: [Synth 8-7137] Register way_dirty_reg[0][57] in module dcache has both Set and reset with same priority. This may cause simulation mismatches. Consider rewriting code  [Z:/Vega_cpu/src/cpu/core/mem_stage/dcache.v:89]
WARNING: [Synth 8-7137] Register way_dirty_reg[0][58] in module dcache has both Set and reset with same priority. This may cause simulation mismatches. Consider rewriting code  [Z:/Vega_cpu/src/cpu/core/mem_stage/dcache.v:89]
WARNING: [Synth 8-7137] Register way_dirty_reg[0][59] in module dcache has both Set and reset with same priority. This may cause simulation mismatches. Consider rewriting code  [Z:/Vega_cpu/src/cpu/core/mem_stage/dcache.v:89]
WARNING: [Synth 8-7137] Register way_dirty_reg[0][60] in module dcache has both Set and reset with same priority. This may cause simulation mismatches. Consider rewriting code  [Z:/Vega_cpu/src/cpu/core/mem_stage/dcache.v:89]
WARNING: [Synth 8-7137] Register way_dirty_reg[0][61] in module dcache has both Set and reset with same priority. This may cause simulation mismatches. Consider rewriting code  [Z:/Vega_cpu/src/cpu/core/mem_stage/dcache.v:89]
WARNING: [Synth 8-7137] Register way_dirty_reg[0][62] in module dcache has both Set and reset with same priority. This may cause simulation mismatches. Consider rewriting code  [Z:/Vega_cpu/src/cpu/core/mem_stage/dcache.v:89]
WARNING: [Synth 8-7137] Register way_dirty_reg[0][63] in module dcache has both Set and reset with same priority. This may cause simulation mismatches. Consider rewriting code  [Z:/Vega_cpu/src/cpu/core/mem_stage/dcache.v:89]
WARNING: [Synth 8-7137] Register way_dirty_reg[1][0] in module dcache has both Set and reset with same priority. This may cause simulation mismatches. Consider rewriting code  [Z:/Vega_cpu/src/cpu/core/mem_stage/dcache.v:89]
WARNING: [Synth 8-7137] Register way_dirty_reg[1][1] in module dcache has both Set and reset with same priority. This may cause simulation mismatches. Consider rewriting code  [Z:/Vega_cpu/src/cpu/core/mem_stage/dcache.v:89]
WARNING: [Synth 8-7137] Register way_dirty_reg[1][2] in module dcache has both Set and reset with same priority. This may cause simulation mismatches. Consider rewriting code  [Z:/Vega_cpu/src/cpu/core/mem_stage/dcache.v:89]
WARNING: [Synth 8-7137] Register way_dirty_reg[1][3] in module dcache has both Set and reset with same priority. This may cause simulation mismatches. Consider rewriting code  [Z:/Vega_cpu/src/cpu/core/mem_stage/dcache.v:89]
WARNING: [Synth 8-7137] Register way_dirty_reg[1][4] in module dcache has both Set and reset with same priority. This may cause simulation mismatches. Consider rewriting code  [Z:/Vega_cpu/src/cpu/core/mem_stage/dcache.v:89]
WARNING: [Synth 8-7137] Register way_dirty_reg[1][5] in module dcache has both Set and reset with same priority. This may cause simulation mismatches. Consider rewriting code  [Z:/Vega_cpu/src/cpu/core/mem_stage/dcache.v:89]
WARNING: [Synth 8-7137] Register way_dirty_reg[1][6] in module dcache has both Set and reset with same priority. This may cause simulation mismatches. Consider rewriting code  [Z:/Vega_cpu/src/cpu/core/mem_stage/dcache.v:89]
WARNING: [Synth 8-7137] Register way_dirty_reg[1][7] in module dcache has both Set and reset with same priority. This may cause simulation mismatches. Consider rewriting code  [Z:/Vega_cpu/src/cpu/core/mem_stage/dcache.v:89]
WARNING: [Synth 8-7137] Register way_dirty_reg[1][8] in module dcache has both Set and reset with same priority. This may cause simulation mismatches. Consider rewriting code  [Z:/Vega_cpu/src/cpu/core/mem_stage/dcache.v:89]
WARNING: [Synth 8-7137] Register way_dirty_reg[1][9] in module dcache has both Set and reset with same priority. This may cause simulation mismatches. Consider rewriting code  [Z:/Vega_cpu/src/cpu/core/mem_stage/dcache.v:89]
WARNING: [Synth 8-7137] Register way_dirty_reg[1][10] in module dcache has both Set and reset with same priority. This may cause simulation mismatches. Consider rewriting code  [Z:/Vega_cpu/src/cpu/core/mem_stage/dcache.v:89]
WARNING: [Synth 8-7137] Register way_dirty_reg[1][11] in module dcache has both Set and reset with same priority. This may cause simulation mismatches. Consider rewriting code  [Z:/Vega_cpu/src/cpu/core/mem_stage/dcache.v:89]
WARNING: [Synth 8-7137] Register way_dirty_reg[1][12] in module dcache has both Set and reset with same priority. This may cause simulation mismatches. Consider rewriting code  [Z:/Vega_cpu/src/cpu/core/mem_stage/dcache.v:89]
WARNING: [Synth 8-7137] Register way_dirty_reg[1][13] in module dcache has both Set and reset with same priority. This may cause simulation mismatches. Consider rewriting code  [Z:/Vega_cpu/src/cpu/core/mem_stage/dcache.v:89]
WARNING: [Synth 8-7137] Register way_dirty_reg[1][14] in module dcache has both Set and reset with same priority. This may cause simulation mismatches. Consider rewriting code  [Z:/Vega_cpu/src/cpu/core/mem_stage/dcache.v:89]
WARNING: [Synth 8-7137] Register way_dirty_reg[1][15] in module dcache has both Set and reset with same priority. This may cause simulation mismatches. Consider rewriting code  [Z:/Vega_cpu/src/cpu/core/mem_stage/dcache.v:89]
WARNING: [Synth 8-7137] Register way_dirty_reg[1][16] in module dcache has both Set and reset with same priority. This may cause simulation mismatches. Consider rewriting code  [Z:/Vega_cpu/src/cpu/core/mem_stage/dcache.v:89]
WARNING: [Synth 8-7137] Register way_dirty_reg[1][17] in module dcache has both Set and reset with same priority. This may cause simulation mismatches. Consider rewriting code  [Z:/Vega_cpu/src/cpu/core/mem_stage/dcache.v:89]
WARNING: [Synth 8-7137] Register way_dirty_reg[1][18] in module dcache has both Set and reset with same priority. This may cause simulation mismatches. Consider rewriting code  [Z:/Vega_cpu/src/cpu/core/mem_stage/dcache.v:89]
WARNING: [Synth 8-7137] Register way_dirty_reg[1][19] in module dcache has both Set and reset with same priority. This may cause simulation mismatches. Consider rewriting code  [Z:/Vega_cpu/src/cpu/core/mem_stage/dcache.v:89]
INFO: [Common 17-14] Message 'Synth 8-7137' appears 100 times and further instances of the messages will be disabled. Use the Tcl command set_msg_config to change the current settings.
WARNING: [Synth 8-3848] Net data_out in module/entity dcache does not have driver. [Z:/Vega_cpu/src/cpu/core/mem_stage/dcache.v:17]
WARNING: [Synth 8-3848] Net hit in module/entity dcache does not have driver. [Z:/Vega_cpu/src/cpu/core/mem_stage/dcache.v:18]
WARNING: [Synth 8-3848] Net found in module/entity dcache does not have driver. [Z:/Vega_cpu/src/cpu/core/mem_stage/dcache.v:58]
WARNING: [Synth 8-3848] Net match_way in module/entity dcache does not have driver. [Z:/Vega_cpu/src/cpu/core/mem_stage/dcache.v:59]
WARNING: [Synth 8-3848] Net mem_wdata in module/entity dcache does not have driver. [Z:/Vega_cpu/src/cpu/core/mem_stage/dcache.v:21]
WARNING: [Synth 8-3848] Net mem_we in module/entity dcache does not have driver. [Z:/Vega_cpu/src/cpu/core/mem_stage/dcache.v:24]
INFO: [Synth 8-6155] done synthesizing module 'dcache' (16#1) [Z:/Vega_cpu/src/cpu/core/mem_stage/dcache.v:6]
WARNING: [Synth 8-6104] Input port 'dcache_data_out' has an internal driver [Z:/Vega_cpu/src/cpu/core/mem_stage/mem_stage.v:110]
WARNING: [Synth 8-6104] Input port 'dcache_hit' has an internal driver [Z:/Vega_cpu/src/cpu/core/mem_stage/mem_stage.v:111]
WARNING: [Synth 8-6104] Input port 'dcache_refill_done' has an internal driver [Z:/Vega_cpu/src/cpu/core/mem_stage/mem_stage.v:112]
WARNING: [Synth 8-6104] Input port 'dcache_writeback_req' has an internal driver [Z:/Vega_cpu/src/cpu/core/mem_stage/mem_stage.v:113]
WARNING: [Synth 8-6104] Input port 'dcache_writeback_addr' has an internal driver [Z:/Vega_cpu/src/cpu/core/mem_stage/mem_stage.v:114]
WARNING: [Synth 8-6104] Input port 'dcache_writeback_data' has an internal driver [Z:/Vega_cpu/src/cpu/core/mem_stage/mem_stage.v:115]
WARNING: [Synth 8-6104] Input port 'dcache_cache_stall' has an internal driver [Z:/Vega_cpu/src/cpu/core/mem_stage/mem_stage.v:116]
WARNING: [Synth 8-6104] Input port 'dcache_mem_req' has an internal driver [Z:/Vega_cpu/src/cpu/core/mem_stage/mem_stage.v:120]
WARNING: [Synth 8-6104] Input port 'dcache_mem_we' has an internal driver [Z:/Vega_cpu/src/cpu/core/mem_stage/mem_stage.v:121]
WARNING: [Synth 8-3848] Net dcache_mem_ready in module/entity mem_stage does not have driver. [Z:/Vega_cpu/src/cpu/core/mem_stage/mem_stage.v:67]
INFO: [Synth 8-6155] done synthesizing module 'mem_stage' (17#1) [Z:/Vega_cpu/src/cpu/core/mem_stage/mem_stage.v:7]
INFO: [Synth 8-6157] synthesizing module 'hazard_unit' [Z:/Vega_cpu/src/cpu/core/hazard_unit.v:6]
INFO: [Synth 8-6155] done synthesizing module 'hazard_unit' (18#1) [Z:/Vega_cpu/src/cpu/core/hazard_unit.v:6]
WARNING: [Synth 8-3848] Net dcache_writeback_addr in module/entity riscv_cpu does not have driver. [Z:/Vega_cpu/src/cpu/riscv_cpu.v:107]
WARNING: [Synth 8-3848] Net dcache_writeback_req in module/entity riscv_cpu does not have driver. [Z:/Vega_cpu/src/cpu/riscv_cpu.v:106]
WARNING: [Synth 8-3848] Net dcache_writeback_data in module/entity riscv_cpu does not have driver. [Z:/Vega_cpu/src/cpu/riscv_cpu.v:108]
WARNING: [Synth 8-3848] Net dcache_mem_req in module/entity riscv_cpu does not have driver. [Z:/Vega_cpu/src/cpu/riscv_cpu.v:113]
WARNING: [Synth 8-3848] Net dcache_mem_we in module/entity riscv_cpu does not have driver. [Z:/Vega_cpu/src/cpu/riscv_cpu.v:114]
WARNING: [Synth 8-3848] Net dcache_data_out in module/entity riscv_cpu does not have driver. [Z:/Vega_cpu/src/cpu/riscv_cpu.v:103]
WARNING: [Synth 8-3848] Net dcache_hit in module/entity riscv_cpu does not have driver. [Z:/Vega_cpu/src/cpu/riscv_cpu.v:104]
WARNING: [Synth 8-3848] Net dcache_refill_done in module/entity riscv_cpu does not have driver. [Z:/Vega_cpu/src/cpu/riscv_cpu.v:105]
WARNING: [Synth 8-3848] Net dcache_cache_stall in module/entity riscv_cpu does not have driver. [Z:/Vega_cpu/src/cpu/riscv_cpu.v:109]
WARNING: [Synth 8-3848] Net icache_addr in module/entity riscv_cpu does not have driver. [Z:/Vega_cpu/src/cpu/riscv_cpu.v:69]
WARNING: [Synth 8-3848] Net icache_req in module/entity riscv_cpu does not have driver. [Z:/Vega_cpu/src/cpu/riscv_cpu.v:70]
WARNING: [Synth 8-3848] Net icache_mem_data in module/entity riscv_cpu does not have driver. [Z:/Vega_cpu/src/cpu/riscv_cpu.v:74]
WARNING: [Synth 8-3848] Net icache_mem_ready in module/entity riscv_cpu does not have driver. [Z:/Vega_cpu/src/cpu/riscv_cpu.v:76]
INFO: [Synth 8-6155] done synthesizing module 'riscv_cpu' (19#1) [Z:/Vega_cpu/src/cpu/riscv_cpu.v:8]
INFO: [Synth 8-6155] done synthesizing module 'vega_soc_top' (20#1) [Z:/Vega_cpu/src/soc/vega_soc_top.v:1]
---------------------------------------------------------------------------------
Finished Synthesize : Time (s): cpu = 00:00:20 ; elapsed = 00:00:19 . Memory (MB): peak = 3633.445 ; gain = 0.000
---------------------------------------------------------------------------------
Copyright 1986-2022 Xilinx, Inc. All Rights Reserved. Copyright 2022-2025 Advanced Micro Devices, Inc. All Rights Reserved.
---------------------------------------------------------------------------------------------------------------------------------------------
| Tool Version : Vivado v.2025.2 (win64) Build 6299465 Fri Nov 14 19:35:11 GMT 2025
| Date         : Thu Apr 23 15:59:49 2026
| Host         : Station running 64-bit major release  (build 9200)
---------------------------------------------------------------------------------------------------------------------------------------------

RTL Linter Report

Table of Contents
-----------------
1. Summary

1. Summary
----------

+-----------+------------------+--------------+----------+
| Rule ID   | Severity         | # Violations | # Waived |
+-----------+------------------+--------------+----------+
| ASSIGN-5  | WARNING          | 23           | 0        |
| ASSIGN-6  | WARNING          | 41           | 0        |
| ASSIGN-7  | CRITICAL WARNING | 6            | 0        |
| ASSIGN-9  | WARNING          | 6            | 0        |
| ASSIGN-10 | WARNING          | 33           | 0        |
| INFER-2   | CRITICAL WARNING | 3            | 0        |
| RESET-2   | WARNING          | 2            | 0        |
+-----------+------------------+--------------+----------+


WARNING: [Synth 37-93] [ASSIGN-6]Signal 'signed_result' was assigned but not read. 
RTL Name 'signed_result', Hierarchy 'alu', File 'Z:/Vega_cpu/src/cpu/core/ex_stage/alu.v', Line 24.
WARNING: [Synth 37-125] [ASSIGN-10]Some bits in IO 'pc' are not read. First unread bit index is 0. 
RTL Name 'pc', Hierarchy 'bht', File 'bht.v', Line 10.
WARNING: [Synth 37-125] [ASSIGN-10]Some bits in IO 'read_en' are not read. First unread bit index is 0. 
RTL Name 'read_en', Hierarchy 'bht', File 'bht.v', Line 9.
WARNING: [Synth 37-125] [ASSIGN-10]Some bits in IO 'update_pc' are not read. First unread bit index is 0. 
RTL Name 'update_pc', Hierarchy 'bht', File 'bht.v', Line 17.
WARNING: [Synth 37-125] [ASSIGN-10]Some bits in IO 'pc' are not read. First unread bit index is 0. 
RTL Name 'pc', Hierarchy 'btb', File 'btb.v', Line 10.
WARNING: [Synth 37-125] [ASSIGN-10]Some bits in IO 'update_pc' are not read. First unread bit index is 0. 
RTL Name 'update_pc', Hierarchy 'btb', File 'btb.v', Line 17.
WARNING: [Synth 37-95] [ASSIGN-5]Found scalar variable(s) 'found' declared and are not set.
RTL Name 'found', Hierarchy 'dcache', File 'Z:/Vega_cpu/src/cpu/core/mem_stage/dcache.v', Line 58.
WARNING: [Synth 37-124] [ASSIGN-5]Some bits in 'ii' are not set. First unset bit index is 0. 
RTL Name 'ii', Hierarchy 'dcache', File 'dcache.v', Line 60.
WARNING: [Synth 37-124] [ASSIGN-5]Some bits in 'jj' are not set. First unset bit index is 0. 
RTL Name 'jj', Hierarchy 'dcache', File 'dcache.v', Line 60.
WARNING: [Synth 37-124] [ASSIGN-5]Some bits in 'kk' are not set. First unset bit index is 0. 
RTL Name 'kk', Hierarchy 'dcache', File 'dcache.v', Line 60.
WARNING: [Synth 37-124] [ASSIGN-5]Some bits in 'match_way' are not set. First unset bit index is 0. 
RTL Name 'match_way', Hierarchy 'dcache', File 'dcache.v', Line 59.
WARNING: [Synth 37-93] [ASSIGN-6]Signal 'offset' was assigned but not read. 
RTL Name 'offset', Hierarchy 'dcache', File 'Z:/Vega_cpu/src/cpu/core/mem_stage/dcache.v', Line 50.
WARNING: [Synth 37-126] [ASSIGN-9]Some bits in IO 'data_out' are not set. First unset bit index is 0. 
RTL Name 'data_out', Hierarchy 'dcache', File 'dcache.v', Line 17.
WARNING: [Synth 37-126] [ASSIGN-9]Some bits in IO 'hit' are not set. First unset bit index is 0. 
RTL Name 'hit', Hierarchy 'dcache', File 'dcache.v', Line 18.
WARNING: [Synth 37-126] [ASSIGN-9]Some bits in IO 'mem_wdata' are not set. First unset bit index is 0. 
RTL Name 'mem_wdata', Hierarchy 'dcache', File 'dcache.v', Line 21.
WARNING: [Synth 37-126] [ASSIGN-9]Some bits in IO 'mem_we' are not set. First unset bit index is 0. 
RTL Name 'mem_we', Hierarchy 'dcache', File 'dcache.v', Line 24.
WARNING: [Synth 37-125] [ASSIGN-10]Some bits in IO 'addr' are not read. First unread bit index is 0. 
RTL Name 'addr', Hierarchy 'dcache', File 'dcache.v', Line 10.
WARNING: [Synth 37-125] [ASSIGN-10]Some bits in IO 'be' are not read. First unread bit index is 0. 
RTL Name 'be', Hierarchy 'dcache', File 'dcache.v', Line 12.
WARNING: [Synth 37-125] [ASSIGN-10]Some bits in IO 'size' are not read. First unread bit index is 0. 
RTL Name 'size', Hierarchy 'dcache', File 'dcache.v', Line 15.
WARNING: [Synth 37-125] [ASSIGN-10]Some bits in IO 'wdata' are not read. First unread bit index is 0. 
RTL Name 'wdata', Hierarchy 'dcache', File 'dcache.v', Line 11.
CRITICAL WARNING: [Synth 37-75] [INFER-2]Case statement items not fully specified and does not have a default item. 
Hierarchy 'decoder', File 'Z:/Vega_cpu/src/cpu/core/id_stage/decoder.v', Line 72.
CRITICAL WARNING: [Synth 37-75] [INFER-2]Case statement items not fully specified and does not have a default item. 
Hierarchy 'decoder', File 'Z:/Vega_cpu/src/cpu/core/id_stage/decoder.v', Line 224.
CRITICAL WARNING: [Synth 37-75] [INFER-2]Case statement items not fully specified and does not have a default item. 
Hierarchy 'decoder', File 'Z:/Vega_cpu/src/cpu/core/id_stage/decoder.v', Line 70.
WARNING: [Synth 37-93] [ASSIGN-6]Signal 'alu_neg_w1' was assigned but not read. 
RTL Name 'alu_neg_w1', Hierarchy 'ex_stage', File 'Z:/Vega_cpu/src/cpu/core/ex_stage/ex_stage.v', Line 197.
WARNING: [Synth 37-93] [ASSIGN-6]Signal 'alu_neg_w2' was assigned but not read. 
RTL Name 'alu_neg_w2', Hierarchy 'ex_stage', File 'Z:/Vega_cpu/src/cpu/core/ex_stage/ex_stage.v', Line 198.
WARNING: [Synth 37-93] [ASSIGN-6]Signal 'alu_ovf_w1' was assigned but not read. 
RTL Name 'alu_ovf_w1', Hierarchy 'ex_stage', File 'Z:/Vega_cpu/src/cpu/core/ex_stage/ex_stage.v', Line 197.
WARNING: [Synth 37-93] [ASSIGN-6]Signal 'alu_ovf_w2' was assigned but not read. 
RTL Name 'alu_ovf_w2', Hierarchy 'ex_stage', File 'Z:/Vega_cpu/src/cpu/core/ex_stage/ex_stage.v', Line 198.
WARNING: [Synth 37-93] [ASSIGN-6]Signal 'alu_zero_w1' was assigned but not read. 
RTL Name 'alu_zero_w1', Hierarchy 'ex_stage', File 'Z:/Vega_cpu/src/cpu/core/ex_stage/ex_stage.v', Line 197.
WARNING: [Synth 37-93] [ASSIGN-6]Signal 'alu_zero_w2' was assigned but not read. 
RTL Name 'alu_zero_w2', Hierarchy 'ex_stage', File 'Z:/Vega_cpu/src/cpu/core/ex_stage/ex_stage.v', Line 198.
WARNING: [Synth 37-125] [ASSIGN-10]Some bits in IO 'is_branch_w2_i' are not read. First unread bit index is 0. 
RTL Name 'is_branch_w2_i', Hierarchy 'ex_stage', File 'ex_stage.v', Line 52.
WARNING: [Synth 37-125] [ASSIGN-10]Some bits in IO 'is_jump_w2_i' are not read. First unread bit index is 0. 
RTL Name 'is_jump_w2_i', Hierarchy 'ex_stage', File 'ex_stage.v', Line 53.
WARNING: [Synth 37-103] [RESET-2]Register valid_w1_o_reg in always/process block does not have asynchronous reset when one or more other signals do.
RTL Name 'valid_w1_o_reg', Hierarchy 'ex_stage', File 'Z:/Vega_cpu/src/cpu/core/ex_stage/ex_stage.v', Line 249.
WARNING: [Synth 37-125] [ASSIGN-10]Some bits in IO 'branch_taken_ex' are not read. First unread bit index is 0. 
RTL Name 'branch_taken_ex', Hierarchy 'hazard_unit', File 'hazard_unit.v', Line 37.
WARNING: [Synth 37-125] [ASSIGN-10]Some bits in IO 'clk' are not read. First unread bit index is 0. 
RTL Name 'clk', Hierarchy 'hazard_unit', File 'hazard_unit.v', Line 7.
WARNING: [Synth 37-125] [ASSIGN-10]Some bits in IO 'rd_addr_mem_w1' are not read. First unread bit index is 0. 
RTL Name 'rd_addr_mem_w1', Hierarchy 'hazard_unit', File 'hazard_unit.v', Line 31.
WARNING: [Synth 37-125] [ASSIGN-10]Some bits in IO 'rd_addr_mem_w2' are not read. First unread bit index is 0. 
RTL Name 'rd_addr_mem_w2', Hierarchy 'hazard_unit', File 'hazard_unit.v', Line 33.
WARNING: [Synth 37-125] [ASSIGN-10]Some bits in IO 'reg_write_en_ex_w1' are not read. First unread bit index is 0. 
RTL Name 'reg_write_en_ex_w1', Hierarchy 'hazard_unit', File 'hazard_unit.v', Line 24.
WARNING: [Synth 37-125] [ASSIGN-10]Some bits in IO 'reg_write_en_ex_w2' are not read. First unread bit index is 0. 
RTL Name 'reg_write_en_ex_w2', Hierarchy 'hazard_unit', File 'hazard_unit.v', Line 27.
WARNING: [Synth 37-125] [ASSIGN-10]Some bits in IO 'reg_write_en_mem_w1' are not read. First unread bit index is 0. 
RTL Name 'reg_write_en_mem_w1', Hierarchy 'hazard_unit', File 'hazard_unit.v', Line 32.
WARNING: [Synth 37-125] [ASSIGN-10]Some bits in IO 'reg_write_en_mem_w2' are not read. First unread bit index is 0. 
RTL Name 'reg_write_en_mem_w2', Hierarchy 'hazard_unit', File 'hazard_unit.v', Line 34.
WARNING: [Synth 37-125] [ASSIGN-10]Some bits in IO 'rst_n' are not read. First unread bit index is 0. 
RTL Name 'rst_n', Hierarchy 'hazard_unit', File 'hazard_unit.v', Line 8.
WARNING: [Synth 37-125] [ASSIGN-10]Some bits in IO 'addr' are not read. First unread bit index is 0. 
RTL Name 'addr', Hierarchy 'icache', File 'icache.v', Line 10.
WARNING: [Synth 37-123] [ASSIGN-6]Some bits in 'funct7_w1' are not read. First unread bit index is 0. 
RTL Name 'funct7_w1', Hierarchy 'id_stage', File 'id_stage.v', Line 88.
WARNING: [Synth 37-123] [ASSIGN-6]Some bits in 'funct7_w2' are not read. First unread bit index is 0. 
RTL Name 'funct7_w2', Hierarchy 'id_stage', File 'id_stage.v', Line 113.
WARNING: [Synth 37-93] [ASSIGN-6]Signal 'is_alu_imm_w1' was assigned but not read. 
RTL Name 'is_alu_imm_w1', Hierarchy 'id_stage', File 'Z:/Vega_cpu/src/cpu/core/id_stage/id_stage.v', Line 90.
WARNING: [Synth 37-93] [ASSIGN-6]Signal 'is_alu_imm_w2' was assigned but not read. 
RTL Name 'is_alu_imm_w2', Hierarchy 'id_stage', File 'Z:/Vega_cpu/src/cpu/core/id_stage/id_stage.v', Line 115.
WARNING: [Synth 37-93] [ASSIGN-6]Signal 'is_compressed_w1' was assigned but not read. 
RTL Name 'is_compressed_w1', Hierarchy 'id_stage', File 'Z:/Vega_cpu/src/cpu/core/id_stage/id_stage.v', Line 93.
WARNING: [Synth 37-93] [ASSIGN-6]Signal 'is_compressed_w2' was assigned but not read. 
RTL Name 'is_compressed_w2', Hierarchy 'id_stage', File 'Z:/Vega_cpu/src/cpu/core/id_stage/id_stage.v', Line 118.
WARNING: [Synth 37-103] [RESET-2]Register valid_w1_o_reg in always/process block does not have asynchronous reset when one or more other signals do.
RTL Name 'valid_w1_o_reg', Hierarchy 'id_stage', File 'Z:/Vega_cpu/src/cpu/core/id_stage/id_stage.v', Line 273.
WARNING: [Synth 37-93] [ASSIGN-6]Signal 'bht_counter' was assigned but not read. 
RTL Name 'bht_counter', Hierarchy 'if_stage', File 'Z:/Vega_cpu/src/cpu/core/if_stage/if_stage.v', Line 69.
WARNING: [Synth 37-123] [ASSIGN-6]Some bits in 'inst2_hw' are not read. First unread bit index is 2. 
RTL Name 'inst2_hw', Hierarchy 'if_stage', File 'if_stage.v', Line 93.
WARNING: [Synth 37-125] [ASSIGN-10]Some bits in IO 'uses_rs1_w1_i' are not read. First unread bit index is 0. 
RTL Name 'uses_rs1_w1_i', Hierarchy 'ii_stage', File 'ii_stage.v', Line 34.
WARNING: [Synth 37-125] [ASSIGN-10]Some bits in IO 'uses_rs2_w1_i' are not read. First unread bit index is 0. 
RTL Name 'uses_rs2_w1_i', Hierarchy 'ii_stage', File 'ii_stage.v', Line 35.
WARNING: [Synth 37-93] [ASSIGN-6]Signal 'size' was assigned but not read. 
RTL Name 'size', Hierarchy 'mem_stage', File 'Z:/Vega_cpu/src/cpu/core/mem_stage/mem_stage.v', Line 70.
CRITICAL WARNING: [Synth 37-96] [ASSIGN-7]Multiple assignments detected on signal 'dcache_cache_stall'.
RTL Name 'dcache_cache_stall', Hierarchy 'mem_stage', File 'Z:/Vega_cpu/src/cpu/core/mem_stage/mem_stage.v', Line 61.
CRITICAL WARNING: [Synth 37-96] [ASSIGN-7]Multiple assignments detected on signal 'dcache_mem_req'.
RTL Name 'dcache_mem_req', Hierarchy 'mem_stage', File 'Z:/Vega_cpu/src/cpu/core/mem_stage/mem_stage.v', Line 65.
CRITICAL WARNING: [Synth 37-96] [ASSIGN-7]Multiple assignments detected on signal 'dcache_refill_done'.
RTL Name 'dcache_refill_done', Hierarchy 'mem_stage', File 'Z:/Vega_cpu/src/cpu/core/mem_stage/mem_stage.v', Line 57.
CRITICAL WARNING: [Synth 37-90] [ASSIGN-7]Multiple assignments detected on array dcache_writeback_addr, first multi-driven bit index is 0.
RTL Name 'dcache_writeback_addr', Hierarchy 'mem_stage', File 'Z:/Vega_cpu/src/cpu/core/mem_stage/mem_stage.v', Line 59.
CRITICAL WARNING: [Synth 37-90] [ASSIGN-7]Multiple assignments detected on array dcache_writeback_data, first multi-driven bit index is 0.
RTL Name 'dcache_writeback_data', Hierarchy 'mem_stage', File 'Z:/Vega_cpu/src/cpu/core/mem_stage/mem_stage.v', Line 60.
CRITICAL WARNING: [Synth 37-96] [ASSIGN-7]Multiple assignments detected on signal 'dcache_writeback_req'.
RTL Name 'dcache_writeback_req', Hierarchy 'mem_stage', File 'Z:/Vega_cpu/src/cpu/core/mem_stage/mem_stage.v', Line 58.
WARNING: [Synth 37-126] [ASSIGN-9]Some bits in IO 'dcache_mem_ready' are not set. First unset bit index is 0. 
RTL Name 'dcache_mem_ready', Hierarchy 'mem_stage', File 'mem_stage.v', Line 67.
WARNING: [Synth 37-126] [ASSIGN-9]Some bits in IO 'dcache_mem_wdata' are not set. First unset bit index is 0. 
RTL Name 'dcache_mem_wdata', Hierarchy 'mem_stage', File 'mem_stage.v', Line 63.
WARNING: [Synth 37-125] [ASSIGN-10]Some bits in IO 'dcache_mem_req' are not read. First unread bit index is 0. 
RTL Name 'dcache_mem_req', Hierarchy 'mem_stage', File 'mem_stage.v', Line 65.
WARNING: [Synth 37-125] [ASSIGN-10]Some bits in IO 'dcache_mem_we' are not read. First unread bit index is 0. 
RTL Name 'dcache_mem_we', Hierarchy 'mem_stage', File 'mem_stage.v', Line 66.
WARNING: [Synth 37-125] [ASSIGN-10]Some bits in IO 'dcache_writeback_addr' are not read. First unread bit index is 0. 
RTL Name 'dcache_writeback_addr', Hierarchy 'mem_stage', File 'mem_stage.v', Line 59.
WARNING: [Synth 37-125] [ASSIGN-10]Some bits in IO 'dcache_writeback_data' are not read. First unread bit index is 0. 
RTL Name 'dcache_writeback_data', Hierarchy 'mem_stage', File 'mem_stage.v', Line 60.
WARNING: [Synth 37-125] [ASSIGN-10]Some bits in IO 'dcache_writeback_req' are not read. First unread bit index is 0. 
RTL Name 'dcache_writeback_req', Hierarchy 'mem_stage', File 'mem_stage.v', Line 58.
WARNING: [Synth 37-125] [ASSIGN-10]Some bits in IO 'pc_w1_i' are not read. First unread bit index is 0. 
RTL Name 'pc_w1_i', Hierarchy 'mem_stage', File 'mem_stage.v', Line 15.
WARNING: [Synth 37-95] [ASSIGN-5]Found scalar variable(s) 'dcache_cache_stall' declared and are not set.
RTL Name 'dcache_cache_stall', Hierarchy 'riscv_cpu', File 'Z:/Vega_cpu/src/cpu/riscv_cpu.v', Line 109.
WARNING: [Synth 37-124] [ASSIGN-5]Some bits in 'dcache_data_out' are not set. First unset bit index is 0. 
RTL Name 'dcache_data_out', Hierarchy 'riscv_cpu', File 'riscv_cpu.v', Line 103.
WARNING: [Synth 37-95] [ASSIGN-5]Found scalar variable(s) 'dcache_hit' declared and are not set.
RTL Name 'dcache_hit', Hierarchy 'riscv_cpu', File 'Z:/Vega_cpu/src/cpu/riscv_cpu.v', Line 104.
WARNING: [Synth 37-95] [ASSIGN-5]Found scalar variable(s) 'dcache_mem_req' declared and are not set.
RTL Name 'dcache_mem_req', Hierarchy 'riscv_cpu', File 'Z:/Vega_cpu/src/cpu/riscv_cpu.v', Line 113.
WARNING: [Synth 37-124] [ASSIGN-5]Some bits in 'dcache_mem_wdata' are not set. First unset bit index is 0. 
RTL Name 'dcache_mem_wdata', Hierarchy 'riscv_cpu', File 'riscv_cpu.v', Line 111.
WARNING: [Synth 37-95] [ASSIGN-5]Found scalar variable(s) 'dcache_mem_we' declared and are not set.
RTL Name 'dcache_mem_we', Hierarchy 'riscv_cpu', File 'Z:/Vega_cpu/src/cpu/riscv_cpu.v', Line 114.
WARNING: [Synth 37-95] [ASSIGN-5]Found scalar variable(s) 'dcache_refill_done' declared and are not set.
RTL Name 'dcache_refill_done', Hierarchy 'riscv_cpu', File 'Z:/Vega_cpu/src/cpu/riscv_cpu.v', Line 105.
WARNING: [Synth 37-124] [ASSIGN-5]Some bits in 'dcache_writeback_addr' are not set. First unset bit index is 0. 
RTL Name 'dcache_writeback_addr', Hierarchy 'riscv_cpu', File 'riscv_cpu.v', Line 107.
WARNING: [Synth 37-124] [ASSIGN-5]Some bits in 'dcache_writeback_data' are not set. First unset bit index is 0. 
RTL Name 'dcache_writeback_data', Hierarchy 'riscv_cpu', File 'riscv_cpu.v', Line 108.
WARNING: [Synth 37-95] [ASSIGN-5]Found scalar variable(s) 'dcache_writeback_req' declared and are not set.
RTL Name 'dcache_writeback_req', Hierarchy 'riscv_cpu', File 'Z:/Vega_cpu/src/cpu/riscv_cpu.v', Line 106.
WARNING: [Synth 37-124] [ASSIGN-5]Some bits in 'icache_addr' are not set. First unset bit index is 0. 
RTL Name 'icache_addr', Hierarchy 'riscv_cpu', File 'riscv_cpu.v', Line 69.
WARNING: [Synth 37-95] [ASSIGN-5]Found scalar variable(s) 'icache_hit_reg' declared and are not set.
RTL Name 'icache_hit_reg', Hierarchy 'riscv_cpu', File 'Z:/Vega_cpu/src/cpu/riscv_cpu.v', Line 79.
WARNING: [Synth 37-124] [ASSIGN-5]Some bits in 'icache_instr_window_out' are not set. First unset bit index is 0. 
RTL Name 'icache_instr_window_out', Hierarchy 'riscv_cpu', File 'riscv_cpu.v', Line 77.
WARNING: [Synth 37-124] [ASSIGN-5]Some bits in 'icache_mem_data' are not set. First unset bit index is 0. 
RTL Name 'icache_mem_data', Hierarchy 'riscv_cpu', File 'riscv_cpu.v', Line 74.
WARNING: [Synth 37-95] [ASSIGN-5]Found scalar variable(s) 'icache_mem_ready' declared and are not set.
RTL Name 'icache_mem_ready', Hierarchy 'riscv_cpu', File 'Z:/Vega_cpu/src/cpu/riscv_cpu.v', Line 76.
WARNING: [Synth 37-95] [ASSIGN-5]Found scalar variable(s) 'icache_req' declared and are not set.
RTL Name 'icache_req', Hierarchy 'riscv_cpu', File 'Z:/Vega_cpu/src/cpu/riscv_cpu.v', Line 70.
WARNING: [Synth 37-95] [ASSIGN-5]Found scalar variable(s) 'icache_window_valid' declared and are not set.
RTL Name 'icache_window_valid', Hierarchy 'riscv_cpu', File 'Z:/Vega_cpu/src/cpu/riscv_cpu.v', Line 78.
WARNING: [Synth 37-124] [ASSIGN-5]Some bits in 'mem_access_wdata' are not set. First unset bit index is 0. 
RTL Name 'mem_access_wdata', Hierarchy 'riscv_cpu', File 'riscv_cpu.v', Line 389.
WARNING: [Synth 37-93] [ASSIGN-6]Signal 'dcache_addr' was assigned but not read. 
RTL Name 'dcache_addr', Hierarchy 'riscv_cpu', File 'Z:/Vega_cpu/src/cpu/riscv_cpu.v', Line 97.
WARNING: [Synth 37-93] [ASSIGN-6]Signal 'dcache_mem_ready' was assigned but not read. 
RTL Name 'dcache_mem_ready', Hierarchy 'riscv_cpu', File 'Z:/Vega_cpu/src/cpu/riscv_cpu.v', Line 115.
WARNING: [Synth 37-93] [ASSIGN-6]Signal 'dcache_req' was assigned but not read. 
RTL Name 'dcache_req', Hierarchy 'riscv_cpu', File 'Z:/Vega_cpu/src/cpu/riscv_cpu.v', Line 100.
WARNING: [Synth 37-93] [ASSIGN-6]Signal 'dcache_size' was assigned but not read. 
RTL Name 'dcache_size', Hierarchy 'riscv_cpu', File 'Z:/Vega_cpu/src/cpu/riscv_cpu.v', Line 102.
WARNING: [Synth 37-93] [ASSIGN-6]Signal 'dcache_wdata' was assigned but not read. 
RTL Name 'dcache_wdata', Hierarchy 'riscv_cpu', File 'Z:/Vega_cpu/src/cpu/riscv_cpu.v', Line 98.
WARNING: [Synth 37-93] [ASSIGN-6]Signal 'dcache_we' was assigned but not read. 
RTL Name 'dcache_we', Hierarchy 'riscv_cpu', File 'Z:/Vega_cpu/src/cpu/riscv_cpu.v', Line 101.
WARNING: [Synth 37-93] [ASSIGN-6]Signal 'exmem_mr_w2' was assigned but not read. 
RTL Name 'exmem_mr_w2', Hierarchy 'riscv_cpu', File 'Z:/Vega_cpu/src/cpu/riscv_cpu.v', Line 327.
WARNING: [Synth 37-93] [ASSIGN-6]Signal 'exmem_msz_w2' was assigned but not read. 
RTL Name 'exmem_msz_w2', Hierarchy 'riscv_cpu', File 'Z:/Vega_cpu/src/cpu/riscv_cpu.v', Line 328.
WARNING: [Synth 37-93] [ASSIGN-6]Signal 'exmem_mw_w2' was assigned but not read. 
RTL Name 'exmem_mw_w2', Hierarchy 'riscv_cpu', File 'Z:/Vega_cpu/src/cpu/riscv_cpu.v', Line 327.
WARNING: [Synth 37-93] [ASSIGN-6]Signal 'exmem_pc_w2' was assigned but not read. 
RTL Name 'exmem_pc_w2', Hierarchy 'riscv_cpu', File 'Z:/Vega_cpu/src/cpu/riscv_cpu.v', Line 323.
WARNING: [Synth 37-93] [ASSIGN-6]Signal 'exmem_rs2_w2' was assigned but not read. 
RTL Name 'exmem_rs2_w2', Hierarchy 'riscv_cpu', File 'Z:/Vega_cpu/src/cpu/riscv_cpu.v', Line 325.
WARNING: [Synth 37-93] [ASSIGN-6]Signal 'icache_data_out' was assigned but not read. 
RTL Name 'icache_data_out', Hierarchy 'riscv_cpu', File 'Z:/Vega_cpu/src/cpu/riscv_cpu.v', Line 71.
WARNING: [Synth 37-93] [ASSIGN-6]Signal 'icache_hit' was assigned but not read. 
RTL Name 'icache_hit', Hierarchy 'riscv_cpu', File 'Z:/Vega_cpu/src/cpu/riscv_cpu.v', Line 72.
WARNING: [Synth 37-93] [ASSIGN-6]Signal 'icache_mem_addr' was assigned but not read. 
RTL Name 'icache_mem_addr', Hierarchy 'riscv_cpu', File 'Z:/Vega_cpu/src/cpu/riscv_cpu.v', Line 73.
WARNING: [Synth 37-93] [ASSIGN-6]Signal 'icache_mem_req' was assigned but not read. 
RTL Name 'icache_mem_req', Hierarchy 'riscv_cpu', File 'Z:/Vega_cpu/src/cpu/riscv_cpu.v', Line 75.
WARNING: [Synth 37-123] [ASSIGN-6]Some bits in 'mem_access_wdata' are not read. First unread bit index is 64. 
RTL Name 'mem_access_wdata', Hierarchy 'riscv_cpu', File 'riscv_cpu.v', Line 389.
WARNING: [Synth 37-93] [ASSIGN-6]Signal 'memwb_wbs_w2' was assigned but not read. 
RTL Name 'memwb_wbs_w2', Hierarchy 'riscv_cpu', File 'Z:/Vega_cpu/src/cpu/riscv_cpu.v', Line 412.
WARNING: [Synth 37-125] [ASSIGN-10]Some bits in IO 'debug_req' are not read. First unread bit index is 0. 
RTL Name 'debug_req', Hierarchy 'riscv_cpu', File 'riscv_cpu.v', Line 35.
WARNING: [Synth 37-125] [ASSIGN-10]Some bits in IO 'irq_external' are not read. First unread bit index is 0. 
RTL Name 'irq_external', Hierarchy 'riscv_cpu', File 'riscv_cpu.v', Line 29.
WARNING: [Synth 37-125] [ASSIGN-10]Some bits in IO 'irq_software' are not read. First unread bit index is 0. 
RTL Name 'irq_software', Hierarchy 'riscv_cpu', File 'riscv_cpu.v', Line 31.
WARNING: [Synth 37-125] [ASSIGN-10]Some bits in IO 'irq_timer' are not read. First unread bit index is 0. 
RTL Name 'irq_timer', Hierarchy 'riscv_cpu', File 'riscv_cpu.v', Line 30.
WARNING: [Synth 37-93] [ASSIGN-6]Signal 'axi_arready' was assigned but not read. 
RTL Name 'axi_arready', Hierarchy 'uart_adapter', File 'Z:/Vega_cpu/Project/Vega/Vega.srcs/sources_1/new/uart_adapter.v', Line 39.
WARNING: [Synth 37-93] [ASSIGN-6]Signal 'axi_awready' was assigned but not read. 
RTL Name 'axi_awready', Hierarchy 'uart_adapter', File 'Z:/Vega_cpu/Project/Vega/Vega.srcs/sources_1/new/uart_adapter.v', Line 23.
WARNING: [Synth 37-93] [ASSIGN-6]Signal 'axi_bresp' was assigned but not read. 
RTL Name 'axi_bresp', Hierarchy 'uart_adapter', File 'Z:/Vega_cpu/Project/Vega/Vega.srcs/sources_1/new/uart_adapter.v', Line 32.
WARNING: [Synth 37-93] [ASSIGN-6]Signal 'axi_rresp' was assigned but not read. 
RTL Name 'axi_rresp', Hierarchy 'uart_adapter', File 'Z:/Vega_cpu/Project/Vega/Vega.srcs/sources_1/new/uart_adapter.v', Line 43.
WARNING: [Synth 37-93] [ASSIGN-6]Signal 'axi_wready' was assigned but not read. 
RTL Name 'axi_wready', Hierarchy 'uart_adapter', File 'Z:/Vega_cpu/Project/Vega/Vega.srcs/sources_1/new/uart_adapter.v', Line 29.
WARNING: [Synth 37-93] [ASSIGN-6]Signal 'clk' was assigned but not read. 
RTL Name 'clk', Hierarchy 'vega_soc_top', File 'Z:/Vega_cpu/src/soc/vega_soc_top.v', Line 15.
WARNING: [Synth 37-123] [ASSIGN-6]Some bits in 'instr_addr' are not read. First unread bit index is 0. 
RTL Name 'instr_addr', Hierarchy 'vega_soc_top', File 'vega_soc_top.v', Line 17.
INFO: [Synth 37-85] Total of 114 linter message(s) generated.
INFO: [Synth 37-45] Linter Run Finished!
Synthesis Optimization Runtime : Time (s): cpu = 00:00:20 ; elapsed = 00:00:19 . Memory (MB): peak = 3633.445 ; gain = 0.000
INFO: [Common 17-83] Releasing license: Synthesis
52 Infos, 345 Warnings, 9 Critical Warnings and 0 Errors encountered.
synth_design completed successfully
synth_design: Time (s): cpu = 00:00:20 ; elapsed = 00:00:19 . Memory (MB): peak = 3633.445 ; gain = 0.000
launch_runs impl_1 -jobs 24
[Thu Apr 23 16:03:09 2026] Launched impl_1...
Run output will be captured here: Z:/Vega_cpu/Project/Vega/Vega.runs/impl_1/runme.log
open_run impl_1
INFO: [Device 21-403] Loading part xc7a200tfbg676-3
Netlist sorting complete. Time (s): cpu = 00:00:00 ; elapsed = 00:00:00.418 . Memory (MB): peak = 3633.445 ; gain = 0.000
INFO: [Netlist 29-17] Analyzing 7829 Unisim elements for replacement
INFO: [Netlist 29-28] Unisim Transformation completed in 0 CPU seconds
INFO: [Project 1-479] Netlist was created with Vivado 2025.2
INFO: [Project 1-570] Preparing netlist for logic optimization
Read ShapeDB Complete: Time (s): cpu = 00:00:00 ; elapsed = 00:00:00.162 . Memory (MB): peak = 3633.445 ; gain = 0.000
INFO: [Timing 38-478] Restoring timing data from binary archive.
INFO: [Timing 38-479] Binary timing data restore complete.
INFO: [Project 1-856] Restoring constraints from binary archive.
INFO: [Project 1-853] Binary constraint restore complete.
INFO: [Designutils 20-5722] Start Reading Physical Databases.
Reading placement.
Read Netlist Cache: Time (s): cpu = 00:00:00 ; elapsed = 00:00:00.126 . Memory (MB): peak = 3658.020 ; gain = 0.000
Reading placer database...
Read Device Cache: Time (s): cpu = 00:00:00 ; elapsed = 00:00:00.018 . Memory (MB): peak = 3658.020 ; gain = 0.000
Read PlaceDB: Time (s): cpu = 00:00:00 ; elapsed = 00:00:00.001 . Memory (MB): peak = 3658.020 ; gain = 0.000
Read placeStorage: Time (s): cpu = 00:00:03 ; elapsed = 00:00:03 . Memory (MB): peak = 3696.809 ; gain = 38.789
Read PulsedLatchDB: Time (s): cpu = 00:00:00 ; elapsed = 00:00:00 . Memory (MB): peak = 3696.809 ; gain = 0.000
Reading routing.
Read RouteStorage: Time (s): cpu = 00:00:01 ; elapsed = 00:00:01 . Memory (MB): peak = 3719.367 ; gain = 22.559
Read Physdb Files: Time (s): cpu = 00:00:04 ; elapsed = 00:00:04 . Memory (MB): peak = 3719.367 ; gain = 61.348
Restored from archive | CPU: 4.000000 secs | Memory: 0.000000 MB |
Finished XDEF File Restore: Time (s): cpu = 00:00:04 ; elapsed = 00:00:04 . Memory (MB): peak = 3719.367 ; gain = 61.348
Netlist sorting complete. Time (s): cpu = 00:00:00 ; elapsed = 00:00:00.033 . Memory (MB): peak = 3766.914 ; gain = 0.000
INFO: [Project 1-111] Unisim Transformation Summary:
No Unisim elements were transformed.

open_run: Time (s): cpu = 00:01:11 ; elapsed = 00:00:43 . Memory (MB): peak = 4336.848 ; gain = 703.402
open_report: Time (s): cpu = 00:00:17 ; elapsed = 00:00:13 . Memory (MB): peak = 4620.727 ; gain = 236.152
report_methodology
Command: report_methodology
INFO: [Timing 38-35] Done setting XDC timing constraints.
INFO: [DRC 23-133] Running Methodology with 2 threads
Copyright 1986-2022 Xilinx, Inc. All Rights Reserved. Copyright 2022-2025 Advanced Micro Devices, Inc. All Rights Reserved.
---------------------------------------------------------------------------------------------------------------------------------------------
| Tool Version : Vivado v.2025.2 (win64) Build 6299465 Fri Nov 14 19:35:11 GMT 2025
| Date         : Thu Apr 23 16:13:49 2026
| Host         : Station running 64-bit major release  (build 9200)
| Command      : report_methodology
| Design       : vega_soc_top
| Device       : xc7a200tfbg676-3
| Speed File   : -3
| Design State : Fully Routed
---------------------------------------------------------------------------------------------------------------------------------------------

Report Methodology

Table of Contents
-----------------
1. REPORT SUMMARY
2. REPORT DETAILS

1. REPORT SUMMARY
-----------------
            Netlist: netlist
          Floorplan: impl_1
      Design limits: <entire design considered>
             Max checks: <unlimited>
             Checks found: 1096
+-----------+------------------+-----------------------------+--------+
| Rule      | Severity         | Description                 | Checks |
+-----------+------------------+-----------------------------+--------+
| TIMING-17 | Critical Warning | Non-clocked sequential cell | 1000   |
| SYNTH-10  | Warning          | Wide multiplier             | 96     |
+-----------+------------------+-----------------------------+--------+

2. REPORT DETAILS
-----------------
TIMING-17#1 Critical Warning
Non-clocked sequential cell  
The clock pin u_boot_rom_ip/U0/inst_blk_mem_gen/gnbram.gnativebmg.native_blk_mem_gen/valid.cstr/ramloop[0].ram.r/prim_init.ram/DEVICE_7SERIES.NO_BMM_INFO.TRUE_DP.SIMPLE_PRIM36.ram/CLKARDCLK is not reached by a timing clock
Related violations: <none>

TIMING-17#2 Critical Warning
Non-clocked sequential cell  
The clock pin u_boot_rom_ip/U0/inst_blk_mem_gen/gnbram.gnativebmg.native_blk_mem_gen/valid.cstr/ramloop[0].ram.r/prim_init.ram/DEVICE_7SERIES.NO_BMM_INFO.TRUE_DP.SIMPLE_PRIM36.ram/CLKBWRCLK is not reached by a timing clock
Related violations: <none>

TIMING-17#3 Critical Warning
Non-clocked sequential cell  
The clock pin u_boot_rom_ip/U0/inst_blk_mem_gen/gnbram.gnativebmg.native_blk_mem_gen/valid.cstr/ramloop[0].ram.r/prim_init.ram/u_boot_rom_ip/U0/inst_blk_mem_gen/gnbram.gnativebmg.native_blk_mem_gen/valid.cstr/ramloop[0].ram.r/prim_init.ram/DEVICE_7SERIES.NO_BMM_INFO.TRUE_DP.SIMPLE_PRIM36.ram_cooolgate_en_gate_1_cooolDelFlop/C is not reached by a timing clock
Related violations: <none>

TIMING-17#4 Critical Warning
Non-clocked sequential cell  
The clock pin u_boot_rom_ip/U0/inst_blk_mem_gen/gnbram.gnativebmg.native_blk_mem_gen/valid.cstr/ramloop[1].ram.r/prim_init.ram/DEVICE_7SERIES.NO_BMM_INFO.TRUE_DP.SIMPLE_PRIM36.ram/CLKARDCLK is not reached by a timing clock
Related violations: <none>

TIMING-17#5 Critical Warning
Non-clocked sequential cell  
The clock pin u_boot_rom_ip/U0/inst_blk_mem_gen/gnbram.gnativebmg.native_blk_mem_gen/valid.cstr/ramloop[1].ram.r/prim_init.ram/DEVICE_7SERIES.NO_BMM_INFO.TRUE_DP.SIMPLE_PRIM36.ram/CLKBWRCLK is not reached by a timing clock
Related violations: <none>

TIMING-17#6 Critical Warning
Non-clocked sequential cell  
The clock pin u_boot_rom_ip/U0/inst_blk_mem_gen/gnbram.gnativebmg.native_blk_mem_gen/valid.cstr/ramloop[2].ram.r/prim_init.ram/DEVICE_7SERIES.NO_BMM_INFO.TRUE_DP.SIMPLE_PRIM36.ram/CLKARDCLK is not reached by a timing clock
Related violations: <none>

TIMING-17#7 Critical Warning
Non-clocked sequential cell  
The clock pin u_boot_rom_ip/U0/inst_blk_mem_gen/gnbram.gnativebmg.native_blk_mem_gen/valid.cstr/ramloop[2].ram.r/prim_init.ram/DEVICE_7SERIES.NO_BMM_INFO.TRUE_DP.SIMPLE_PRIM36.ram/CLKBWRCLK is not reached by a timing clock
Related violations: <none>

TIMING-17#8 Critical Warning
Non-clocked sequential cell  
The clock pin u_boot_rom_ip/U0/inst_blk_mem_gen/gnbram.gnativebmg.native_blk_mem_gen/valid.cstr/ramloop[3].ram.r/prim_init.ram/DEVICE_7SERIES.NO_BMM_INFO.TRUE_DP.SIMPLE_PRIM36.ram/CLKARDCLK is not reached by a timing clock
Related violations: <none>

TIMING-17#9 Critical Warning
Non-clocked sequential cell  
The clock pin u_boot_rom_ip/U0/inst_blk_mem_gen/gnbram.gnativebmg.native_blk_mem_gen/valid.cstr/ramloop[3].ram.r/prim_init.ram/DEVICE_7SERIES.NO_BMM_INFO.TRUE_DP.SIMPLE_PRIM36.ram/CLKBWRCLK is not reached by a timing clock
Related violations: <none>

TIMING-17#10 Critical Warning
Non-clocked sequential cell  
The clock pin u_cpu/u_ex_stage/alu_result_w1_o_reg[0]/C is not reached by a timing clock
Related violations: <none>

TIMING-17#11 Critical Warning
Non-clocked sequential cell  
The clock pin u_cpu/u_ex_stage/alu_result_w1_o_reg[10]/C is not reached by a timing clock
Related violations: <none>

TIMING-17#12 Critical Warning
Non-clocked sequential cell  
The clock pin u_cpu/u_ex_stage/alu_result_w1_o_reg[11]/C is not reached by a timing clock
Related violations: <none>

TIMING-17#13 Critical Warning
Non-clocked sequential cell  
The clock pin u_cpu/u_ex_stage/alu_result_w1_o_reg[12]/C is not reached by a timing clock
Related violations: <none>

TIMING-17#14 Critical Warning
Non-clocked sequential cell  
The clock pin u_cpu/u_ex_stage/alu_result_w1_o_reg[13]/C is not reached by a timing clock
Related violations: <none>

TIMING-17#15 Critical Warning
Non-clocked sequential cell  
The clock pin u_cpu/u_ex_stage/alu_result_w1_o_reg[14]/C is not reached by a timing clock
Related violations: <none>

TIMING-17#16 Critical Warning
Non-clocked sequential cell  
The clock pin u_cpu/u_ex_stage/alu_result_w1_o_reg[15]/C is not reached by a timing clock
Related violations: <none>

TIMING-17#17 Critical Warning
Non-clocked sequential cell  
The clock pin u_cpu/u_ex_stage/alu_result_w1_o_reg[16]/C is not reached by a timing clock
Related violations: <none>

TIMING-17#18 Critical Warning
Non-clocked sequential cell  
The clock pin u_cpu/u_ex_stage/alu_result_w1_o_reg[17]/C is not reached by a timing clock
Related violations: <none>

TIMING-17#19 Critical Warning
Non-clocked sequential cell  
The clock pin u_cpu/u_ex_stage/alu_result_w1_o_reg[18]/C is not reached by a timing clock
Related violations: <none>

TIMING-17#20 Critical Warning
Non-clocked sequential cell  
The clock pin u_cpu/u_ex_stage/alu_result_w1_o_reg[19]/C is not reached by a timing clock
Related violations: <none>

TIMING-17#21 Critical Warning
Non-clocked sequential cell  
The clock pin u_cpu/u_ex_stage/alu_result_w1_o_reg[1]/C is not reached by a timing clock
Related violations: <none>

TIMING-17#22 Critical Warning
Non-clocked sequential cell  
The clock pin u_cpu/u_ex_stage/alu_result_w1_o_reg[20]/C is not reached by a timing clock
Related violations: <none>

TIMING-17#23 Critical Warning
Non-clocked sequential cell  
The clock pin u_cpu/u_ex_stage/alu_result_w1_o_reg[21]/C is not reached by a timing clock
Related violations: <none>

TIMING-17#24 Critical Warning
Non-clocked sequential cell  
The clock pin u_cpu/u_ex_stage/alu_result_w1_o_reg[22]/C is not reached by a timing clock
Related violations: <none>

TIMING-17#25 Critical Warning
Non-clocked sequential cell  
The clock pin u_cpu/u_ex_stage/alu_result_w1_o_reg[23]/C is not reached by a timing clock
Related violations: <none>

TIMING-17#26 Critical Warning
Non-clocked sequential cell  
The clock pin u_cpu/u_ex_stage/alu_result_w1_o_reg[24]/C is not reached by a timing clock
Related violations: <none>

TIMING-17#27 Critical Warning
Non-clocked sequential cell  
The clock pin u_cpu/u_ex_stage/alu_result_w1_o_reg[25]/C is not reached by a timing clock
Related violations: <none>

TIMING-17#28 Critical Warning
Non-clocked sequential cell  
The clock pin u_cpu/u_ex_stage/alu_result_w1_o_reg[26]/C is not reached by a timing clock
Related violations: <none>

TIMING-17#29 Critical Warning
Non-clocked sequential cell  
The clock pin u_cpu/u_ex_stage/alu_result_w1_o_reg[27]/C is not reached by a timing clock
Related violations: <none>

TIMING-17#30 Critical Warning
Non-clocked sequential cell  
The clock pin u_cpu/u_ex_stage/alu_result_w1_o_reg[28]/C is not reached by a timing clock
Related violations: <none>

TIMING-17#31 Critical Warning
Non-clocked sequential cell  
The clock pin u_cpu/u_ex_stage/alu_result_w1_o_reg[29]/C is not reached by a timing clock
Related violations: <none>

TIMING-17#32 Critical Warning
Non-clocked sequential cell  
The clock pin u_cpu/u_ex_stage/alu_result_w1_o_reg[2]/C is not reached by a timing clock
Related violations: <none>

TIMING-17#33 Critical Warning
Non-clocked sequential cell  
The clock pin u_cpu/u_ex_stage/alu_result_w1_o_reg[30]/C is not reached by a timing clock
Related violations: <none>

TIMING-17#34 Critical Warning
Non-clocked sequential cell  
The clock pin u_cpu/u_ex_stage/alu_result_w1_o_reg[31]/C is not reached by a timing clock
Related violations: <none>

TIMING-17#35 Critical Warning
Non-clocked sequential cell  
The clock pin u_cpu/u_ex_stage/alu_result_w1_o_reg[32]/C is not reached by a timing clock
Related violations: <none>

TIMING-17#36 Critical Warning
Non-clocked sequential cell  
The clock pin u_cpu/u_ex_stage/alu_result_w1_o_reg[33]/C is not reached by a timing clock
Related violations: <none>

TIMING-17#37 Critical Warning
Non-clocked sequential cell  
The clock pin u_cpu/u_ex_stage/alu_result_w1_o_reg[34]/C is not reached by a timing clock
Related violations: <none>

TIMING-17#38 Critical Warning
Non-clocked sequential cell  
The clock pin u_cpu/u_ex_stage/alu_result_w1_o_reg[35]/C is not reached by a timing clock
Related violations: <none>

TIMING-17#39 Critical Warning
Non-clocked sequential cell  
The clock pin u_cpu/u_ex_stage/alu_result_w1_o_reg[36]/C is not reached by a timing clock
Related violations: <none>

TIMING-17#40 Critical Warning
Non-clocked sequential cell  
The clock pin u_cpu/u_ex_stage/alu_result_w1_o_reg[37]/C is not reached by a timing clock
Related violations: <none>

TIMING-17#41 Critical Warning
Non-clocked sequential cell  
The clock pin u_cpu/u_ex_stage/alu_result_w1_o_reg[38]/C is not reached by a timing clock
Related violations: <none>

TIMING-17#42 Critical Warning
Non-clocked sequential cell  
The clock pin u_cpu/u_ex_stage/alu_result_w1_o_reg[39]/C is not reached by a timing clock
Related violations: <none>

TIMING-17#43 Critical Warning
Non-clocked sequential cell  
The clock pin u_cpu/u_ex_stage/alu_result_w1_o_reg[3]/C is not reached by a timing clock
Related violations: <none>

TIMING-17#44 Critical Warning
Non-clocked sequential cell  
The clock pin u_cpu/u_ex_stage/alu_result_w1_o_reg[3]_rep/C is not reached by a timing clock
Related violations: <none>

TIMING-17#45 Critical Warning
Non-clocked sequential cell  
The clock pin u_cpu/u_ex_stage/alu_result_w1_o_reg[3]_rep__0/C is not reached by a timing clock
Related violations: <none>

TIMING-17#46 Critical Warning
Non-clocked sequential cell  
The clock pin u_cpu/u_ex_stage/alu_result_w1_o_reg[3]_rep__1/C is not reached by a timing clock
Related violations: <none>

TIMING-17#47 Critical Warning
Non-clocked sequential cell  
The clock pin u_cpu/u_ex_stage/alu_result_w1_o_reg[3]_rep__16/C is not reached by a timing clock
Related violations: <none>

TIMING-17#48 Critical Warning
Non-clocked sequential cell  
The clock pin u_cpu/u_ex_stage/alu_result_w1_o_reg[3]_rep__17/C is not reached by a timing clock
Related violations: <none>

TIMING-17#49 Critical Warning
Non-clocked sequential cell  
The clock pin u_cpu/u_ex_stage/alu_result_w1_o_reg[3]_rep__18/C is not reached by a timing clock
Related violations: <none>

TIMING-17#50 Critical Warning
Non-clocked sequential cell  
The clock pin u_cpu/u_ex_stage/alu_result_w1_o_reg[3]_rep__2/C is not reached by a timing clock
Related violations: <none>

TIMING-17#51 Critical Warning
Non-clocked sequential cell  
The clock pin u_cpu/u_ex_stage/alu_result_w1_o_reg[3]_rep__5/C is not reached by a timing clock
Related violations: <none>

TIMING-17#52 Critical Warning
Non-clocked sequential cell  
The clock pin u_cpu/u_ex_stage/alu_result_w1_o_reg[3]_rep__6/C is not reached by a timing clock
Related violations: <none>

TIMING-17#53 Critical Warning
Non-clocked sequential cell  
The clock pin u_cpu/u_ex_stage/alu_result_w1_o_reg[3]_rep__7/C is not reached by a timing clock
Related violations: <none>

TIMING-17#54 Critical Warning
Non-clocked sequential cell  
The clock pin u_cpu/u_ex_stage/alu_result_w1_o_reg[3]_rep__8/C is not reached by a timing clock
Related violations: <none>

TIMING-17#55 Critical Warning
Non-clocked sequential cell  
The clock pin u_cpu/u_ex_stage/alu_result_w1_o_reg[3]_rep__9/C is not reached by a timing clock
Related violations: <none>

TIMING-17#56 Critical Warning
Non-clocked sequential cell  
The clock pin u_cpu/u_ex_stage/alu_result_w1_o_reg[40]/C is not reached by a timing clock
Related violations: <none>

TIMING-17#57 Critical Warning
Non-clocked sequential cell  
The clock pin u_cpu/u_ex_stage/alu_result_w1_o_reg[41]/C is not reached by a timing clock
Related violations: <none>

TIMING-17#58 Critical Warning
Non-clocked sequential cell  
The clock pin u_cpu/u_ex_stage/alu_result_w1_o_reg[42]/C is not reached by a timing clock
Related violations: <none>

TIMING-17#59 Critical Warning
Non-clocked sequential cell  
The clock pin u_cpu/u_ex_stage/alu_result_w1_o_reg[43]/C is not reached by a timing clock
Related violations: <none>

TIMING-17#60 Critical Warning
Non-clocked sequential cell  
The clock pin u_cpu/u_ex_stage/alu_result_w1_o_reg[44]/C is not reached by a timing clock
Related violations: <none>

TIMING-17#61 Critical Warning
Non-clocked sequential cell  
The clock pin u_cpu/u_ex_stage/alu_result_w1_o_reg[45]/C is not reached by a timing clock
Related violations: <none>

TIMING-17#62 Critical Warning
Non-clocked sequential cell  
The clock pin u_cpu/u_ex_stage/alu_result_w1_o_reg[46]/C is not reached by a timing clock
Related violations: <none>

TIMING-17#63 Critical Warning
Non-clocked sequential cell  
The clock pin u_cpu/u_ex_stage/alu_result_w1_o_reg[47]/C is not reached by a timing clock
Related violations: <none>

TIMING-17#64 Critical Warning
Non-clocked sequential cell  
The clock pin u_cpu/u_ex_stage/alu_result_w1_o_reg[48]/C is not reached by a timing clock
Related violations: <none>

TIMING-17#65 Critical Warning
Non-clocked sequential cell  
The clock pin u_cpu/u_ex_stage/alu_result_w1_o_reg[49]/C is not reached by a timing clock
Related violations: <none>

TIMING-17#66 Critical Warning
Non-clocked sequential cell  
The clock pin u_cpu/u_ex_stage/alu_result_w1_o_reg[4]/C is not reached by a timing clock
Related violations: <none>

TIMING-17#67 Critical Warning
Non-clocked sequential cell  
The clock pin u_cpu/u_ex_stage/alu_result_w1_o_reg[4]_rep/C is not reached by a timing clock
Related violations: <none>

TIMING-17#68 Critical Warning
Non-clocked sequential cell  
The clock pin u_cpu/u_ex_stage/alu_result_w1_o_reg[4]_rep__0/C is not reached by a timing clock
Related violations: <none>

TIMING-17#69 Critical Warning
Non-clocked sequential cell  
The clock pin u_cpu/u_ex_stage/alu_result_w1_o_reg[4]_rep__1/C is not reached by a timing clock
Related violations: <none>

TIMING-17#70 Critical Warning
Non-clocked sequential cell  
The clock pin u_cpu/u_ex_stage/alu_result_w1_o_reg[4]_rep__11/C is not reached by a timing clock
Related violations: <none>

TIMING-17#71 Critical Warning
Non-clocked sequential cell  
The clock pin u_cpu/u_ex_stage/alu_result_w1_o_reg[4]_rep__12/C is not reached by a timing clock
Related violations: <none>

TIMING-17#72 Critical Warning
Non-clocked sequential cell  
The clock pin u_cpu/u_ex_stage/alu_result_w1_o_reg[4]_rep__13/C is not reached by a timing clock
Related violations: <none>

TIMING-17#73 Critical Warning
Non-clocked sequential cell  
The clock pin u_cpu/u_ex_stage/alu_result_w1_o_reg[4]_rep__2/C is not reached by a timing clock
Related violations: <none>

TIMING-17#74 Critical Warning
Non-clocked sequential cell  
The clock pin u_cpu/u_ex_stage/alu_result_w1_o_reg[4]_rep__3/C is not reached by a timing clock
Related violations: <none>

TIMING-17#75 Critical Warning
Non-clocked sequential cell  
The clock pin u_cpu/u_ex_stage/alu_result_w1_o_reg[50]/C is not reached by a timing clock
Related violations: <none>

TIMING-17#76 Critical Warning
Non-clocked sequential cell  
The clock pin u_cpu/u_ex_stage/alu_result_w1_o_reg[51]/C is not reached by a timing clock
Related violations: <none>

TIMING-17#77 Critical Warning
Non-clocked sequential cell  
The clock pin u_cpu/u_ex_stage/alu_result_w1_o_reg[52]/C is not reached by a timing clock
Related violations: <none>

TIMING-17#78 Critical Warning
Non-clocked sequential cell  
The clock pin u_cpu/u_ex_stage/alu_result_w1_o_reg[53]/C is not reached by a timing clock
Related violations: <none>

TIMING-17#79 Critical Warning
Non-clocked sequential cell  
The clock pin u_cpu/u_ex_stage/alu_result_w1_o_reg[54]/C is not reached by a timing clock
Related violations: <none>

TIMING-17#80 Critical Warning
Non-clocked sequential cell  
The clock pin u_cpu/u_ex_stage/alu_result_w1_o_reg[55]/C is not reached by a timing clock
Related violations: <none>

TIMING-17#81 Critical Warning
Non-clocked sequential cell  
The clock pin u_cpu/u_ex_stage/alu_result_w1_o_reg[56]/C is not reached by a timing clock
Related violations: <none>

TIMING-17#82 Critical Warning
Non-clocked sequential cell  
The clock pin u_cpu/u_ex_stage/alu_result_w1_o_reg[57]/C is not reached by a timing clock
Related violations: <none>

TIMING-17#83 Critical Warning
Non-clocked sequential cell  
The clock pin u_cpu/u_ex_stage/alu_result_w1_o_reg[58]/C is not reached by a timing clock
Related violations: <none>

TIMING-17#84 Critical Warning
Non-clocked sequential cell  
The clock pin u_cpu/u_ex_stage/alu_result_w1_o_reg[59]/C is not reached by a timing clock
Related violations: <none>

TIMING-17#85 Critical Warning
Non-clocked sequential cell  
The clock pin u_cpu/u_ex_stage/alu_result_w1_o_reg[5]/C is not reached by a timing clock
Related violations: <none>

TIMING-17#86 Critical Warning
Non-clocked sequential cell  
The clock pin u_cpu/u_ex_stage/alu_result_w1_o_reg[5]_rep/C is not reached by a timing clock
Related violations: <none>

TIMING-17#87 Critical Warning
Non-clocked sequential cell  
The clock pin u_cpu/u_ex_stage/alu_result_w1_o_reg[5]_rep__2/C is not reached by a timing clock
Related violations: <none>

TIMING-17#88 Critical Warning
Non-clocked sequential cell  
The clock pin u_cpu/u_ex_stage/alu_result_w1_o_reg[5]_rep__3/C is not reached by a timing clock
Related violations: <none>

TIMING-17#89 Critical Warning
Non-clocked sequential cell  
The clock pin u_cpu/u_ex_stage/alu_result_w1_o_reg[60]/C is not reached by a timing clock
Related violations: <none>

TIMING-17#90 Critical Warning
Non-clocked sequential cell  
The clock pin u_cpu/u_ex_stage/alu_result_w1_o_reg[61]/C is not reached by a timing clock
Related violations: <none>

TIMING-17#91 Critical Warning
Non-clocked sequential cell  
The clock pin u_cpu/u_ex_stage/alu_result_w1_o_reg[62]/C is not reached by a timing clock
Related violations: <none>

TIMING-17#92 Critical Warning
Non-clocked sequential cell  
The clock pin u_cpu/u_ex_stage/alu_result_w1_o_reg[63]/C is not reached by a timing clock
Related violations: <none>

TIMING-17#93 Critical Warning
Non-clocked sequential cell  
The clock pin u_cpu/u_ex_stage/alu_result_w1_o_reg[6]/C is not reached by a timing clock
Related violations: <none>

TIMING-17#94 Critical Warning
Non-clocked sequential cell  
The clock pin u_cpu/u_ex_stage/alu_result_w1_o_reg[6]_rep/C is not reached by a timing clock
Related violations: <none>

TIMING-17#95 Critical Warning
Non-clocked sequential cell  
The clock pin u_cpu/u_ex_stage/alu_result_w1_o_reg[6]_rep__2/C is not reached by a timing clock
Related violations: <none>

TIMING-17#96 Critical Warning
Non-clocked sequential cell  
The clock pin u_cpu/u_ex_stage/alu_result_w1_o_reg[6]_rep__3/C is not reached by a timing clock
Related violations: <none>

TIMING-17#97 Critical Warning
Non-clocked sequential cell  
The clock pin u_cpu/u_ex_stage/alu_result_w1_o_reg[7]/C is not reached by a timing clock
Related violations: <none>

TIMING-17#98 Critical Warning
Non-clocked sequential cell  
The clock pin u_cpu/u_ex_stage/alu_result_w1_o_reg[7]_rep/C is not reached by a timing clock
Related violations: <none>

TIMING-17#99 Critical Warning
Non-clocked sequential cell  
The clock pin u_cpu/u_ex_stage/alu_result_w1_o_reg[7]_rep__0/C is not reached by a timing clock
Related violations: <none>

TIMING-17#100 Critical Warning
Non-clocked sequential cell  
The clock pin u_cpu/u_ex_stage/alu_result_w1_o_reg[7]_rep__1/C is not reached by a timing clock
Related violations: <none>

TIMING-17#101 Critical Warning
Non-clocked sequential cell  
The clock pin u_cpu/u_ex_stage/alu_result_w1_o_reg[8]/C is not reached by a timing clock
Related violations: <none>

TIMING-17#102 Critical Warning
Non-clocked sequential cell  
The clock pin u_cpu/u_ex_stage/alu_result_w1_o_reg[8]_rep/C is not reached by a timing clock
Related violations: <none>

TIMING-17#103 Critical Warning
Non-clocked sequential cell  
The clock pin u_cpu/u_ex_stage/alu_result_w1_o_reg[8]_rep__0/C is not reached by a timing clock
Related violations: <none>

TIMING-17#104 Critical Warning
Non-clocked sequential cell  
The clock pin u_cpu/u_ex_stage/alu_result_w1_o_reg[8]_rep__1/C is not reached by a timing clock
Related violations: <none>

TIMING-17#105 Critical Warning
Non-clocked sequential cell  
The clock pin u_cpu/u_ex_stage/alu_result_w1_o_reg[9]/C is not reached by a timing clock
Related violations: <none>

TIMING-17#106 Critical Warning
Non-clocked sequential cell  
The clock pin u_cpu/u_ex_stage/alu_result_w2_o_reg[0]/C is not reached by a timing clock
Related violations: <none>

TIMING-17#107 Critical Warning
Non-clocked sequential cell  
The clock pin u_cpu/u_ex_stage/alu_result_w2_o_reg[10]/C is not reached by a timing clock
Related violations: <none>

TIMING-17#108 Critical Warning
Non-clocked sequential cell  
The clock pin u_cpu/u_ex_stage/alu_result_w2_o_reg[11]/C is not reached by a timing clock
Related violations: <none>

TIMING-17#109 Critical Warning
Non-clocked sequential cell  
The clock pin u_cpu/u_ex_stage/alu_result_w2_o_reg[12]/C is not reached by a timing clock
Related violations: <none>

TIMING-17#110 Critical Warning
Non-clocked sequential cell  
The clock pin u_cpu/u_ex_stage/alu_result_w2_o_reg[13]/C is not reached by a timing clock
Related violations: <none>

TIMING-17#111 Critical Warning
Non-clocked sequential cell  
The clock pin u_cpu/u_ex_stage/alu_result_w2_o_reg[14]/C is not reached by a timing clock
Related violations: <none>

TIMING-17#112 Critical Warning
Non-clocked sequential cell  
The clock pin u_cpu/u_ex_stage/alu_result_w2_o_reg[15]/C is not reached by a timing clock
Related violations: <none>

TIMING-17#113 Critical Warning
Non-clocked sequential cell  
The clock pin u_cpu/u_ex_stage/alu_result_w2_o_reg[16]/C is not reached by a timing clock
Related violations: <none>

TIMING-17#114 Critical Warning
Non-clocked sequential cell  
The clock pin u_cpu/u_ex_stage/alu_result_w2_o_reg[17]/C is not reached by a timing clock
Related violations: <none>

TIMING-17#115 Critical Warning
Non-clocked sequential cell  
The clock pin u_cpu/u_ex_stage/alu_result_w2_o_reg[18]/C is not reached by a timing clock
Related violations: <none>

TIMING-17#116 Critical Warning
Non-clocked sequential cell  
The clock pin u_cpu/u_ex_stage/alu_result_w2_o_reg[19]/C is not reached by a timing clock
Related violations: <none>

TIMING-17#117 Critical Warning
Non-clocked sequential cell  
The clock pin u_cpu/u_ex_stage/alu_result_w2_o_reg[1]/C is not reached by a timing clock
Related violations: <none>

TIMING-17#118 Critical Warning
Non-clocked sequential cell  
The clock pin u_cpu/u_ex_stage/alu_result_w2_o_reg[20]/C is not reached by a timing clock
Related violations: <none>

TIMING-17#119 Critical Warning
Non-clocked sequential cell  
The clock pin u_cpu/u_ex_stage/alu_result_w2_o_reg[21]/C is not reached by a timing clock
Related violations: <none>

TIMING-17#120 Critical Warning
Non-clocked sequential cell  
The clock pin u_cpu/u_ex_stage/alu_result_w2_o_reg[22]/C is not reached by a timing clock
Related violations: <none>

TIMING-17#121 Critical Warning
Non-clocked sequential cell  
The clock pin u_cpu/u_ex_stage/alu_result_w2_o_reg[23]/C is not reached by a timing clock
Related violations: <none>

TIMING-17#122 Critical Warning
Non-clocked sequential cell  
The clock pin u_cpu/u_ex_stage/alu_result_w2_o_reg[24]/C is not reached by a timing clock
Related violations: <none>

TIMING-17#123 Critical Warning
Non-clocked sequential cell  
The clock pin u_cpu/u_ex_stage/alu_result_w2_o_reg[25]/C is not reached by a timing clock
Related violations: <none>

TIMING-17#124 Critical Warning
Non-clocked sequential cell  
The clock pin u_cpu/u_ex_stage/alu_result_w2_o_reg[26]/C is not reached by a timing clock
Related violations: <none>

TIMING-17#125 Critical Warning
Non-clocked sequential cell  
The clock pin u_cpu/u_ex_stage/alu_result_w2_o_reg[27]/C is not reached by a timing clock
Related violations: <none>

TIMING-17#126 Critical Warning
Non-clocked sequential cell  
The clock pin u_cpu/u_ex_stage/alu_result_w2_o_reg[28]/C is not reached by a timing clock
Related violations: <none>

TIMING-17#127 Critical Warning
Non-clocked sequential cell  
The clock pin u_cpu/u_ex_stage/alu_result_w2_o_reg[29]/C is not reached by a timing clock
Related violations: <none>

TIMING-17#128 Critical Warning
Non-clocked sequential cell  
The clock pin u_cpu/u_ex_stage/alu_result_w2_o_reg[2]/C is not reached by a timing clock
Related violations: <none>

TIMING-17#129 Critical Warning
Non-clocked sequential cell  
The clock pin u_cpu/u_ex_stage/alu_result_w2_o_reg[30]/C is not reached by a timing clock
Related violations: <none>

TIMING-17#130 Critical Warning
Non-clocked sequential cell  
The clock pin u_cpu/u_ex_stage/alu_result_w2_o_reg[31]/C is not reached by a timing clock
Related violations: <none>

TIMING-17#131 Critical Warning
Non-clocked sequential cell  
The clock pin u_cpu/u_ex_stage/alu_result_w2_o_reg[32]/C is not reached by a timing clock
Related violations: <none>

TIMING-17#132 Critical Warning
Non-clocked sequential cell  
The clock pin u_cpu/u_ex_stage/alu_result_w2_o_reg[33]/C is not reached by a timing clock
Related violations: <none>

TIMING-17#133 Critical Warning
Non-clocked sequential cell  
The clock pin u_cpu/u_ex_stage/alu_result_w2_o_reg[34]/C is not reached by a timing clock
Related violations: <none>

TIMING-17#134 Critical Warning
Non-clocked sequential cell  
The clock pin u_cpu/u_ex_stage/alu_result_w2_o_reg[35]/C is not reached by a timing clock
Related violations: <none>

TIMING-17#135 Critical Warning
Non-clocked sequential cell  
The clock pin u_cpu/u_ex_stage/alu_result_w2_o_reg[36]/C is not reached by a timing clock
Related violations: <none>

TIMING-17#136 Critical Warning
Non-clocked sequential cell  
The clock pin u_cpu/u_ex_stage/alu_result_w2_o_reg[37]/C is not reached by a timing clock
Related violations: <none>

TIMING-17#137 Critical Warning
Non-clocked sequential cell  
The clock pin u_cpu/u_ex_stage/alu_result_w2_o_reg[38]/C is not reached by a timing clock
Related violations: <none>

TIMING-17#138 Critical Warning
Non-clocked sequential cell  
The clock pin u_cpu/u_ex_stage/alu_result_w2_o_reg[39]/C is not reached by a timing clock
Related violations: <none>

TIMING-17#139 Critical Warning
Non-clocked sequential cell  
The clock pin u_cpu/u_ex_stage/alu_result_w2_o_reg[3]/C is not reached by a timing clock
Related violations: <none>

TIMING-17#140 Critical Warning
Non-clocked sequential cell  
The clock pin u_cpu/u_ex_stage/alu_result_w2_o_reg[40]/C is not reached by a timing clock
Related violations: <none>

TIMING-17#141 Critical Warning
Non-clocked sequential cell  
The clock pin u_cpu/u_ex_stage/alu_result_w2_o_reg[41]/C is not reached by a timing clock
Related violations: <none>

TIMING-17#142 Critical Warning
Non-clocked sequential cell  
The clock pin u_cpu/u_ex_stage/alu_result_w2_o_reg[42]/C is not reached by a timing clock
Related violations: <none>

TIMING-17#143 Critical Warning
Non-clocked sequential cell  
The clock pin u_cpu/u_ex_stage/alu_result_w2_o_reg[43]/C is not reached by a timing clock
Related violations: <none>

TIMING-17#144 Critical Warning
Non-clocked sequential cell  
The clock pin u_cpu/u_ex_stage/alu_result_w2_o_reg[44]/C is not reached by a timing clock
Related violations: <none>

TIMING-17#145 Critical Warning
Non-clocked sequential cell  
The clock pin u_cpu/u_ex_stage/alu_result_w2_o_reg[45]/C is not reached by a timing clock
Related violations: <none>

TIMING-17#146 Critical Warning
Non-clocked sequential cell  
The clock pin u_cpu/u_ex_stage/alu_result_w2_o_reg[46]/C is not reached by a timing clock
Related violations: <none>

TIMING-17#147 Critical Warning
Non-clocked sequential cell  
The clock pin u_cpu/u_ex_stage/alu_result_w2_o_reg[47]/C is not reached by a timing clock
Related violations: <none>

TIMING-17#148 Critical Warning
Non-clocked sequential cell  
The clock pin u_cpu/u_ex_stage/alu_result_w2_o_reg[48]/C is not reached by a timing clock
Related violations: <none>

TIMING-17#149 Critical Warning
Non-clocked sequential cell  
The clock pin u_cpu/u_ex_stage/alu_result_w2_o_reg[49]/C is not reached by a timing clock
Related violations: <none>

TIMING-17#150 Critical Warning
Non-clocked sequential cell  
The clock pin u_cpu/u_ex_stage/alu_result_w2_o_reg[4]/C is not reached by a timing clock
Related violations: <none>

TIMING-17#151 Critical Warning
Non-clocked sequential cell  
The clock pin u_cpu/u_ex_stage/alu_result_w2_o_reg[50]/C is not reached by a timing clock
Related violations: <none>

TIMING-17#152 Critical Warning
Non-clocked sequential cell  
The clock pin u_cpu/u_ex_stage/alu_result_w2_o_reg[51]/C is not reached by a timing clock
Related violations: <none>

TIMING-17#153 Critical Warning
Non-clocked sequential cell  
The clock pin u_cpu/u_ex_stage/alu_result_w2_o_reg[52]/C is not reached by a timing clock
Related violations: <none>

TIMING-17#154 Critical Warning
Non-clocked sequential cell  
The clock pin u_cpu/u_ex_stage/alu_result_w2_o_reg[53]/C is not reached by a timing clock
Related violations: <none>

TIMING-17#155 Critical Warning
Non-clocked sequential cell  
The clock pin u_cpu/u_ex_stage/alu_result_w2_o_reg[54]/C is not reached by a timing clock
Related violations: <none>

TIMING-17#156 Critical Warning
Non-clocked sequential cell  
The clock pin u_cpu/u_ex_stage/alu_result_w2_o_reg[55]/C is not reached by a timing clock
Related violations: <none>

TIMING-17#157 Critical Warning
Non-clocked sequential cell  
The clock pin u_cpu/u_ex_stage/alu_result_w2_o_reg[56]/C is not reached by a timing clock
Related violations: <none>

TIMING-17#158 Critical Warning
Non-clocked sequential cell  
The clock pin u_cpu/u_ex_stage/alu_result_w2_o_reg[57]/C is not reached by a timing clock
Related violations: <none>

TIMING-17#159 Critical Warning
Non-clocked sequential cell  
The clock pin u_cpu/u_ex_stage/alu_result_w2_o_reg[58]/C is not reached by a timing clock
Related violations: <none>

TIMING-17#160 Critical Warning
Non-clocked sequential cell  
The clock pin u_cpu/u_ex_stage/alu_result_w2_o_reg[59]/C is not reached by a timing clock
Related violations: <none>

TIMING-17#161 Critical Warning
Non-clocked sequential cell  
The clock pin u_cpu/u_ex_stage/alu_result_w2_o_reg[5]/C is not reached by a timing clock
Related violations: <none>

TIMING-17#162 Critical Warning
Non-clocked sequential cell  
The clock pin u_cpu/u_ex_stage/alu_result_w2_o_reg[60]/C is not reached by a timing clock
Related violations: <none>

TIMING-17#163 Critical Warning
Non-clocked sequential cell  
The clock pin u_cpu/u_ex_stage/alu_result_w2_o_reg[61]/C is not reached by a timing clock
Related violations: <none>

TIMING-17#164 Critical Warning
Non-clocked sequential cell  
The clock pin u_cpu/u_ex_stage/alu_result_w2_o_reg[62]/C is not reached by a timing clock
Related violations: <none>

TIMING-17#165 Critical Warning
Non-clocked sequential cell  
The clock pin u_cpu/u_ex_stage/alu_result_w2_o_reg[63]/C is not reached by a timing clock
Related violations: <none>

TIMING-17#166 Critical Warning
Non-clocked sequential cell  
The clock pin u_cpu/u_ex_stage/alu_result_w2_o_reg[6]/C is not reached by a timing clock
Related violations: <none>

TIMING-17#167 Critical Warning
Non-clocked sequential cell  
The clock pin u_cpu/u_ex_stage/alu_result_w2_o_reg[7]/C is not reached by a timing clock
Related violations: <none>

TIMING-17#168 Critical Warning
Non-clocked sequential cell  
The clock pin u_cpu/u_ex_stage/alu_result_w2_o_reg[8]/C is not reached by a timing clock
Related violations: <none>

TIMING-17#169 Critical Warning
Non-clocked sequential cell  
The clock pin u_cpu/u_ex_stage/alu_result_w2_o_reg[9]/C is not reached by a timing clock
Related violations: <none>

TIMING-17#170 Critical Warning
Non-clocked sequential cell  
The clock pin u_cpu/u_ex_stage/branch_taken_o_reg/C is not reached by a timing clock
Related violations: <none>

TIMING-17#171 Critical Warning
Non-clocked sequential cell  
The clock pin u_cpu/u_ex_stage/branch_target_o_reg[0]/C is not reached by a timing clock
Related violations: <none>

TIMING-17#172 Critical Warning
Non-clocked sequential cell  
The clock pin u_cpu/u_ex_stage/branch_target_o_reg[10]/C is not reached by a timing clock
Related violations: <none>

TIMING-17#173 Critical Warning
Non-clocked sequential cell  
The clock pin u_cpu/u_ex_stage/branch_target_o_reg[11]/C is not reached by a timing clock
Related violations: <none>

TIMING-17#174 Critical Warning
Non-clocked sequential cell  
The clock pin u_cpu/u_ex_stage/branch_target_o_reg[12]/C is not reached by a timing clock
Related violations: <none>

TIMING-17#175 Critical Warning
Non-clocked sequential cell  
The clock pin u_cpu/u_ex_stage/branch_target_o_reg[13]/C is not reached by a timing clock
Related violations: <none>

TIMING-17#176 Critical Warning
Non-clocked sequential cell  
The clock pin u_cpu/u_ex_stage/branch_target_o_reg[14]/C is not reached by a timing clock
Related violations: <none>

TIMING-17#177 Critical Warning
Non-clocked sequential cell  
The clock pin u_cpu/u_ex_stage/branch_target_o_reg[15]/C is not reached by a timing clock
Related violations: <none>

TIMING-17#178 Critical Warning
Non-clocked sequential cell  
The clock pin u_cpu/u_ex_stage/branch_target_o_reg[16]/C is not reached by a timing clock
Related violations: <none>

TIMING-17#179 Critical Warning
Non-clocked sequential cell  
The clock pin u_cpu/u_ex_stage/branch_target_o_reg[17]/C is not reached by a timing clock
Related violations: <none>

TIMING-17#180 Critical Warning
Non-clocked sequential cell  
The clock pin u_cpu/u_ex_stage/branch_target_o_reg[18]/C is not reached by a timing clock
Related violations: <none>

TIMING-17#181 Critical Warning
Non-clocked sequential cell  
The clock pin u_cpu/u_ex_stage/branch_target_o_reg[19]/C is not reached by a timing clock
Related violations: <none>

TIMING-17#182 Critical Warning
Non-clocked sequential cell  
The clock pin u_cpu/u_ex_stage/branch_target_o_reg[1]/C is not reached by a timing clock
Related violations: <none>

TIMING-17#183 Critical Warning
Non-clocked sequential cell  
The clock pin u_cpu/u_ex_stage/branch_target_o_reg[20]/C is not reached by a timing clock
Related violations: <none>

TIMING-17#184 Critical Warning
Non-clocked sequential cell  
The clock pin u_cpu/u_ex_stage/branch_target_o_reg[21]/C is not reached by a timing clock
Related violations: <none>

TIMING-17#185 Critical Warning
Non-clocked sequential cell  
The clock pin u_cpu/u_ex_stage/branch_target_o_reg[22]/C is not reached by a timing clock
Related violations: <none>

TIMING-17#186 Critical Warning
Non-clocked sequential cell  
The clock pin u_cpu/u_ex_stage/branch_target_o_reg[23]/C is not reached by a timing clock
Related violations: <none>

TIMING-17#187 Critical Warning
Non-clocked sequential cell  
The clock pin u_cpu/u_ex_stage/branch_target_o_reg[24]/C is not reached by a timing clock
Related violations: <none>

TIMING-17#188 Critical Warning
Non-clocked sequential cell  
The clock pin u_cpu/u_ex_stage/branch_target_o_reg[25]/C is not reached by a timing clock
Related violations: <none>

TIMING-17#189 Critical Warning
Non-clocked sequential cell  
The clock pin u_cpu/u_ex_stage/branch_target_o_reg[26]/C is not reached by a timing clock
Related violations: <none>

TIMING-17#190 Critical Warning
Non-clocked sequential cell  
The clock pin u_cpu/u_ex_stage/branch_target_o_reg[27]/C is not reached by a timing clock
Related violations: <none>

TIMING-17#191 Critical Warning
Non-clocked sequential cell  
The clock pin u_cpu/u_ex_stage/branch_target_o_reg[28]/C is not reached by a timing clock
Related violations: <none>

TIMING-17#192 Critical Warning
Non-clocked sequential cell  
The clock pin u_cpu/u_ex_stage/branch_target_o_reg[29]/C is not reached by a timing clock
Related violations: <none>

TIMING-17#193 Critical Warning
Non-clocked sequential cell  
The clock pin u_cpu/u_ex_stage/branch_target_o_reg[2]/C is not reached by a timing clock
Related violations: <none>

TIMING-17#194 Critical Warning
Non-clocked sequential cell  
The clock pin u_cpu/u_ex_stage/branch_target_o_reg[30]/C is not reached by a timing clock
Related violations: <none>

TIMING-17#195 Critical Warning
Non-clocked sequential cell  
The clock pin u_cpu/u_ex_stage/branch_target_o_reg[31]/C is not reached by a timing clock
Related violations: <none>

TIMING-17#196 Critical Warning
Non-clocked sequential cell  
The clock pin u_cpu/u_ex_stage/branch_target_o_reg[32]/C is not reached by a timing clock
Related violations: <none>

TIMING-17#197 Critical Warning
Non-clocked sequential cell  
The clock pin u_cpu/u_ex_stage/branch_target_o_reg[33]/C is not reached by a timing clock
Related violations: <none>

TIMING-17#198 Critical Warning
Non-clocked sequential cell  
The clock pin u_cpu/u_ex_stage/branch_target_o_reg[34]/C is not reached by a timing clock
Related violations: <none>

TIMING-17#199 Critical Warning
Non-clocked sequential cell  
The clock pin u_cpu/u_ex_stage/branch_target_o_reg[35]/C is not reached by a timing clock
Related violations: <none>

TIMING-17#200 Critical Warning
Non-clocked sequential cell  
The clock pin u_cpu/u_ex_stage/branch_target_o_reg[36]/C is not reached by a timing clock
Related violations: <none>

TIMING-17#201 Critical Warning
Non-clocked sequential cell  
The clock pin u_cpu/u_ex_stage/branch_target_o_reg[37]/C is not reached by a timing clock
Related violations: <none>

TIMING-17#202 Critical Warning
Non-clocked sequential cell  
The clock pin u_cpu/u_ex_stage/branch_target_o_reg[38]/C is not reached by a timing clock
Related violations: <none>

TIMING-17#203 Critical Warning
Non-clocked sequential cell  
The clock pin u_cpu/u_ex_stage/branch_target_o_reg[39]/C is not reached by a timing clock
Related violations: <none>

TIMING-17#204 Critical Warning
Non-clocked sequential cell  
The clock pin u_cpu/u_ex_stage/branch_target_o_reg[3]/C is not reached by a timing clock
Related violations: <none>

TIMING-17#205 Critical Warning
Non-clocked sequential cell  
The clock pin u_cpu/u_ex_stage/branch_target_o_reg[40]/C is not reached by a timing clock
Related violations: <none>

TIMING-17#206 Critical Warning
Non-clocked sequential cell  
The clock pin u_cpu/u_ex_stage/branch_target_o_reg[41]/C is not reached by a timing clock
Related violations: <none>

TIMING-17#207 Critical Warning
Non-clocked sequential cell  
The clock pin u_cpu/u_ex_stage/branch_target_o_reg[42]/C is not reached by a timing clock
Related violations: <none>

TIMING-17#208 Critical Warning
Non-clocked sequential cell  
The clock pin u_cpu/u_ex_stage/branch_target_o_reg[43]/C is not reached by a timing clock
Related violations: <none>

TIMING-17#209 Critical Warning
Non-clocked sequential cell  
The clock pin u_cpu/u_ex_stage/branch_target_o_reg[44]/C is not reached by a timing clock
Related violations: <none>

TIMING-17#210 Critical Warning
Non-clocked sequential cell  
The clock pin u_cpu/u_ex_stage/branch_target_o_reg[45]/C is not reached by a timing clock
Related violations: <none>

TIMING-17#211 Critical Warning
Non-clocked sequential cell  
The clock pin u_cpu/u_ex_stage/branch_target_o_reg[46]/C is not reached by a timing clock
Related violations: <none>

TIMING-17#212 Critical Warning
Non-clocked sequential cell  
The clock pin u_cpu/u_ex_stage/branch_target_o_reg[47]/C is not reached by a timing clock
Related violations: <none>

TIMING-17#213 Critical Warning
Non-clocked sequential cell  
The clock pin u_cpu/u_ex_stage/branch_target_o_reg[48]/C is not reached by a timing clock
Related violations: <none>

TIMING-17#214 Critical Warning
Non-clocked sequential cell  
The clock pin u_cpu/u_ex_stage/branch_target_o_reg[49]/C is not reached by a timing clock
Related violations: <none>

TIMING-17#215 Critical Warning
Non-clocked sequential cell  
The clock pin u_cpu/u_ex_stage/branch_target_o_reg[4]/C is not reached by a timing clock
Related violations: <none>

TIMING-17#216 Critical Warning
Non-clocked sequential cell  
The clock pin u_cpu/u_ex_stage/branch_target_o_reg[50]/C is not reached by a timing clock
Related violations: <none>

TIMING-17#217 Critical Warning
Non-clocked sequential cell  
The clock pin u_cpu/u_ex_stage/branch_target_o_reg[51]/C is not reached by a timing clock
Related violations: <none>

TIMING-17#218 Critical Warning
Non-clocked sequential cell  
The clock pin u_cpu/u_ex_stage/branch_target_o_reg[52]/C is not reached by a timing clock
Related violations: <none>

TIMING-17#219 Critical Warning
Non-clocked sequential cell  
The clock pin u_cpu/u_ex_stage/branch_target_o_reg[53]/C is not reached by a timing clock
Related violations: <none>

TIMING-17#220 Critical Warning
Non-clocked sequential cell  
The clock pin u_cpu/u_ex_stage/branch_target_o_reg[54]/C is not reached by a timing clock
Related violations: <none>

TIMING-17#221 Critical Warning
Non-clocked sequential cell  
The clock pin u_cpu/u_ex_stage/branch_target_o_reg[55]/C is not reached by a timing clock
Related violations: <none>

TIMING-17#222 Critical Warning
Non-clocked sequential cell  
The clock pin u_cpu/u_ex_stage/branch_target_o_reg[56]/C is not reached by a timing clock
Related violations: <none>

TIMING-17#223 Critical Warning
Non-clocked sequential cell  
The clock pin u_cpu/u_ex_stage/branch_target_o_reg[57]/C is not reached by a timing clock
Related violations: <none>

TIMING-17#224 Critical Warning
Non-clocked sequential cell  
The clock pin u_cpu/u_ex_stage/branch_target_o_reg[58]/C is not reached by a timing clock
Related violations: <none>

TIMING-17#225 Critical Warning
Non-clocked sequential cell  
The clock pin u_cpu/u_ex_stage/branch_target_o_reg[59]/C is not reached by a timing clock
Related violations: <none>

TIMING-17#226 Critical Warning
Non-clocked sequential cell  
The clock pin u_cpu/u_ex_stage/branch_target_o_reg[5]/C is not reached by a timing clock
Related violations: <none>

TIMING-17#227 Critical Warning
Non-clocked sequential cell  
The clock pin u_cpu/u_ex_stage/branch_target_o_reg[60]/C is not reached by a timing clock
Related violations: <none>

TIMING-17#228 Critical Warning
Non-clocked sequential cell  
The clock pin u_cpu/u_ex_stage/branch_target_o_reg[61]/C is not reached by a timing clock
Related violations: <none>

TIMING-17#229 Critical Warning
Non-clocked sequential cell  
The clock pin u_cpu/u_ex_stage/branch_target_o_reg[62]/C is not reached by a timing clock
Related violations: <none>

TIMING-17#230 Critical Warning
Non-clocked sequential cell  
The clock pin u_cpu/u_ex_stage/branch_target_o_reg[63]/C is not reached by a timing clock
Related violations: <none>

TIMING-17#231 Critical Warning
Non-clocked sequential cell  
The clock pin u_cpu/u_ex_stage/branch_target_o_reg[6]/C is not reached by a timing clock
Related violations: <none>

TIMING-17#232 Critical Warning
Non-clocked sequential cell  
The clock pin u_cpu/u_ex_stage/branch_target_o_reg[7]/C is not reached by a timing clock
Related violations: <none>

TIMING-17#233 Critical Warning
Non-clocked sequential cell  
The clock pin u_cpu/u_ex_stage/branch_target_o_reg[8]/C is not reached by a timing clock
Related violations: <none>

TIMING-17#234 Critical Warning
Non-clocked sequential cell  
The clock pin u_cpu/u_ex_stage/branch_target_o_reg[9]/C is not reached by a timing clock
Related violations: <none>

TIMING-17#235 Critical Warning
Non-clocked sequential cell  
The clock pin u_cpu/u_ex_stage/mem_read_en_w1_o_reg/C is not reached by a timing clock
Related violations: <none>

TIMING-17#236 Critical Warning
Non-clocked sequential cell  
The clock pin u_cpu/u_ex_stage/mem_size_w1_o_reg[0]/C is not reached by a timing clock
Related violations: <none>

TIMING-17#237 Critical Warning
Non-clocked sequential cell  
The clock pin u_cpu/u_ex_stage/mem_size_w1_o_reg[1]/C is not reached by a timing clock
Related violations: <none>

TIMING-17#238 Critical Warning
Non-clocked sequential cell  
The clock pin u_cpu/u_ex_stage/mem_size_w1_o_reg[2]/C is not reached by a timing clock
Related violations: <none>

TIMING-17#239 Critical Warning
Non-clocked sequential cell  
The clock pin u_cpu/u_ex_stage/mem_write_en_w1_o_reg/C is not reached by a timing clock
Related violations: <none>

TIMING-17#240 Critical Warning
Non-clocked sequential cell  
The clock pin u_cpu/u_ex_stage/mispredict_o_reg/C is not reached by a timing clock
Related violations: <none>

TIMING-17#241 Critical Warning
Non-clocked sequential cell  
The clock pin u_cpu/u_ex_stage/mispredict_o_reg_rep/C is not reached by a timing clock
Related violations: <none>

TIMING-17#242 Critical Warning
Non-clocked sequential cell  
The clock pin u_cpu/u_ex_stage/mispredict_o_reg_rep__0/C is not reached by a timing clock
Related violations: <none>

TIMING-17#243 Critical Warning
Non-clocked sequential cell  
The clock pin u_cpu/u_ex_stage/mispredict_o_reg_rep__1/C is not reached by a timing clock
Related violations: <none>

TIMING-17#244 Critical Warning
Non-clocked sequential cell  
The clock pin u_cpu/u_ex_stage/mispredict_o_reg_rep__2/C is not reached by a timing clock
Related violations: <none>

TIMING-17#245 Critical Warning
Non-clocked sequential cell  
The clock pin u_cpu/u_ex_stage/mispredict_o_reg_rep__3/C is not reached by a timing clock
Related violations: <none>

TIMING-17#246 Critical Warning
Non-clocked sequential cell  
The clock pin u_cpu/u_ex_stage/mispredict_o_reg_rep__4/C is not reached by a timing clock
Related violations: <none>

TIMING-17#247 Critical Warning
Non-clocked sequential cell  
The clock pin u_cpu/u_ex_stage/mispredict_o_reg_rep__5/C is not reached by a timing clock
Related violations: <none>

TIMING-17#248 Critical Warning
Non-clocked sequential cell  
The clock pin u_cpu/u_ex_stage/mispredict_o_reg_rep__6/C is not reached by a timing clock
Related violations: <none>

TIMING-17#249 Critical Warning
Non-clocked sequential cell  
The clock pin u_cpu/u_ex_stage/mispredict_o_reg_rep__7/C is not reached by a timing clock
Related violations: <none>

TIMING-17#250 Critical Warning
Non-clocked sequential cell  
The clock pin u_cpu/u_ex_stage/mispredict_o_reg_rep__8/C is not reached by a timing clock
Related violations: <none>

TIMING-17#251 Critical Warning
Non-clocked sequential cell  
The clock pin u_cpu/u_ex_stage/rd_addr_w1_o_reg[0]/C is not reached by a timing clock
Related violations: <none>

TIMING-17#252 Critical Warning
Non-clocked sequential cell  
The clock pin u_cpu/u_ex_stage/rd_addr_w1_o_reg[1]/C is not reached by a timing clock
Related violations: <none>

TIMING-17#253 Critical Warning
Non-clocked sequential cell  
The clock pin u_cpu/u_ex_stage/rd_addr_w1_o_reg[2]/C is not reached by a timing clock
Related violations: <none>

TIMING-17#254 Critical Warning
Non-clocked sequential cell  
The clock pin u_cpu/u_ex_stage/rd_addr_w1_o_reg[3]/C is not reached by a timing clock
Related violations: <none>

TIMING-17#255 Critical Warning
Non-clocked sequential cell  
The clock pin u_cpu/u_ex_stage/rd_addr_w1_o_reg[4]/C is not reached by a timing clock
Related violations: <none>

TIMING-17#256 Critical Warning
Non-clocked sequential cell  
The clock pin u_cpu/u_ex_stage/rd_addr_w2_o_reg[0]/C is not reached by a timing clock
Related violations: <none>

TIMING-17#257 Critical Warning
Non-clocked sequential cell  
The clock pin u_cpu/u_ex_stage/rd_addr_w2_o_reg[1]/C is not reached by a timing clock
Related violations: <none>

TIMING-17#258 Critical Warning
Non-clocked sequential cell  
The clock pin u_cpu/u_ex_stage/rd_addr_w2_o_reg[2]/C is not reached by a timing clock
Related violations: <none>

TIMING-17#259 Critical Warning
Non-clocked sequential cell  
The clock pin u_cpu/u_ex_stage/rd_addr_w2_o_reg[3]/C is not reached by a timing clock
Related violations: <none>

TIMING-17#260 Critical Warning
Non-clocked sequential cell  
The clock pin u_cpu/u_ex_stage/rd_addr_w2_o_reg[4]/C is not reached by a timing clock
Related violations: <none>

TIMING-17#261 Critical Warning
Non-clocked sequential cell  
The clock pin u_cpu/u_ex_stage/reg_write_en_w1_o_reg/C is not reached by a timing clock
Related violations: <none>

TIMING-17#262 Critical Warning
Non-clocked sequential cell  
The clock pin u_cpu/u_ex_stage/reg_write_en_w2_o_reg/C is not reached by a timing clock
Related violations: <none>

TIMING-17#263 Critical Warning
Non-clocked sequential cell  
The clock pin u_cpu/u_ex_stage/valid_w1_o_reg/C is not reached by a timing clock
Related violations: <none>

TIMING-17#264 Critical Warning
Non-clocked sequential cell  
The clock pin u_cpu/u_ex_stage/valid_w2_o_reg/C is not reached by a timing clock
Related violations: <none>

TIMING-17#265 Critical Warning
Non-clocked sequential cell  
The clock pin u_cpu/u_ex_stage/wb_sel_w1_o_reg[1]/C is not reached by a timing clock
Related violations: <none>

TIMING-17#266 Critical Warning
Non-clocked sequential cell  
The clock pin u_cpu/u_id_stage/alu_op_w1_o_reg[0]/C is not reached by a timing clock
Related violations: <none>

TIMING-17#267 Critical Warning
Non-clocked sequential cell  
The clock pin u_cpu/u_id_stage/alu_op_w1_o_reg[1]/C is not reached by a timing clock
Related violations: <none>

TIMING-17#268 Critical Warning
Non-clocked sequential cell  
The clock pin u_cpu/u_id_stage/alu_op_w1_o_reg[2]/C is not reached by a timing clock
Related violations: <none>

TIMING-17#269 Critical Warning
Non-clocked sequential cell  
The clock pin u_cpu/u_id_stage/alu_op_w1_o_reg[3]/C is not reached by a timing clock
Related violations: <none>

TIMING-17#270 Critical Warning
Non-clocked sequential cell  
The clock pin u_cpu/u_id_stage/alu_op_w2_o_reg[0]/C is not reached by a timing clock
Related violations: <none>

TIMING-17#271 Critical Warning
Non-clocked sequential cell  
The clock pin u_cpu/u_id_stage/alu_op_w2_o_reg[1]/C is not reached by a timing clock
Related violations: <none>

TIMING-17#272 Critical Warning
Non-clocked sequential cell  
The clock pin u_cpu/u_id_stage/alu_op_w2_o_reg[2]/C is not reached by a timing clock
Related violations: <none>

TIMING-17#273 Critical Warning
Non-clocked sequential cell  
The clock pin u_cpu/u_id_stage/alu_op_w2_o_reg[3]/C is not reached by a timing clock
Related violations: <none>

TIMING-17#274 Critical Warning
Non-clocked sequential cell  
The clock pin u_cpu/u_id_stage/alu_src1_sel_w1_o_reg/C is not reached by a timing clock
Related violations: <none>

TIMING-17#275 Critical Warning
Non-clocked sequential cell  
The clock pin u_cpu/u_id_stage/alu_src1_sel_w2_o_reg/C is not reached by a timing clock
Related violations: <none>

TIMING-17#276 Critical Warning
Non-clocked sequential cell  
The clock pin u_cpu/u_id_stage/alu_src2_sel_w1_o_reg/C is not reached by a timing clock
Related violations: <none>

TIMING-17#277 Critical Warning
Non-clocked sequential cell  
The clock pin u_cpu/u_id_stage/alu_src2_sel_w2_o_reg/C is not reached by a timing clock
Related violations: <none>

TIMING-17#278 Critical Warning
Non-clocked sequential cell  
The clock pin u_cpu/u_id_stage/imm_w1_o_reg[0]/C is not reached by a timing clock
Related violations: <none>

TIMING-17#279 Critical Warning
Non-clocked sequential cell  
The clock pin u_cpu/u_id_stage/imm_w1_o_reg[10]/C is not reached by a timing clock
Related violations: <none>

TIMING-17#280 Critical Warning
Non-clocked sequential cell  
The clock pin u_cpu/u_id_stage/imm_w1_o_reg[11]/C is not reached by a timing clock
Related violations: <none>

TIMING-17#281 Critical Warning
Non-clocked sequential cell  
The clock pin u_cpu/u_id_stage/imm_w1_o_reg[12]/C is not reached by a timing clock
Related violations: <none>

TIMING-17#282 Critical Warning
Non-clocked sequential cell  
The clock pin u_cpu/u_id_stage/imm_w1_o_reg[13]/C is not reached by a timing clock
Related violations: <none>

TIMING-17#283 Critical Warning
Non-clocked sequential cell  
The clock pin u_cpu/u_id_stage/imm_w1_o_reg[14]/C is not reached by a timing clock
Related violations: <none>

TIMING-17#284 Critical Warning
Non-clocked sequential cell  
The clock pin u_cpu/u_id_stage/imm_w1_o_reg[15]/C is not reached by a timing clock
Related violations: <none>

TIMING-17#285 Critical Warning
Non-clocked sequential cell  
The clock pin u_cpu/u_id_stage/imm_w1_o_reg[16]/C is not reached by a timing clock
Related violations: <none>

TIMING-17#286 Critical Warning
Non-clocked sequential cell  
The clock pin u_cpu/u_id_stage/imm_w1_o_reg[17]/C is not reached by a timing clock
Related violations: <none>

TIMING-17#287 Critical Warning
Non-clocked sequential cell  
The clock pin u_cpu/u_id_stage/imm_w1_o_reg[18]/C is not reached by a timing clock
Related violations: <none>

TIMING-17#288 Critical Warning
Non-clocked sequential cell  
The clock pin u_cpu/u_id_stage/imm_w1_o_reg[19]/C is not reached by a timing clock
Related violations: <none>

TIMING-17#289 Critical Warning
Non-clocked sequential cell  
The clock pin u_cpu/u_id_stage/imm_w1_o_reg[1]/C is not reached by a timing clock
Related violations: <none>

TIMING-17#290 Critical Warning
Non-clocked sequential cell  
The clock pin u_cpu/u_id_stage/imm_w1_o_reg[20]/C is not reached by a timing clock
Related violations: <none>

TIMING-17#291 Critical Warning
Non-clocked sequential cell  
The clock pin u_cpu/u_id_stage/imm_w1_o_reg[21]/C is not reached by a timing clock
Related violations: <none>

TIMING-17#292 Critical Warning
Non-clocked sequential cell  
The clock pin u_cpu/u_id_stage/imm_w1_o_reg[22]/C is not reached by a timing clock
Related violations: <none>

TIMING-17#293 Critical Warning
Non-clocked sequential cell  
The clock pin u_cpu/u_id_stage/imm_w1_o_reg[23]/C is not reached by a timing clock
Related violations: <none>

TIMING-17#294 Critical Warning
Non-clocked sequential cell  
The clock pin u_cpu/u_id_stage/imm_w1_o_reg[24]/C is not reached by a timing clock
Related violations: <none>

TIMING-17#295 Critical Warning
Non-clocked sequential cell  
The clock pin u_cpu/u_id_stage/imm_w1_o_reg[25]/C is not reached by a timing clock
Related violations: <none>

TIMING-17#296 Critical Warning
Non-clocked sequential cell  
The clock pin u_cpu/u_id_stage/imm_w1_o_reg[26]/C is not reached by a timing clock
Related violations: <none>

TIMING-17#297 Critical Warning
Non-clocked sequential cell  
The clock pin u_cpu/u_id_stage/imm_w1_o_reg[27]/C is not reached by a timing clock
Related violations: <none>

TIMING-17#298 Critical Warning
Non-clocked sequential cell  
The clock pin u_cpu/u_id_stage/imm_w1_o_reg[28]/C is not reached by a timing clock
Related violations: <none>

TIMING-17#299 Critical Warning
Non-clocked sequential cell  
The clock pin u_cpu/u_id_stage/imm_w1_o_reg[29]/C is not reached by a timing clock
Related violations: <none>

TIMING-17#300 Critical Warning
Non-clocked sequential cell  
The clock pin u_cpu/u_id_stage/imm_w1_o_reg[2]/C is not reached by a timing clock
Related violations: <none>

TIMING-17#301 Critical Warning
Non-clocked sequential cell  
The clock pin u_cpu/u_id_stage/imm_w1_o_reg[30]/C is not reached by a timing clock
Related violations: <none>

TIMING-17#302 Critical Warning
Non-clocked sequential cell  
The clock pin u_cpu/u_id_stage/imm_w1_o_reg[31]/C is not reached by a timing clock
Related violations: <none>

TIMING-17#303 Critical Warning
Non-clocked sequential cell  
The clock pin u_cpu/u_id_stage/imm_w1_o_reg[3]/C is not reached by a timing clock
Related violations: <none>

TIMING-17#304 Critical Warning
Non-clocked sequential cell  
The clock pin u_cpu/u_id_stage/imm_w1_o_reg[4]/C is not reached by a timing clock
Related violations: <none>

TIMING-17#305 Critical Warning
Non-clocked sequential cell  
The clock pin u_cpu/u_id_stage/imm_w1_o_reg[5]/C is not reached by a timing clock
Related violations: <none>

TIMING-17#306 Critical Warning
Non-clocked sequential cell  
The clock pin u_cpu/u_id_stage/imm_w1_o_reg[62]/C is not reached by a timing clock
Related violations: <none>

TIMING-17#307 Critical Warning
Non-clocked sequential cell  
The clock pin u_cpu/u_id_stage/imm_w1_o_reg[63]/C is not reached by a timing clock
Related violations: <none>

TIMING-17#308 Critical Warning
Non-clocked sequential cell  
The clock pin u_cpu/u_id_stage/imm_w1_o_reg[6]/C is not reached by a timing clock
Related violations: <none>

TIMING-17#309 Critical Warning
Non-clocked sequential cell  
The clock pin u_cpu/u_id_stage/imm_w1_o_reg[7]/C is not reached by a timing clock
Related violations: <none>

TIMING-17#310 Critical Warning
Non-clocked sequential cell  
The clock pin u_cpu/u_id_stage/imm_w1_o_reg[8]/C is not reached by a timing clock
Related violations: <none>

TIMING-17#311 Critical Warning
Non-clocked sequential cell  
The clock pin u_cpu/u_id_stage/imm_w1_o_reg[9]/C is not reached by a timing clock
Related violations: <none>

TIMING-17#312 Critical Warning
Non-clocked sequential cell  
The clock pin u_cpu/u_id_stage/imm_w2_o_reg[0]/C is not reached by a timing clock
Related violations: <none>

TIMING-17#313 Critical Warning
Non-clocked sequential cell  
The clock pin u_cpu/u_id_stage/imm_w2_o_reg[10]/C is not reached by a timing clock
Related violations: <none>

TIMING-17#314 Critical Warning
Non-clocked sequential cell  
The clock pin u_cpu/u_id_stage/imm_w2_o_reg[11]/C is not reached by a timing clock
Related violations: <none>

TIMING-17#315 Critical Warning
Non-clocked sequential cell  
The clock pin u_cpu/u_id_stage/imm_w2_o_reg[12]/C is not reached by a timing clock
Related violations: <none>

TIMING-17#316 Critical Warning
Non-clocked sequential cell  
The clock pin u_cpu/u_id_stage/imm_w2_o_reg[13]/C is not reached by a timing clock
Related violations: <none>

TIMING-17#317 Critical Warning
Non-clocked sequential cell  
The clock pin u_cpu/u_id_stage/imm_w2_o_reg[14]/C is not reached by a timing clock
Related violations: <none>

TIMING-17#318 Critical Warning
Non-clocked sequential cell  
The clock pin u_cpu/u_id_stage/imm_w2_o_reg[15]/C is not reached by a timing clock
Related violations: <none>

TIMING-17#319 Critical Warning
Non-clocked sequential cell  
The clock pin u_cpu/u_id_stage/imm_w2_o_reg[16]/C is not reached by a timing clock
Related violations: <none>

TIMING-17#320 Critical Warning
Non-clocked sequential cell  
The clock pin u_cpu/u_id_stage/imm_w2_o_reg[17]/C is not reached by a timing clock
Related violations: <none>

TIMING-17#321 Critical Warning
Non-clocked sequential cell  
The clock pin u_cpu/u_id_stage/imm_w2_o_reg[18]/C is not reached by a timing clock
Related violations: <none>

TIMING-17#322 Critical Warning
Non-clocked sequential cell  
The clock pin u_cpu/u_id_stage/imm_w2_o_reg[19]/C is not reached by a timing clock
Related violations: <none>

TIMING-17#323 Critical Warning
Non-clocked sequential cell  
The clock pin u_cpu/u_id_stage/imm_w2_o_reg[1]/C is not reached by a timing clock
Related violations: <none>

TIMING-17#324 Critical Warning
Non-clocked sequential cell  
The clock pin u_cpu/u_id_stage/imm_w2_o_reg[20]/C is not reached by a timing clock
Related violations: <none>

TIMING-17#325 Critical Warning
Non-clocked sequential cell  
The clock pin u_cpu/u_id_stage/imm_w2_o_reg[21]/C is not reached by a timing clock
Related violations: <none>

TIMING-17#326 Critical Warning
Non-clocked sequential cell  
The clock pin u_cpu/u_id_stage/imm_w2_o_reg[22]/C is not reached by a timing clock
Related violations: <none>

TIMING-17#327 Critical Warning
Non-clocked sequential cell  
The clock pin u_cpu/u_id_stage/imm_w2_o_reg[23]/C is not reached by a timing clock
Related violations: <none>

TIMING-17#328 Critical Warning
Non-clocked sequential cell  
The clock pin u_cpu/u_id_stage/imm_w2_o_reg[24]/C is not reached by a timing clock
Related violations: <none>

TIMING-17#329 Critical Warning
Non-clocked sequential cell  
The clock pin u_cpu/u_id_stage/imm_w2_o_reg[25]/C is not reached by a timing clock
Related violations: <none>

TIMING-17#330 Critical Warning
Non-clocked sequential cell  
The clock pin u_cpu/u_id_stage/imm_w2_o_reg[26]/C is not reached by a timing clock
Related violations: <none>

TIMING-17#331 Critical Warning
Non-clocked sequential cell  
The clock pin u_cpu/u_id_stage/imm_w2_o_reg[27]/C is not reached by a timing clock
Related violations: <none>

TIMING-17#332 Critical Warning
Non-clocked sequential cell  
The clock pin u_cpu/u_id_stage/imm_w2_o_reg[28]/C is not reached by a timing clock
Related violations: <none>

TIMING-17#333 Critical Warning
Non-clocked sequential cell  
The clock pin u_cpu/u_id_stage/imm_w2_o_reg[29]/C is not reached by a timing clock
Related violations: <none>

TIMING-17#334 Critical Warning
Non-clocked sequential cell  
The clock pin u_cpu/u_id_stage/imm_w2_o_reg[2]/C is not reached by a timing clock
Related violations: <none>

TIMING-17#335 Critical Warning
Non-clocked sequential cell  
The clock pin u_cpu/u_id_stage/imm_w2_o_reg[30]/C is not reached by a timing clock
Related violations: <none>

TIMING-17#336 Critical Warning
Non-clocked sequential cell  
The clock pin u_cpu/u_id_stage/imm_w2_o_reg[31]/C is not reached by a timing clock
Related violations: <none>

TIMING-17#337 Critical Warning
Non-clocked sequential cell  
The clock pin u_cpu/u_id_stage/imm_w2_o_reg[3]/C is not reached by a timing clock
Related violations: <none>

TIMING-17#338 Critical Warning
Non-clocked sequential cell  
The clock pin u_cpu/u_id_stage/imm_w2_o_reg[4]/C is not reached by a timing clock
Related violations: <none>

TIMING-17#339 Critical Warning
Non-clocked sequential cell  
The clock pin u_cpu/u_id_stage/imm_w2_o_reg[5]/C is not reached by a timing clock
Related violations: <none>

TIMING-17#340 Critical Warning
Non-clocked sequential cell  
The clock pin u_cpu/u_id_stage/imm_w2_o_reg[62]/C is not reached by a timing clock
Related violations: <none>

TIMING-17#341 Critical Warning
Non-clocked sequential cell  
The clock pin u_cpu/u_id_stage/imm_w2_o_reg[63]/C is not reached by a timing clock
Related violations: <none>

TIMING-17#342 Critical Warning
Non-clocked sequential cell  
The clock pin u_cpu/u_id_stage/imm_w2_o_reg[6]/C is not reached by a timing clock
Related violations: <none>

TIMING-17#343 Critical Warning
Non-clocked sequential cell  
The clock pin u_cpu/u_id_stage/imm_w2_o_reg[7]/C is not reached by a timing clock
Related violations: <none>

TIMING-17#344 Critical Warning
Non-clocked sequential cell  
The clock pin u_cpu/u_id_stage/imm_w2_o_reg[8]/C is not reached by a timing clock
Related violations: <none>

TIMING-17#345 Critical Warning
Non-clocked sequential cell  
The clock pin u_cpu/u_id_stage/imm_w2_o_reg[9]/C is not reached by a timing clock
Related violations: <none>

TIMING-17#346 Critical Warning
Non-clocked sequential cell  
The clock pin u_cpu/u_id_stage/is_branch_w1_o_reg/C is not reached by a timing clock
Related violations: <none>

TIMING-17#347 Critical Warning
Non-clocked sequential cell  
The clock pin u_cpu/u_id_stage/is_branch_w2_o_reg/C is not reached by a timing clock
Related violations: <none>

TIMING-17#348 Critical Warning
Non-clocked sequential cell  
The clock pin u_cpu/u_id_stage/is_jump_w1_o_reg/C is not reached by a timing clock
Related violations: <none>

TIMING-17#349 Critical Warning
Non-clocked sequential cell  
The clock pin u_cpu/u_id_stage/is_jump_w2_o_reg/C is not reached by a timing clock
Related violations: <none>

TIMING-17#350 Critical Warning
Non-clocked sequential cell  
The clock pin u_cpu/u_id_stage/is_mem_op_w1_o_reg/C is not reached by a timing clock
Related violations: <none>

TIMING-17#351 Critical Warning
Non-clocked sequential cell  
The clock pin u_cpu/u_id_stage/is_mem_op_w2_o_reg/C is not reached by a timing clock
Related violations: <none>

TIMING-17#352 Critical Warning
Non-clocked sequential cell  
The clock pin u_cpu/u_id_stage/is_muldiv_w1_o_reg/C is not reached by a timing clock
Related violations: <none>

TIMING-17#353 Critical Warning
Non-clocked sequential cell  
The clock pin u_cpu/u_id_stage/is_muldiv_w2_o_reg/C is not reached by a timing clock
Related violations: <none>

TIMING-17#354 Critical Warning
Non-clocked sequential cell  
The clock pin u_cpu/u_id_stage/is_system_w1_o_reg/C is not reached by a timing clock
Related violations: <none>

TIMING-17#355 Critical Warning
Non-clocked sequential cell  
The clock pin u_cpu/u_id_stage/is_system_w2_o_reg/C is not reached by a timing clock
Related violations: <none>

TIMING-17#356 Critical Warning
Non-clocked sequential cell  
The clock pin u_cpu/u_id_stage/mem_read_en_w1_o_reg/C is not reached by a timing clock
Related violations: <none>

TIMING-17#357 Critical Warning
Non-clocked sequential cell  
The clock pin u_cpu/u_id_stage/mem_read_en_w2_o_reg/C is not reached by a timing clock
Related violations: <none>

TIMING-17#358 Critical Warning
Non-clocked sequential cell  
The clock pin u_cpu/u_id_stage/mem_size_w1_o_reg[0]/C is not reached by a timing clock
Related violations: <none>

TIMING-17#359 Critical Warning
Non-clocked sequential cell  
The clock pin u_cpu/u_id_stage/mem_size_w1_o_reg[1]/C is not reached by a timing clock
Related violations: <none>

TIMING-17#360 Critical Warning
Non-clocked sequential cell  
The clock pin u_cpu/u_id_stage/mem_size_w1_o_reg[2]/C is not reached by a timing clock
Related violations: <none>

TIMING-17#361 Critical Warning
Non-clocked sequential cell  
The clock pin u_cpu/u_id_stage/mem_size_w2_o_reg[0]/C is not reached by a timing clock
Related violations: <none>

TIMING-17#362 Critical Warning
Non-clocked sequential cell  
The clock pin u_cpu/u_id_stage/mem_size_w2_o_reg[1]/C is not reached by a timing clock
Related violations: <none>

TIMING-17#363 Critical Warning
Non-clocked sequential cell  
The clock pin u_cpu/u_id_stage/mem_size_w2_o_reg[2]/C is not reached by a timing clock
Related violations: <none>

TIMING-17#364 Critical Warning
Non-clocked sequential cell  
The clock pin u_cpu/u_id_stage/mem_write_en_w1_o_reg/C is not reached by a timing clock
Related violations: <none>

TIMING-17#365 Critical Warning
Non-clocked sequential cell  
The clock pin u_cpu/u_id_stage/mem_write_en_w2_o_reg/C is not reached by a timing clock
Related violations: <none>

TIMING-17#366 Critical Warning
Non-clocked sequential cell  
The clock pin u_cpu/u_id_stage/muldiv_funct3_w1_o_reg[0]/C is not reached by a timing clock
Related violations: <none>

TIMING-17#367 Critical Warning
Non-clocked sequential cell  
The clock pin u_cpu/u_id_stage/muldiv_funct3_w1_o_reg[1]/C is not reached by a timing clock
Related violations: <none>

TIMING-17#368 Critical Warning
Non-clocked sequential cell  
The clock pin u_cpu/u_id_stage/muldiv_funct3_w1_o_reg[2]/C is not reached by a timing clock
Related violations: <none>

TIMING-17#369 Critical Warning
Non-clocked sequential cell  
The clock pin u_cpu/u_id_stage/muldiv_funct3_w2_o_reg[0]/C is not reached by a timing clock
Related violations: <none>

TIMING-17#370 Critical Warning
Non-clocked sequential cell  
The clock pin u_cpu/u_id_stage/muldiv_funct3_w2_o_reg[1]/C is not reached by a timing clock
Related violations: <none>

TIMING-17#371 Critical Warning
Non-clocked sequential cell  
The clock pin u_cpu/u_id_stage/muldiv_funct3_w2_o_reg[2]/C is not reached by a timing clock
Related violations: <none>

TIMING-17#372 Critical Warning
Non-clocked sequential cell  
The clock pin u_cpu/u_id_stage/pc_w1_o_reg[0]/C is not reached by a timing clock
Related violations: <none>

TIMING-17#373 Critical Warning
Non-clocked sequential cell  
The clock pin u_cpu/u_id_stage/pc_w1_o_reg[10]/C is not reached by a timing clock
Related violations: <none>

TIMING-17#374 Critical Warning
Non-clocked sequential cell  
The clock pin u_cpu/u_id_stage/pc_w1_o_reg[11]/C is not reached by a timing clock
Related violations: <none>

TIMING-17#375 Critical Warning
Non-clocked sequential cell  
The clock pin u_cpu/u_id_stage/pc_w1_o_reg[12]/C is not reached by a timing clock
Related violations: <none>

TIMING-17#376 Critical Warning
Non-clocked sequential cell  
The clock pin u_cpu/u_id_stage/pc_w1_o_reg[13]/C is not reached by a timing clock
Related violations: <none>

TIMING-17#377 Critical Warning
Non-clocked sequential cell  
The clock pin u_cpu/u_id_stage/pc_w1_o_reg[14]/C is not reached by a timing clock
Related violations: <none>

TIMING-17#378 Critical Warning
Non-clocked sequential cell  
The clock pin u_cpu/u_id_stage/pc_w1_o_reg[15]/C is not reached by a timing clock
Related violations: <none>

TIMING-17#379 Critical Warning
Non-clocked sequential cell  
The clock pin u_cpu/u_id_stage/pc_w1_o_reg[16]/C is not reached by a timing clock
Related violations: <none>

TIMING-17#380 Critical Warning
Non-clocked sequential cell  
The clock pin u_cpu/u_id_stage/pc_w1_o_reg[17]/C is not reached by a timing clock
Related violations: <none>

TIMING-17#381 Critical Warning
Non-clocked sequential cell  
The clock pin u_cpu/u_id_stage/pc_w1_o_reg[18]/C is not reached by a timing clock
Related violations: <none>

TIMING-17#382 Critical Warning
Non-clocked sequential cell  
The clock pin u_cpu/u_id_stage/pc_w1_o_reg[19]/C is not reached by a timing clock
Related violations: <none>

TIMING-17#383 Critical Warning
Non-clocked sequential cell  
The clock pin u_cpu/u_id_stage/pc_w1_o_reg[1]/C is not reached by a timing clock
Related violations: <none>

TIMING-17#384 Critical Warning
Non-clocked sequential cell  
The clock pin u_cpu/u_id_stage/pc_w1_o_reg[20]/C is not reached by a timing clock
Related violations: <none>

TIMING-17#385 Critical Warning
Non-clocked sequential cell  
The clock pin u_cpu/u_id_stage/pc_w1_o_reg[21]/C is not reached by a timing clock
Related violations: <none>

TIMING-17#386 Critical Warning
Non-clocked sequential cell  
The clock pin u_cpu/u_id_stage/pc_w1_o_reg[22]/C is not reached by a timing clock
Related violations: <none>

TIMING-17#387 Critical Warning
Non-clocked sequential cell  
The clock pin u_cpu/u_id_stage/pc_w1_o_reg[23]/C is not reached by a timing clock
Related violations: <none>

TIMING-17#388 Critical Warning
Non-clocked sequential cell  
The clock pin u_cpu/u_id_stage/pc_w1_o_reg[24]/C is not reached by a timing clock
Related violations: <none>

TIMING-17#389 Critical Warning
Non-clocked sequential cell  
The clock pin u_cpu/u_id_stage/pc_w1_o_reg[25]/C is not reached by a timing clock
Related violations: <none>

TIMING-17#390 Critical Warning
Non-clocked sequential cell  
The clock pin u_cpu/u_id_stage/pc_w1_o_reg[26]/C is not reached by a timing clock
Related violations: <none>

TIMING-17#391 Critical Warning
Non-clocked sequential cell  
The clock pin u_cpu/u_id_stage/pc_w1_o_reg[27]/C is not reached by a timing clock
Related violations: <none>

TIMING-17#392 Critical Warning
Non-clocked sequential cell  
The clock pin u_cpu/u_id_stage/pc_w1_o_reg[28]/C is not reached by a timing clock
Related violations: <none>

TIMING-17#393 Critical Warning
Non-clocked sequential cell  
The clock pin u_cpu/u_id_stage/pc_w1_o_reg[29]/C is not reached by a timing clock
Related violations: <none>

TIMING-17#394 Critical Warning
Non-clocked sequential cell  
The clock pin u_cpu/u_id_stage/pc_w1_o_reg[2]/C is not reached by a timing clock
Related violations: <none>

TIMING-17#395 Critical Warning
Non-clocked sequential cell  
The clock pin u_cpu/u_id_stage/pc_w1_o_reg[30]/C is not reached by a timing clock
Related violations: <none>

TIMING-17#396 Critical Warning
Non-clocked sequential cell  
The clock pin u_cpu/u_id_stage/pc_w1_o_reg[31]/C is not reached by a timing clock
Related violations: <none>

TIMING-17#397 Critical Warning
Non-clocked sequential cell  
The clock pin u_cpu/u_id_stage/pc_w1_o_reg[32]/C is not reached by a timing clock
Related violations: <none>

TIMING-17#398 Critical Warning
Non-clocked sequential cell  
The clock pin u_cpu/u_id_stage/pc_w1_o_reg[33]/C is not reached by a timing clock
Related violations: <none>

TIMING-17#399 Critical Warning
Non-clocked sequential cell  
The clock pin u_cpu/u_id_stage/pc_w1_o_reg[34]/C is not reached by a timing clock
Related violations: <none>

TIMING-17#400 Critical Warning
Non-clocked sequential cell  
The clock pin u_cpu/u_id_stage/pc_w1_o_reg[35]/C is not reached by a timing clock
Related violations: <none>

TIMING-17#401 Critical Warning
Non-clocked sequential cell  
The clock pin u_cpu/u_id_stage/pc_w1_o_reg[36]/C is not reached by a timing clock
Related violations: <none>

TIMING-17#402 Critical Warning
Non-clocked sequential cell  
The clock pin u_cpu/u_id_stage/pc_w1_o_reg[37]/C is not reached by a timing clock
Related violations: <none>

TIMING-17#403 Critical Warning
Non-clocked sequential cell  
The clock pin u_cpu/u_id_stage/pc_w1_o_reg[38]/C is not reached by a timing clock
Related violations: <none>

TIMING-17#404 Critical Warning
Non-clocked sequential cell  
The clock pin u_cpu/u_id_stage/pc_w1_o_reg[39]/C is not reached by a timing clock
Related violations: <none>

TIMING-17#405 Critical Warning
Non-clocked sequential cell  
The clock pin u_cpu/u_id_stage/pc_w1_o_reg[3]/C is not reached by a timing clock
Related violations: <none>

TIMING-17#406 Critical Warning
Non-clocked sequential cell  
The clock pin u_cpu/u_id_stage/pc_w1_o_reg[40]/C is not reached by a timing clock
Related violations: <none>

TIMING-17#407 Critical Warning
Non-clocked sequential cell  
The clock pin u_cpu/u_id_stage/pc_w1_o_reg[41]/C is not reached by a timing clock
Related violations: <none>

TIMING-17#408 Critical Warning
Non-clocked sequential cell  
The clock pin u_cpu/u_id_stage/pc_w1_o_reg[42]/C is not reached by a timing clock
Related violations: <none>

TIMING-17#409 Critical Warning
Non-clocked sequential cell  
The clock pin u_cpu/u_id_stage/pc_w1_o_reg[43]/C is not reached by a timing clock
Related violations: <none>

TIMING-17#410 Critical Warning
Non-clocked sequential cell  
The clock pin u_cpu/u_id_stage/pc_w1_o_reg[44]/C is not reached by a timing clock
Related violations: <none>

TIMING-17#411 Critical Warning
Non-clocked sequential cell  
The clock pin u_cpu/u_id_stage/pc_w1_o_reg[45]/C is not reached by a timing clock
Related violations: <none>

TIMING-17#412 Critical Warning
Non-clocked sequential cell  
The clock pin u_cpu/u_id_stage/pc_w1_o_reg[46]/C is not reached by a timing clock
Related violations: <none>

TIMING-17#413 Critical Warning
Non-clocked sequential cell  
The clock pin u_cpu/u_id_stage/pc_w1_o_reg[47]/C is not reached by a timing clock
Related violations: <none>

TIMING-17#414 Critical Warning
Non-clocked sequential cell  
The clock pin u_cpu/u_id_stage/pc_w1_o_reg[48]/C is not reached by a timing clock
Related violations: <none>

TIMING-17#415 Critical Warning
Non-clocked sequential cell  
The clock pin u_cpu/u_id_stage/pc_w1_o_reg[49]/C is not reached by a timing clock
Related violations: <none>

TIMING-17#416 Critical Warning
Non-clocked sequential cell  
The clock pin u_cpu/u_id_stage/pc_w1_o_reg[4]/C is not reached by a timing clock
Related violations: <none>

TIMING-17#417 Critical Warning
Non-clocked sequential cell  
The clock pin u_cpu/u_id_stage/pc_w1_o_reg[50]/C is not reached by a timing clock
Related violations: <none>

TIMING-17#418 Critical Warning
Non-clocked sequential cell  
The clock pin u_cpu/u_id_stage/pc_w1_o_reg[51]/C is not reached by a timing clock
Related violations: <none>

TIMING-17#419 Critical Warning
Non-clocked sequential cell  
The clock pin u_cpu/u_id_stage/pc_w1_o_reg[52]/C is not reached by a timing clock
Related violations: <none>

TIMING-17#420 Critical Warning
Non-clocked sequential cell  
The clock pin u_cpu/u_id_stage/pc_w1_o_reg[53]/C is not reached by a timing clock
Related violations: <none>

TIMING-17#421 Critical Warning
Non-clocked sequential cell  
The clock pin u_cpu/u_id_stage/pc_w1_o_reg[54]/C is not reached by a timing clock
Related violations: <none>

TIMING-17#422 Critical Warning
Non-clocked sequential cell  
The clock pin u_cpu/u_id_stage/pc_w1_o_reg[55]/C is not reached by a timing clock
Related violations: <none>

TIMING-17#423 Critical Warning
Non-clocked sequential cell  
The clock pin u_cpu/u_id_stage/pc_w1_o_reg[56]/C is not reached by a timing clock
Related violations: <none>

TIMING-17#424 Critical Warning
Non-clocked sequential cell  
The clock pin u_cpu/u_id_stage/pc_w1_o_reg[57]/C is not reached by a timing clock
Related violations: <none>

TIMING-17#425 Critical Warning
Non-clocked sequential cell  
The clock pin u_cpu/u_id_stage/pc_w1_o_reg[58]/C is not reached by a timing clock
Related violations: <none>

TIMING-17#426 Critical Warning
Non-clocked sequential cell  
The clock pin u_cpu/u_id_stage/pc_w1_o_reg[59]/C is not reached by a timing clock
Related violations: <none>

TIMING-17#427 Critical Warning
Non-clocked sequential cell  
The clock pin u_cpu/u_id_stage/pc_w1_o_reg[5]/C is not reached by a timing clock
Related violations: <none>

TIMING-17#428 Critical Warning
Non-clocked sequential cell  
The clock pin u_cpu/u_id_stage/pc_w1_o_reg[60]/C is not reached by a timing clock
Related violations: <none>

TIMING-17#429 Critical Warning
Non-clocked sequential cell  
The clock pin u_cpu/u_id_stage/pc_w1_o_reg[61]/C is not reached by a timing clock
Related violations: <none>

TIMING-17#430 Critical Warning
Non-clocked sequential cell  
The clock pin u_cpu/u_id_stage/pc_w1_o_reg[62]/C is not reached by a timing clock
Related violations: <none>

TIMING-17#431 Critical Warning
Non-clocked sequential cell  
The clock pin u_cpu/u_id_stage/pc_w1_o_reg[63]/C is not reached by a timing clock
Related violations: <none>

TIMING-17#432 Critical Warning
Non-clocked sequential cell  
The clock pin u_cpu/u_id_stage/pc_w1_o_reg[6]/C is not reached by a timing clock
Related violations: <none>

TIMING-17#433 Critical Warning
Non-clocked sequential cell  
The clock pin u_cpu/u_id_stage/pc_w1_o_reg[7]/C is not reached by a timing clock
Related violations: <none>

TIMING-17#434 Critical Warning
Non-clocked sequential cell  
The clock pin u_cpu/u_id_stage/pc_w1_o_reg[8]/C is not reached by a timing clock
Related violations: <none>

TIMING-17#435 Critical Warning
Non-clocked sequential cell  
The clock pin u_cpu/u_id_stage/pc_w1_o_reg[9]/C is not reached by a timing clock
Related violations: <none>

TIMING-17#436 Critical Warning
Non-clocked sequential cell  
The clock pin u_cpu/u_id_stage/pc_w2_o_reg[0]/C is not reached by a timing clock
Related violations: <none>

TIMING-17#437 Critical Warning
Non-clocked sequential cell  
The clock pin u_cpu/u_id_stage/pc_w2_o_reg[10]/C is not reached by a timing clock
Related violations: <none>

TIMING-17#438 Critical Warning
Non-clocked sequential cell  
The clock pin u_cpu/u_id_stage/pc_w2_o_reg[11]/C is not reached by a timing clock
Related violations: <none>

TIMING-17#439 Critical Warning
Non-clocked sequential cell  
The clock pin u_cpu/u_id_stage/pc_w2_o_reg[12]/C is not reached by a timing clock
Related violations: <none>

TIMING-17#440 Critical Warning
Non-clocked sequential cell  
The clock pin u_cpu/u_id_stage/pc_w2_o_reg[13]/C is not reached by a timing clock
Related violations: <none>

TIMING-17#441 Critical Warning
Non-clocked sequential cell  
The clock pin u_cpu/u_id_stage/pc_w2_o_reg[14]/C is not reached by a timing clock
Related violations: <none>

TIMING-17#442 Critical Warning
Non-clocked sequential cell  
The clock pin u_cpu/u_id_stage/pc_w2_o_reg[15]/C is not reached by a timing clock
Related violations: <none>

TIMING-17#443 Critical Warning
Non-clocked sequential cell  
The clock pin u_cpu/u_id_stage/pc_w2_o_reg[16]/C is not reached by a timing clock
Related violations: <none>

TIMING-17#444 Critical Warning
Non-clocked sequential cell  
The clock pin u_cpu/u_id_stage/pc_w2_o_reg[17]/C is not reached by a timing clock
Related violations: <none>

TIMING-17#445 Critical Warning
Non-clocked sequential cell  
The clock pin u_cpu/u_id_stage/pc_w2_o_reg[18]/C is not reached by a timing clock
Related violations: <none>

TIMING-17#446 Critical Warning
Non-clocked sequential cell  
The clock pin u_cpu/u_id_stage/pc_w2_o_reg[19]/C is not reached by a timing clock
Related violations: <none>

TIMING-17#447 Critical Warning
Non-clocked sequential cell  
The clock pin u_cpu/u_id_stage/pc_w2_o_reg[1]/C is not reached by a timing clock
Related violations: <none>

TIMING-17#448 Critical Warning
Non-clocked sequential cell  
The clock pin u_cpu/u_id_stage/pc_w2_o_reg[20]/C is not reached by a timing clock
Related violations: <none>

TIMING-17#449 Critical Warning
Non-clocked sequential cell  
The clock pin u_cpu/u_id_stage/pc_w2_o_reg[21]/C is not reached by a timing clock
Related violations: <none>

TIMING-17#450 Critical Warning
Non-clocked sequential cell  
The clock pin u_cpu/u_id_stage/pc_w2_o_reg[22]/C is not reached by a timing clock
Related violations: <none>

TIMING-17#451 Critical Warning
Non-clocked sequential cell  
The clock pin u_cpu/u_id_stage/pc_w2_o_reg[23]/C is not reached by a timing clock
Related violations: <none>

TIMING-17#452 Critical Warning
Non-clocked sequential cell  
The clock pin u_cpu/u_id_stage/pc_w2_o_reg[24]/C is not reached by a timing clock
Related violations: <none>

TIMING-17#453 Critical Warning
Non-clocked sequential cell  
The clock pin u_cpu/u_id_stage/pc_w2_o_reg[25]/C is not reached by a timing clock
Related violations: <none>

TIMING-17#454 Critical Warning
Non-clocked sequential cell  
The clock pin u_cpu/u_id_stage/pc_w2_o_reg[26]/C is not reached by a timing clock
Related violations: <none>

TIMING-17#455 Critical Warning
Non-clocked sequential cell  
The clock pin u_cpu/u_id_stage/pc_w2_o_reg[27]/C is not reached by a timing clock
Related violations: <none>

TIMING-17#456 Critical Warning
Non-clocked sequential cell  
The clock pin u_cpu/u_id_stage/pc_w2_o_reg[28]/C is not reached by a timing clock
Related violations: <none>

TIMING-17#457 Critical Warning
Non-clocked sequential cell  
The clock pin u_cpu/u_id_stage/pc_w2_o_reg[29]/C is not reached by a timing clock
Related violations: <none>

TIMING-17#458 Critical Warning
Non-clocked sequential cell  
The clock pin u_cpu/u_id_stage/pc_w2_o_reg[2]/C is not reached by a timing clock
Related violations: <none>

TIMING-17#459 Critical Warning
Non-clocked sequential cell  
The clock pin u_cpu/u_id_stage/pc_w2_o_reg[30]/C is not reached by a timing clock
Related violations: <none>

TIMING-17#460 Critical Warning
Non-clocked sequential cell  
The clock pin u_cpu/u_id_stage/pc_w2_o_reg[31]/C is not reached by a timing clock
Related violations: <none>

TIMING-17#461 Critical Warning
Non-clocked sequential cell  
The clock pin u_cpu/u_id_stage/pc_w2_o_reg[32]/C is not reached by a timing clock
Related violations: <none>

TIMING-17#462 Critical Warning
Non-clocked sequential cell  
The clock pin u_cpu/u_id_stage/pc_w2_o_reg[33]/C is not reached by a timing clock
Related violations: <none>

TIMING-17#463 Critical Warning
Non-clocked sequential cell  
The clock pin u_cpu/u_id_stage/pc_w2_o_reg[34]/C is not reached by a timing clock
Related violations: <none>

TIMING-17#464 Critical Warning
Non-clocked sequential cell  
The clock pin u_cpu/u_id_stage/pc_w2_o_reg[35]/C is not reached by a timing clock
Related violations: <none>

TIMING-17#465 Critical Warning
Non-clocked sequential cell  
The clock pin u_cpu/u_id_stage/pc_w2_o_reg[36]/C is not reached by a timing clock
Related violations: <none>

TIMING-17#466 Critical Warning
Non-clocked sequential cell  
The clock pin u_cpu/u_id_stage/pc_w2_o_reg[37]/C is not reached by a timing clock
Related violations: <none>

TIMING-17#467 Critical Warning
Non-clocked sequential cell  
The clock pin u_cpu/u_id_stage/pc_w2_o_reg[38]/C is not reached by a timing clock
Related violations: <none>

TIMING-17#468 Critical Warning
Non-clocked sequential cell  
The clock pin u_cpu/u_id_stage/pc_w2_o_reg[39]/C is not reached by a timing clock
Related violations: <none>

TIMING-17#469 Critical Warning
Non-clocked sequential cell  
The clock pin u_cpu/u_id_stage/pc_w2_o_reg[3]/C is not reached by a timing clock
Related violations: <none>

TIMING-17#470 Critical Warning
Non-clocked sequential cell  
The clock pin u_cpu/u_id_stage/pc_w2_o_reg[40]/C is not reached by a timing clock
Related violations: <none>

TIMING-17#471 Critical Warning
Non-clocked sequential cell  
The clock pin u_cpu/u_id_stage/pc_w2_o_reg[41]/C is not reached by a timing clock
Related violations: <none>

TIMING-17#472 Critical Warning
Non-clocked sequential cell  
The clock pin u_cpu/u_id_stage/pc_w2_o_reg[42]/C is not reached by a timing clock
Related violations: <none>

TIMING-17#473 Critical Warning
Non-clocked sequential cell  
The clock pin u_cpu/u_id_stage/pc_w2_o_reg[43]/C is not reached by a timing clock
Related violations: <none>

TIMING-17#474 Critical Warning
Non-clocked sequential cell  
The clock pin u_cpu/u_id_stage/pc_w2_o_reg[44]/C is not reached by a timing clock
Related violations: <none>

TIMING-17#475 Critical Warning
Non-clocked sequential cell  
The clock pin u_cpu/u_id_stage/pc_w2_o_reg[45]/C is not reached by a timing clock
Related violations: <none>

TIMING-17#476 Critical Warning
Non-clocked sequential cell  
The clock pin u_cpu/u_id_stage/pc_w2_o_reg[46]/C is not reached by a timing clock
Related violations: <none>

TIMING-17#477 Critical Warning
Non-clocked sequential cell  
The clock pin u_cpu/u_id_stage/pc_w2_o_reg[47]/C is not reached by a timing clock
Related violations: <none>

TIMING-17#478 Critical Warning
Non-clocked sequential cell  
The clock pin u_cpu/u_id_stage/pc_w2_o_reg[48]/C is not reached by a timing clock
Related violations: <none>

TIMING-17#479 Critical Warning
Non-clocked sequential cell  
The clock pin u_cpu/u_id_stage/pc_w2_o_reg[49]/C is not reached by a timing clock
Related violations: <none>

TIMING-17#480 Critical Warning
Non-clocked sequential cell  
The clock pin u_cpu/u_id_stage/pc_w2_o_reg[4]/C is not reached by a timing clock
Related violations: <none>

TIMING-17#481 Critical Warning
Non-clocked sequential cell  
The clock pin u_cpu/u_id_stage/pc_w2_o_reg[50]/C is not reached by a timing clock
Related violations: <none>

TIMING-17#482 Critical Warning
Non-clocked sequential cell  
The clock pin u_cpu/u_id_stage/pc_w2_o_reg[51]/C is not reached by a timing clock
Related violations: <none>

TIMING-17#483 Critical Warning
Non-clocked sequential cell  
The clock pin u_cpu/u_id_stage/pc_w2_o_reg[52]/C is not reached by a timing clock
Related violations: <none>

TIMING-17#484 Critical Warning
Non-clocked sequential cell  
The clock pin u_cpu/u_id_stage/pc_w2_o_reg[53]/C is not reached by a timing clock
Related violations: <none>

TIMING-17#485 Critical Warning
Non-clocked sequential cell  
The clock pin u_cpu/u_id_stage/pc_w2_o_reg[54]/C is not reached by a timing clock
Related violations: <none>

TIMING-17#486 Critical Warning
Non-clocked sequential cell  
The clock pin u_cpu/u_id_stage/pc_w2_o_reg[55]/C is not reached by a timing clock
Related violations: <none>

TIMING-17#487 Critical Warning
Non-clocked sequential cell  
The clock pin u_cpu/u_id_stage/pc_w2_o_reg[56]/C is not reached by a timing clock
Related violations: <none>

TIMING-17#488 Critical Warning
Non-clocked sequential cell  
The clock pin u_cpu/u_id_stage/pc_w2_o_reg[57]/C is not reached by a timing clock
Related violations: <none>

TIMING-17#489 Critical Warning
Non-clocked sequential cell  
The clock pin u_cpu/u_id_stage/pc_w2_o_reg[58]/C is not reached by a timing clock
Related violations: <none>

TIMING-17#490 Critical Warning
Non-clocked sequential cell  
The clock pin u_cpu/u_id_stage/pc_w2_o_reg[59]/C is not reached by a timing clock
Related violations: <none>

TIMING-17#491 Critical Warning
Non-clocked sequential cell  
The clock pin u_cpu/u_id_stage/pc_w2_o_reg[5]/C is not reached by a timing clock
Related violations: <none>

TIMING-17#492 Critical Warning
Non-clocked sequential cell  
The clock pin u_cpu/u_id_stage/pc_w2_o_reg[60]/C is not reached by a timing clock
Related violations: <none>

TIMING-17#493 Critical Warning
Non-clocked sequential cell  
The clock pin u_cpu/u_id_stage/pc_w2_o_reg[61]/C is not reached by a timing clock
Related violations: <none>

TIMING-17#494 Critical Warning
Non-clocked sequential cell  
The clock pin u_cpu/u_id_stage/pc_w2_o_reg[62]/C is not reached by a timing clock
Related violations: <none>

TIMING-17#495 Critical Warning
Non-clocked sequential cell  
The clock pin u_cpu/u_id_stage/pc_w2_o_reg[63]/C is not reached by a timing clock
Related violations: <none>

TIMING-17#496 Critical Warning
Non-clocked sequential cell  
The clock pin u_cpu/u_id_stage/pc_w2_o_reg[6]/C is not reached by a timing clock
Related violations: <none>

TIMING-17#497 Critical Warning
Non-clocked sequential cell  
The clock pin u_cpu/u_id_stage/pc_w2_o_reg[7]/C is not reached by a timing clock
Related violations: <none>

TIMING-17#498 Critical Warning
Non-clocked sequential cell  
The clock pin u_cpu/u_id_stage/pc_w2_o_reg[8]/C is not reached by a timing clock
Related violations: <none>

TIMING-17#499 Critical Warning
Non-clocked sequential cell  
The clock pin u_cpu/u_id_stage/pc_w2_o_reg[9]/C is not reached by a timing clock
Related violations: <none>

TIMING-17#500 Critical Warning
Non-clocked sequential cell  
The clock pin u_cpu/u_id_stage/predict_taken_o_reg/C is not reached by a timing clock
Related violations: <none>

TIMING-17#501 Critical Warning
Non-clocked sequential cell  
The clock pin u_cpu/u_id_stage/predict_target_o_reg[0]/C is not reached by a timing clock
Related violations: <none>

TIMING-17#502 Critical Warning
Non-clocked sequential cell  
The clock pin u_cpu/u_id_stage/rd_addr_w1_o_reg[0]/C is not reached by a timing clock
Related violations: <none>

TIMING-17#503 Critical Warning
Non-clocked sequential cell  
The clock pin u_cpu/u_id_stage/rd_addr_w1_o_reg[1]/C is not reached by a timing clock
Related violations: <none>

TIMING-17#504 Critical Warning
Non-clocked sequential cell  
The clock pin u_cpu/u_id_stage/rd_addr_w1_o_reg[2]/C is not reached by a timing clock
Related violations: <none>

TIMING-17#505 Critical Warning
Non-clocked sequential cell  
The clock pin u_cpu/u_id_stage/rd_addr_w1_o_reg[3]/C is not reached by a timing clock
Related violations: <none>

TIMING-17#506 Critical Warning
Non-clocked sequential cell  
The clock pin u_cpu/u_id_stage/rd_addr_w1_o_reg[4]/C is not reached by a timing clock
Related violations: <none>

TIMING-17#507 Critical Warning
Non-clocked sequential cell  
The clock pin u_cpu/u_id_stage/rd_addr_w2_o_reg[0]/C is not reached by a timing clock
Related violations: <none>

TIMING-17#508 Critical Warning
Non-clocked sequential cell  
The clock pin u_cpu/u_id_stage/rd_addr_w2_o_reg[1]/C is not reached by a timing clock
Related violations: <none>

TIMING-17#509 Critical Warning
Non-clocked sequential cell  
The clock pin u_cpu/u_id_stage/rd_addr_w2_o_reg[2]/C is not reached by a timing clock
Related violations: <none>

TIMING-17#510 Critical Warning
Non-clocked sequential cell  
The clock pin u_cpu/u_id_stage/rd_addr_w2_o_reg[3]/C is not reached by a timing clock
Related violations: <none>

TIMING-17#511 Critical Warning
Non-clocked sequential cell  
The clock pin u_cpu/u_id_stage/rd_addr_w2_o_reg[4]/C is not reached by a timing clock
Related violations: <none>

TIMING-17#512 Critical Warning
Non-clocked sequential cell  
The clock pin u_cpu/u_id_stage/reg_write_en_w1_o_reg/C is not reached by a timing clock
Related violations: <none>

TIMING-17#513 Critical Warning
Non-clocked sequential cell  
The clock pin u_cpu/u_id_stage/reg_write_en_w2_o_reg/C is not reached by a timing clock
Related violations: <none>

TIMING-17#514 Critical Warning
Non-clocked sequential cell  
The clock pin u_cpu/u_id_stage/rs1_addr_w1_o_reg[0]/C is not reached by a timing clock
Related violations: <none>

TIMING-17#515 Critical Warning
Non-clocked sequential cell  
The clock pin u_cpu/u_id_stage/rs1_addr_w1_o_reg[0]_rep/C is not reached by a timing clock
Related violations: <none>

TIMING-17#516 Critical Warning
Non-clocked sequential cell  
The clock pin u_cpu/u_id_stage/rs1_addr_w1_o_reg[0]_rep__0/C is not reached by a timing clock
Related violations: <none>

TIMING-17#517 Critical Warning
Non-clocked sequential cell  
The clock pin u_cpu/u_id_stage/rs1_addr_w1_o_reg[0]_rep__1/C is not reached by a timing clock
Related violations: <none>

TIMING-17#518 Critical Warning
Non-clocked sequential cell  
The clock pin u_cpu/u_id_stage/rs1_addr_w1_o_reg[0]_rep__2/C is not reached by a timing clock
Related violations: <none>

TIMING-17#519 Critical Warning
Non-clocked sequential cell  
The clock pin u_cpu/u_id_stage/rs1_addr_w1_o_reg[1]/C is not reached by a timing clock
Related violations: <none>

TIMING-17#520 Critical Warning
Non-clocked sequential cell  
The clock pin u_cpu/u_id_stage/rs1_addr_w1_o_reg[1]_rep/C is not reached by a timing clock
Related violations: <none>

TIMING-17#521 Critical Warning
Non-clocked sequential cell  
The clock pin u_cpu/u_id_stage/rs1_addr_w1_o_reg[1]_rep__0/C is not reached by a timing clock
Related violations: <none>

TIMING-17#522 Critical Warning
Non-clocked sequential cell  
The clock pin u_cpu/u_id_stage/rs1_addr_w1_o_reg[1]_rep__1/C is not reached by a timing clock
Related violations: <none>

TIMING-17#523 Critical Warning
Non-clocked sequential cell  
The clock pin u_cpu/u_id_stage/rs1_addr_w1_o_reg[1]_rep__2/C is not reached by a timing clock
Related violations: <none>

TIMING-17#524 Critical Warning
Non-clocked sequential cell  
The clock pin u_cpu/u_id_stage/rs1_addr_w1_o_reg[2]/C is not reached by a timing clock
Related violations: <none>

TIMING-17#525 Critical Warning
Non-clocked sequential cell  
The clock pin u_cpu/u_id_stage/rs1_addr_w1_o_reg[2]_rep/C is not reached by a timing clock
Related violations: <none>

TIMING-17#526 Critical Warning
Non-clocked sequential cell  
The clock pin u_cpu/u_id_stage/rs1_addr_w1_o_reg[2]_rep__0/C is not reached by a timing clock
Related violations: <none>

TIMING-17#527 Critical Warning
Non-clocked sequential cell  
The clock pin u_cpu/u_id_stage/rs1_addr_w1_o_reg[2]_rep__1/C is not reached by a timing clock
Related violations: <none>

TIMING-17#528 Critical Warning
Non-clocked sequential cell  
The clock pin u_cpu/u_id_stage/rs1_addr_w1_o_reg[3]/C is not reached by a timing clock
Related violations: <none>

TIMING-17#529 Critical Warning
Non-clocked sequential cell  
The clock pin u_cpu/u_id_stage/rs1_addr_w1_o_reg[4]/C is not reached by a timing clock
Related violations: <none>

TIMING-17#530 Critical Warning
Non-clocked sequential cell  
The clock pin u_cpu/u_id_stage/rs1_addr_w2_o_reg[0]/C is not reached by a timing clock
Related violations: <none>

TIMING-17#531 Critical Warning
Non-clocked sequential cell  
The clock pin u_cpu/u_id_stage/rs1_addr_w2_o_reg[0]_rep/C is not reached by a timing clock
Related violations: <none>

TIMING-17#532 Critical Warning
Non-clocked sequential cell  
The clock pin u_cpu/u_id_stage/rs1_addr_w2_o_reg[0]_rep__0/C is not reached by a timing clock
Related violations: <none>

TIMING-17#533 Critical Warning
Non-clocked sequential cell  
The clock pin u_cpu/u_id_stage/rs1_addr_w2_o_reg[0]_rep__1/C is not reached by a timing clock
Related violations: <none>

TIMING-17#534 Critical Warning
Non-clocked sequential cell  
The clock pin u_cpu/u_id_stage/rs1_addr_w2_o_reg[0]_rep__2/C is not reached by a timing clock
Related violations: <none>

TIMING-17#535 Critical Warning
Non-clocked sequential cell  
The clock pin u_cpu/u_id_stage/rs1_addr_w2_o_reg[0]_rep__3/C is not reached by a timing clock
Related violations: <none>

TIMING-17#536 Critical Warning
Non-clocked sequential cell  
The clock pin u_cpu/u_id_stage/rs1_addr_w2_o_reg[1]/C is not reached by a timing clock
Related violations: <none>

TIMING-17#537 Critical Warning
Non-clocked sequential cell  
The clock pin u_cpu/u_id_stage/rs1_addr_w2_o_reg[1]_rep/C is not reached by a timing clock
Related violations: <none>

TIMING-17#538 Critical Warning
Non-clocked sequential cell  
The clock pin u_cpu/u_id_stage/rs1_addr_w2_o_reg[1]_rep__0/C is not reached by a timing clock
Related violations: <none>

TIMING-17#539 Critical Warning
Non-clocked sequential cell  
The clock pin u_cpu/u_id_stage/rs1_addr_w2_o_reg[1]_rep__1/C is not reached by a timing clock
Related violations: <none>

TIMING-17#540 Critical Warning
Non-clocked sequential cell  
The clock pin u_cpu/u_id_stage/rs1_addr_w2_o_reg[1]_rep__2/C is not reached by a timing clock
Related violations: <none>

TIMING-17#541 Critical Warning
Non-clocked sequential cell  
The clock pin u_cpu/u_id_stage/rs1_addr_w2_o_reg[2]/C is not reached by a timing clock
Related violations: <none>

TIMING-17#542 Critical Warning
Non-clocked sequential cell  
The clock pin u_cpu/u_id_stage/rs1_addr_w2_o_reg[2]_rep/C is not reached by a timing clock
Related violations: <none>

TIMING-17#543 Critical Warning
Non-clocked sequential cell  
The clock pin u_cpu/u_id_stage/rs1_addr_w2_o_reg[2]_rep__0/C is not reached by a timing clock
Related violations: <none>

TIMING-17#544 Critical Warning
Non-clocked sequential cell  
The clock pin u_cpu/u_id_stage/rs1_addr_w2_o_reg[2]_rep__1/C is not reached by a timing clock
Related violations: <none>

TIMING-17#545 Critical Warning
Non-clocked sequential cell  
The clock pin u_cpu/u_id_stage/rs1_addr_w2_o_reg[3]/C is not reached by a timing clock
Related violations: <none>

TIMING-17#546 Critical Warning
Non-clocked sequential cell  
The clock pin u_cpu/u_id_stage/rs1_addr_w2_o_reg[4]/C is not reached by a timing clock
Related violations: <none>

TIMING-17#547 Critical Warning
Non-clocked sequential cell  
The clock pin u_cpu/u_id_stage/rs2_addr_w1_o_reg[0]/C is not reached by a timing clock
Related violations: <none>

TIMING-17#548 Critical Warning
Non-clocked sequential cell  
The clock pin u_cpu/u_id_stage/rs2_addr_w1_o_reg[0]_rep/C is not reached by a timing clock
Related violations: <none>

TIMING-17#549 Critical Warning
Non-clocked sequential cell  
The clock pin u_cpu/u_id_stage/rs2_addr_w1_o_reg[0]_rep__0/C is not reached by a timing clock
Related violations: <none>

TIMING-17#550 Critical Warning
Non-clocked sequential cell  
The clock pin u_cpu/u_id_stage/rs2_addr_w1_o_reg[0]_rep__1/C is not reached by a timing clock
Related violations: <none>

TIMING-17#551 Critical Warning
Non-clocked sequential cell  
The clock pin u_cpu/u_id_stage/rs2_addr_w1_o_reg[0]_rep__2/C is not reached by a timing clock
Related violations: <none>

TIMING-17#552 Critical Warning
Non-clocked sequential cell  
The clock pin u_cpu/u_id_stage/rs2_addr_w1_o_reg[1]/C is not reached by a timing clock
Related violations: <none>

TIMING-17#553 Critical Warning
Non-clocked sequential cell  
The clock pin u_cpu/u_id_stage/rs2_addr_w1_o_reg[1]_rep/C is not reached by a timing clock
Related violations: <none>

TIMING-17#554 Critical Warning
Non-clocked sequential cell  
The clock pin u_cpu/u_id_stage/rs2_addr_w1_o_reg[1]_rep__0/C is not reached by a timing clock
Related violations: <none>

TIMING-17#555 Critical Warning
Non-clocked sequential cell  
The clock pin u_cpu/u_id_stage/rs2_addr_w1_o_reg[1]_rep__1/C is not reached by a timing clock
Related violations: <none>

TIMING-17#556 Critical Warning
Non-clocked sequential cell  
The clock pin u_cpu/u_id_stage/rs2_addr_w1_o_reg[1]_rep__2/C is not reached by a timing clock
Related violations: <none>

TIMING-17#557 Critical Warning
Non-clocked sequential cell  
The clock pin u_cpu/u_id_stage/rs2_addr_w1_o_reg[2]/C is not reached by a timing clock
Related violations: <none>

TIMING-17#558 Critical Warning
Non-clocked sequential cell  
The clock pin u_cpu/u_id_stage/rs2_addr_w1_o_reg[2]_rep/C is not reached by a timing clock
Related violations: <none>

TIMING-17#559 Critical Warning
Non-clocked sequential cell  
The clock pin u_cpu/u_id_stage/rs2_addr_w1_o_reg[2]_rep__0/C is not reached by a timing clock
Related violations: <none>

TIMING-17#560 Critical Warning
Non-clocked sequential cell  
The clock pin u_cpu/u_id_stage/rs2_addr_w1_o_reg[2]_rep__1/C is not reached by a timing clock
Related violations: <none>

TIMING-17#561 Critical Warning
Non-clocked sequential cell  
The clock pin u_cpu/u_id_stage/rs2_addr_w1_o_reg[3]/C is not reached by a timing clock
Related violations: <none>

TIMING-17#562 Critical Warning
Non-clocked sequential cell  
The clock pin u_cpu/u_id_stage/rs2_addr_w1_o_reg[4]/C is not reached by a timing clock
Related violations: <none>

TIMING-17#563 Critical Warning
Non-clocked sequential cell  
The clock pin u_cpu/u_id_stage/rs2_addr_w2_o_reg[0]/C is not reached by a timing clock
Related violations: <none>

TIMING-17#564 Critical Warning
Non-clocked sequential cell  
The clock pin u_cpu/u_id_stage/rs2_addr_w2_o_reg[0]_rep/C is not reached by a timing clock
Related violations: <none>

TIMING-17#565 Critical Warning
Non-clocked sequential cell  
The clock pin u_cpu/u_id_stage/rs2_addr_w2_o_reg[0]_rep__0/C is not reached by a timing clock
Related violations: <none>

TIMING-17#566 Critical Warning
Non-clocked sequential cell  
The clock pin u_cpu/u_id_stage/rs2_addr_w2_o_reg[0]_rep__1/C is not reached by a timing clock
Related violations: <none>

TIMING-17#567 Critical Warning
Non-clocked sequential cell  
The clock pin u_cpu/u_id_stage/rs2_addr_w2_o_reg[0]_rep__2/C is not reached by a timing clock
Related violations: <none>

TIMING-17#568 Critical Warning
Non-clocked sequential cell  
The clock pin u_cpu/u_id_stage/rs2_addr_w2_o_reg[1]/C is not reached by a timing clock
Related violations: <none>

TIMING-17#569 Critical Warning
Non-clocked sequential cell  
The clock pin u_cpu/u_id_stage/rs2_addr_w2_o_reg[1]_rep/C is not reached by a timing clock
Related violations: <none>

TIMING-17#570 Critical Warning
Non-clocked sequential cell  
The clock pin u_cpu/u_id_stage/rs2_addr_w2_o_reg[1]_rep__0/C is not reached by a timing clock
Related violations: <none>

TIMING-17#571 Critical Warning
Non-clocked sequential cell  
The clock pin u_cpu/u_id_stage/rs2_addr_w2_o_reg[1]_rep__1/C is not reached by a timing clock
Related violations: <none>

TIMING-17#572 Critical Warning
Non-clocked sequential cell  
The clock pin u_cpu/u_id_stage/rs2_addr_w2_o_reg[1]_rep__2/C is not reached by a timing clock
Related violations: <none>

TIMING-17#573 Critical Warning
Non-clocked sequential cell  
The clock pin u_cpu/u_id_stage/rs2_addr_w2_o_reg[1]_rep__3/C is not reached by a timing clock
Related violations: <none>

TIMING-17#574 Critical Warning
Non-clocked sequential cell  
The clock pin u_cpu/u_id_stage/rs2_addr_w2_o_reg[2]/C is not reached by a timing clock
Related violations: <none>

TIMING-17#575 Critical Warning
Non-clocked sequential cell  
The clock pin u_cpu/u_id_stage/rs2_addr_w2_o_reg[2]_rep/C is not reached by a timing clock
Related violations: <none>

TIMING-17#576 Critical Warning
Non-clocked sequential cell  
The clock pin u_cpu/u_id_stage/rs2_addr_w2_o_reg[2]_rep__0/C is not reached by a timing clock
Related violations: <none>

TIMING-17#577 Critical Warning
Non-clocked sequential cell  
The clock pin u_cpu/u_id_stage/rs2_addr_w2_o_reg[2]_rep__1/C is not reached by a timing clock
Related violations: <none>

TIMING-17#578 Critical Warning
Non-clocked sequential cell  
The clock pin u_cpu/u_id_stage/rs2_addr_w2_o_reg[3]/C is not reached by a timing clock
Related violations: <none>

TIMING-17#579 Critical Warning
Non-clocked sequential cell  
The clock pin u_cpu/u_id_stage/rs2_addr_w2_o_reg[4]/C is not reached by a timing clock
Related violations: <none>

TIMING-17#580 Critical Warning
Non-clocked sequential cell  
The clock pin u_cpu/u_id_stage/uses_rs1_w1_o_reg/C is not reached by a timing clock
Related violations: <none>

TIMING-17#581 Critical Warning
Non-clocked sequential cell  
The clock pin u_cpu/u_id_stage/uses_rs1_w2_o_reg/C is not reached by a timing clock
Related violations: <none>

TIMING-17#582 Critical Warning
Non-clocked sequential cell  
The clock pin u_cpu/u_id_stage/uses_rs2_w1_o_reg/C is not reached by a timing clock
Related violations: <none>

TIMING-17#583 Critical Warning
Non-clocked sequential cell  
The clock pin u_cpu/u_id_stage/uses_rs2_w2_o_reg/C is not reached by a timing clock
Related violations: <none>

TIMING-17#584 Critical Warning
Non-clocked sequential cell  
The clock pin u_cpu/u_id_stage/valid_w1_o_reg/C is not reached by a timing clock
Related violations: <none>

TIMING-17#585 Critical Warning
Non-clocked sequential cell  
The clock pin u_cpu/u_id_stage/valid_w2_o_reg/C is not reached by a timing clock
Related violations: <none>

TIMING-17#586 Critical Warning
Non-clocked sequential cell  
The clock pin u_cpu/u_id_stage/wb_sel_w1_o_reg[1]/C is not reached by a timing clock
Related violations: <none>

TIMING-17#587 Critical Warning
Non-clocked sequential cell  
The clock pin u_cpu/u_id_stage/wb_sel_w2_o_reg[1]/C is not reached by a timing clock
Related violations: <none>

TIMING-17#588 Critical Warning
Non-clocked sequential cell  
The clock pin u_cpu/u_if_stage/ghr_reg[0]/C is not reached by a timing clock
Related violations: <none>

TIMING-17#589 Critical Warning
Non-clocked sequential cell  
The clock pin u_cpu/u_if_stage/ghr_reg[1]/C is not reached by a timing clock
Related violations: <none>

TIMING-17#590 Critical Warning
Non-clocked sequential cell  
The clock pin u_cpu/u_if_stage/ghr_reg[2]/C is not reached by a timing clock
Related violations: <none>

TIMING-17#591 Critical Warning
Non-clocked sequential cell  
The clock pin u_cpu/u_if_stage/ghr_reg[3]/C is not reached by a timing clock
Related violations: <none>

TIMING-17#592 Critical Warning
Non-clocked sequential cell  
The clock pin u_cpu/u_if_stage/ghr_reg[4]/C is not reached by a timing clock
Related violations: <none>

TIMING-17#593 Critical Warning
Non-clocked sequential cell  
The clock pin u_cpu/u_if_stage/ghr_reg[5]/C is not reached by a timing clock
Related violations: <none>

TIMING-17#594 Critical Warning
Non-clocked sequential cell  
The clock pin u_cpu/u_if_stage/ghr_reg[6]/C is not reached by a timing clock
Related violations: <none>

TIMING-17#595 Critical Warning
Non-clocked sequential cell  
The clock pin u_cpu/u_if_stage/ghr_reg[7]/C is not reached by a timing clock
Related violations: <none>

TIMING-17#596 Critical Warning
Non-clocked sequential cell  
The clock pin u_cpu/u_if_stage/instr_out_w1_reg[0]/C is not reached by a timing clock
Related violations: <none>

TIMING-17#597 Critical Warning
Non-clocked sequential cell  
The clock pin u_cpu/u_if_stage/instr_out_w1_reg[10]/C is not reached by a timing clock
Related violations: <none>

TIMING-17#598 Critical Warning
Non-clocked sequential cell  
The clock pin u_cpu/u_if_stage/instr_out_w1_reg[11]/C is not reached by a timing clock
Related violations: <none>

TIMING-17#599 Critical Warning
Non-clocked sequential cell  
The clock pin u_cpu/u_if_stage/instr_out_w1_reg[12]/C is not reached by a timing clock
Related violations: <none>

TIMING-17#600 Critical Warning
Non-clocked sequential cell  
The clock pin u_cpu/u_if_stage/instr_out_w1_reg[13]/C is not reached by a timing clock
Related violations: <none>

TIMING-17#601 Critical Warning
Non-clocked sequential cell  
The clock pin u_cpu/u_if_stage/instr_out_w1_reg[14]/C is not reached by a timing clock
Related violations: <none>

TIMING-17#602 Critical Warning
Non-clocked sequential cell  
The clock pin u_cpu/u_if_stage/instr_out_w1_reg[15]/C is not reached by a timing clock
Related violations: <none>

TIMING-17#603 Critical Warning
Non-clocked sequential cell  
The clock pin u_cpu/u_if_stage/instr_out_w1_reg[16]/C is not reached by a timing clock
Related violations: <none>

TIMING-17#604 Critical Warning
Non-clocked sequential cell  
The clock pin u_cpu/u_if_stage/instr_out_w1_reg[17]/C is not reached by a timing clock
Related violations: <none>

TIMING-17#605 Critical Warning
Non-clocked sequential cell  
The clock pin u_cpu/u_if_stage/instr_out_w1_reg[18]/C is not reached by a timing clock
Related violations: <none>

TIMING-17#606 Critical Warning
Non-clocked sequential cell  
The clock pin u_cpu/u_if_stage/instr_out_w1_reg[19]/C is not reached by a timing clock
Related violations: <none>

TIMING-17#607 Critical Warning
Non-clocked sequential cell  
The clock pin u_cpu/u_if_stage/instr_out_w1_reg[1]/C is not reached by a timing clock
Related violations: <none>

TIMING-17#608 Critical Warning
Non-clocked sequential cell  
The clock pin u_cpu/u_if_stage/instr_out_w1_reg[20]/C is not reached by a timing clock
Related violations: <none>

TIMING-17#609 Critical Warning
Non-clocked sequential cell  
The clock pin u_cpu/u_if_stage/instr_out_w1_reg[21]/C is not reached by a timing clock
Related violations: <none>

TIMING-17#610 Critical Warning
Non-clocked sequential cell  
The clock pin u_cpu/u_if_stage/instr_out_w1_reg[22]/C is not reached by a timing clock
Related violations: <none>

TIMING-17#611 Critical Warning
Non-clocked sequential cell  
The clock pin u_cpu/u_if_stage/instr_out_w1_reg[23]/C is not reached by a timing clock
Related violations: <none>

TIMING-17#612 Critical Warning
Non-clocked sequential cell  
The clock pin u_cpu/u_if_stage/instr_out_w1_reg[24]/C is not reached by a timing clock
Related violations: <none>

TIMING-17#613 Critical Warning
Non-clocked sequential cell  
The clock pin u_cpu/u_if_stage/instr_out_w1_reg[25]/C is not reached by a timing clock
Related violations: <none>

TIMING-17#614 Critical Warning
Non-clocked sequential cell  
The clock pin u_cpu/u_if_stage/instr_out_w1_reg[26]/C is not reached by a timing clock
Related violations: <none>

TIMING-17#615 Critical Warning
Non-clocked sequential cell  
The clock pin u_cpu/u_if_stage/instr_out_w1_reg[27]/C is not reached by a timing clock
Related violations: <none>

TIMING-17#616 Critical Warning
Non-clocked sequential cell  
The clock pin u_cpu/u_if_stage/instr_out_w1_reg[28]/C is not reached by a timing clock
Related violations: <none>

TIMING-17#617 Critical Warning
Non-clocked sequential cell  
The clock pin u_cpu/u_if_stage/instr_out_w1_reg[29]/C is not reached by a timing clock
Related violations: <none>

TIMING-17#618 Critical Warning
Non-clocked sequential cell  
The clock pin u_cpu/u_if_stage/instr_out_w1_reg[2]/C is not reached by a timing clock
Related violations: <none>

TIMING-17#619 Critical Warning
Non-clocked sequential cell  
The clock pin u_cpu/u_if_stage/instr_out_w1_reg[30]/C is not reached by a timing clock
Related violations: <none>

TIMING-17#620 Critical Warning
Non-clocked sequential cell  
The clock pin u_cpu/u_if_stage/instr_out_w1_reg[31]/C is not reached by a timing clock
Related violations: <none>

TIMING-17#621 Critical Warning
Non-clocked sequential cell  
The clock pin u_cpu/u_if_stage/instr_out_w1_reg[3]/C is not reached by a timing clock
Related violations: <none>

TIMING-17#622 Critical Warning
Non-clocked sequential cell  
The clock pin u_cpu/u_if_stage/instr_out_w1_reg[4]/C is not reached by a timing clock
Related violations: <none>

TIMING-17#623 Critical Warning
Non-clocked sequential cell  
The clock pin u_cpu/u_if_stage/instr_out_w1_reg[5]/C is not reached by a timing clock
Related violations: <none>

TIMING-17#624 Critical Warning
Non-clocked sequential cell  
The clock pin u_cpu/u_if_stage/instr_out_w1_reg[6]/C is not reached by a timing clock
Related violations: <none>

TIMING-17#625 Critical Warning
Non-clocked sequential cell  
The clock pin u_cpu/u_if_stage/instr_out_w1_reg[7]/C is not reached by a timing clock
Related violations: <none>

TIMING-17#626 Critical Warning
Non-clocked sequential cell  
The clock pin u_cpu/u_if_stage/instr_out_w1_reg[8]/C is not reached by a timing clock
Related violations: <none>

TIMING-17#627 Critical Warning
Non-clocked sequential cell  
The clock pin u_cpu/u_if_stage/instr_out_w1_reg[9]/C is not reached by a timing clock
Related violations: <none>

TIMING-17#628 Critical Warning
Non-clocked sequential cell  
The clock pin u_cpu/u_if_stage/instr_out_w2_reg[0]/C is not reached by a timing clock
Related violations: <none>

TIMING-17#629 Critical Warning
Non-clocked sequential cell  
The clock pin u_cpu/u_if_stage/instr_out_w2_reg[10]/C is not reached by a timing clock
Related violations: <none>

TIMING-17#630 Critical Warning
Non-clocked sequential cell  
The clock pin u_cpu/u_if_stage/instr_out_w2_reg[11]/C is not reached by a timing clock
Related violations: <none>

TIMING-17#631 Critical Warning
Non-clocked sequential cell  
The clock pin u_cpu/u_if_stage/instr_out_w2_reg[12]/C is not reached by a timing clock
Related violations: <none>

TIMING-17#632 Critical Warning
Non-clocked sequential cell  
The clock pin u_cpu/u_if_stage/instr_out_w2_reg[13]/C is not reached by a timing clock
Related violations: <none>

TIMING-17#633 Critical Warning
Non-clocked sequential cell  
The clock pin u_cpu/u_if_stage/instr_out_w2_reg[14]/C is not reached by a timing clock
Related violations: <none>

TIMING-17#634 Critical Warning
Non-clocked sequential cell  
The clock pin u_cpu/u_if_stage/instr_out_w2_reg[15]/C is not reached by a timing clock
Related violations: <none>

TIMING-17#635 Critical Warning
Non-clocked sequential cell  
The clock pin u_cpu/u_if_stage/instr_out_w2_reg[16]/C is not reached by a timing clock
Related violations: <none>

TIMING-17#636 Critical Warning
Non-clocked sequential cell  
The clock pin u_cpu/u_if_stage/instr_out_w2_reg[17]/C is not reached by a timing clock
Related violations: <none>

TIMING-17#637 Critical Warning
Non-clocked sequential cell  
The clock pin u_cpu/u_if_stage/instr_out_w2_reg[18]/C is not reached by a timing clock
Related violations: <none>

TIMING-17#638 Critical Warning
Non-clocked sequential cell  
The clock pin u_cpu/u_if_stage/instr_out_w2_reg[19]/C is not reached by a timing clock
Related violations: <none>

TIMING-17#639 Critical Warning
Non-clocked sequential cell  
The clock pin u_cpu/u_if_stage/instr_out_w2_reg[1]/C is not reached by a timing clock
Related violations: <none>

TIMING-17#640 Critical Warning
Non-clocked sequential cell  
The clock pin u_cpu/u_if_stage/instr_out_w2_reg[20]/C is not reached by a timing clock
Related violations: <none>

TIMING-17#641 Critical Warning
Non-clocked sequential cell  
The clock pin u_cpu/u_if_stage/instr_out_w2_reg[21]/C is not reached by a timing clock
Related violations: <none>

TIMING-17#642 Critical Warning
Non-clocked sequential cell  
The clock pin u_cpu/u_if_stage/instr_out_w2_reg[22]/C is not reached by a timing clock
Related violations: <none>

TIMING-17#643 Critical Warning
Non-clocked sequential cell  
The clock pin u_cpu/u_if_stage/instr_out_w2_reg[23]/C is not reached by a timing clock
Related violations: <none>

TIMING-17#644 Critical Warning
Non-clocked sequential cell  
The clock pin u_cpu/u_if_stage/instr_out_w2_reg[24]/C is not reached by a timing clock
Related violations: <none>

TIMING-17#645 Critical Warning
Non-clocked sequential cell  
The clock pin u_cpu/u_if_stage/instr_out_w2_reg[25]/C is not reached by a timing clock
Related violations: <none>

TIMING-17#646 Critical Warning
Non-clocked sequential cell  
The clock pin u_cpu/u_if_stage/instr_out_w2_reg[26]/C is not reached by a timing clock
Related violations: <none>

TIMING-17#647 Critical Warning
Non-clocked sequential cell  
The clock pin u_cpu/u_if_stage/instr_out_w2_reg[27]/C is not reached by a timing clock
Related violations: <none>

TIMING-17#648 Critical Warning
Non-clocked sequential cell  
The clock pin u_cpu/u_if_stage/instr_out_w2_reg[28]/C is not reached by a timing clock
Related violations: <none>

TIMING-17#649 Critical Warning
Non-clocked sequential cell  
The clock pin u_cpu/u_if_stage/instr_out_w2_reg[29]/C is not reached by a timing clock
Related violations: <none>

TIMING-17#650 Critical Warning
Non-clocked sequential cell  
The clock pin u_cpu/u_if_stage/instr_out_w2_reg[2]/C is not reached by a timing clock
Related violations: <none>

TIMING-17#651 Critical Warning
Non-clocked sequential cell  
The clock pin u_cpu/u_if_stage/instr_out_w2_reg[30]/C is not reached by a timing clock
Related violations: <none>

TIMING-17#652 Critical Warning
Non-clocked sequential cell  
The clock pin u_cpu/u_if_stage/instr_out_w2_reg[31]/C is not reached by a timing clock
Related violations: <none>

TIMING-17#653 Critical Warning
Non-clocked sequential cell  
The clock pin u_cpu/u_if_stage/instr_out_w2_reg[3]/C is not reached by a timing clock
Related violations: <none>

TIMING-17#654 Critical Warning
Non-clocked sequential cell  
The clock pin u_cpu/u_if_stage/instr_out_w2_reg[4]/C is not reached by a timing clock
Related violations: <none>

TIMING-17#655 Critical Warning
Non-clocked sequential cell  
The clock pin u_cpu/u_if_stage/instr_out_w2_reg[5]/C is not reached by a timing clock
Related violations: <none>

TIMING-17#656 Critical Warning
Non-clocked sequential cell  
The clock pin u_cpu/u_if_stage/instr_out_w2_reg[6]/C is not reached by a timing clock
Related violations: <none>

TIMING-17#657 Critical Warning
Non-clocked sequential cell  
The clock pin u_cpu/u_if_stage/instr_out_w2_reg[7]/C is not reached by a timing clock
Related violations: <none>

TIMING-17#658 Critical Warning
Non-clocked sequential cell  
The clock pin u_cpu/u_if_stage/instr_out_w2_reg[8]/C is not reached by a timing clock
Related violations: <none>

TIMING-17#659 Critical Warning
Non-clocked sequential cell  
The clock pin u_cpu/u_if_stage/instr_out_w2_reg[9]/C is not reached by a timing clock
Related violations: <none>

TIMING-17#660 Critical Warning
Non-clocked sequential cell  
The clock pin u_cpu/u_if_stage/pc_out_w1_reg[0]/C is not reached by a timing clock
Related violations: <none>

TIMING-17#661 Critical Warning
Non-clocked sequential cell  
The clock pin u_cpu/u_if_stage/pc_out_w1_reg[10]/C is not reached by a timing clock
Related violations: <none>

TIMING-17#662 Critical Warning
Non-clocked sequential cell  
The clock pin u_cpu/u_if_stage/pc_out_w1_reg[11]/C is not reached by a timing clock
Related violations: <none>

TIMING-17#663 Critical Warning
Non-clocked sequential cell  
The clock pin u_cpu/u_if_stage/pc_out_w1_reg[12]/C is not reached by a timing clock
Related violations: <none>

TIMING-17#664 Critical Warning
Non-clocked sequential cell  
The clock pin u_cpu/u_if_stage/pc_out_w1_reg[13]/C is not reached by a timing clock
Related violations: <none>

TIMING-17#665 Critical Warning
Non-clocked sequential cell  
The clock pin u_cpu/u_if_stage/pc_out_w1_reg[14]/C is not reached by a timing clock
Related violations: <none>

TIMING-17#666 Critical Warning
Non-clocked sequential cell  
The clock pin u_cpu/u_if_stage/pc_out_w1_reg[15]/C is not reached by a timing clock
Related violations: <none>

TIMING-17#667 Critical Warning
Non-clocked sequential cell  
The clock pin u_cpu/u_if_stage/pc_out_w1_reg[16]/C is not reached by a timing clock
Related violations: <none>

TIMING-17#668 Critical Warning
Non-clocked sequential cell  
The clock pin u_cpu/u_if_stage/pc_out_w1_reg[17]/C is not reached by a timing clock
Related violations: <none>

TIMING-17#669 Critical Warning
Non-clocked sequential cell  
The clock pin u_cpu/u_if_stage/pc_out_w1_reg[18]/C is not reached by a timing clock
Related violations: <none>

TIMING-17#670 Critical Warning
Non-clocked sequential cell  
The clock pin u_cpu/u_if_stage/pc_out_w1_reg[19]/C is not reached by a timing clock
Related violations: <none>

TIMING-17#671 Critical Warning
Non-clocked sequential cell  
The clock pin u_cpu/u_if_stage/pc_out_w1_reg[1]/C is not reached by a timing clock
Related violations: <none>

TIMING-17#672 Critical Warning
Non-clocked sequential cell  
The clock pin u_cpu/u_if_stage/pc_out_w1_reg[20]/C is not reached by a timing clock
Related violations: <none>

TIMING-17#673 Critical Warning
Non-clocked sequential cell  
The clock pin u_cpu/u_if_stage/pc_out_w1_reg[21]/C is not reached by a timing clock
Related violations: <none>

TIMING-17#674 Critical Warning
Non-clocked sequential cell  
The clock pin u_cpu/u_if_stage/pc_out_w1_reg[22]/C is not reached by a timing clock
Related violations: <none>

TIMING-17#675 Critical Warning
Non-clocked sequential cell  
The clock pin u_cpu/u_if_stage/pc_out_w1_reg[23]/C is not reached by a timing clock
Related violations: <none>

TIMING-17#676 Critical Warning
Non-clocked sequential cell  
The clock pin u_cpu/u_if_stage/pc_out_w1_reg[24]/C is not reached by a timing clock
Related violations: <none>

TIMING-17#677 Critical Warning
Non-clocked sequential cell  
The clock pin u_cpu/u_if_stage/pc_out_w1_reg[25]/C is not reached by a timing clock
Related violations: <none>

TIMING-17#678 Critical Warning
Non-clocked sequential cell  
The clock pin u_cpu/u_if_stage/pc_out_w1_reg[26]/C is not reached by a timing clock
Related violations: <none>

TIMING-17#679 Critical Warning
Non-clocked sequential cell  
The clock pin u_cpu/u_if_stage/pc_out_w1_reg[27]/C is not reached by a timing clock
Related violations: <none>

TIMING-17#680 Critical Warning
Non-clocked sequential cell  
The clock pin u_cpu/u_if_stage/pc_out_w1_reg[28]/C is not reached by a timing clock
Related violations: <none>

TIMING-17#681 Critical Warning
Non-clocked sequential cell  
The clock pin u_cpu/u_if_stage/pc_out_w1_reg[29]/C is not reached by a timing clock
Related violations: <none>

TIMING-17#682 Critical Warning
Non-clocked sequential cell  
The clock pin u_cpu/u_if_stage/pc_out_w1_reg[2]/C is not reached by a timing clock
Related violations: <none>

TIMING-17#683 Critical Warning
Non-clocked sequential cell  
The clock pin u_cpu/u_if_stage/pc_out_w1_reg[30]/C is not reached by a timing clock
Related violations: <none>

TIMING-17#684 Critical Warning
Non-clocked sequential cell  
The clock pin u_cpu/u_if_stage/pc_out_w1_reg[31]/C is not reached by a timing clock
Related violations: <none>

TIMING-17#685 Critical Warning
Non-clocked sequential cell  
The clock pin u_cpu/u_if_stage/pc_out_w1_reg[32]/C is not reached by a timing clock
Related violations: <none>

TIMING-17#686 Critical Warning
Non-clocked sequential cell  
The clock pin u_cpu/u_if_stage/pc_out_w1_reg[33]/C is not reached by a timing clock
Related violations: <none>

TIMING-17#687 Critical Warning
Non-clocked sequential cell  
The clock pin u_cpu/u_if_stage/pc_out_w1_reg[34]/C is not reached by a timing clock
Related violations: <none>

TIMING-17#688 Critical Warning
Non-clocked sequential cell  
The clock pin u_cpu/u_if_stage/pc_out_w1_reg[35]/C is not reached by a timing clock
Related violations: <none>

TIMING-17#689 Critical Warning
Non-clocked sequential cell  
The clock pin u_cpu/u_if_stage/pc_out_w1_reg[36]/C is not reached by a timing clock
Related violations: <none>

TIMING-17#690 Critical Warning
Non-clocked sequential cell  
The clock pin u_cpu/u_if_stage/pc_out_w1_reg[37]/C is not reached by a timing clock
Related violations: <none>

TIMING-17#691 Critical Warning
Non-clocked sequential cell  
The clock pin u_cpu/u_if_stage/pc_out_w1_reg[38]/C is not reached by a timing clock
Related violations: <none>

TIMING-17#692 Critical Warning
Non-clocked sequential cell  
The clock pin u_cpu/u_if_stage/pc_out_w1_reg[39]/C is not reached by a timing clock
Related violations: <none>

TIMING-17#693 Critical Warning
Non-clocked sequential cell  
The clock pin u_cpu/u_if_stage/pc_out_w1_reg[3]/C is not reached by a timing clock
Related violations: <none>

TIMING-17#694 Critical Warning
Non-clocked sequential cell  
The clock pin u_cpu/u_if_stage/pc_out_w1_reg[40]/C is not reached by a timing clock
Related violations: <none>

TIMING-17#695 Critical Warning
Non-clocked sequential cell  
The clock pin u_cpu/u_if_stage/pc_out_w1_reg[41]/C is not reached by a timing clock
Related violations: <none>

TIMING-17#696 Critical Warning
Non-clocked sequential cell  
The clock pin u_cpu/u_if_stage/pc_out_w1_reg[42]/C is not reached by a timing clock
Related violations: <none>

TIMING-17#697 Critical Warning
Non-clocked sequential cell  
The clock pin u_cpu/u_if_stage/pc_out_w1_reg[43]/C is not reached by a timing clock
Related violations: <none>

TIMING-17#698 Critical Warning
Non-clocked sequential cell  
The clock pin u_cpu/u_if_stage/pc_out_w1_reg[44]/C is not reached by a timing clock
Related violations: <none>

TIMING-17#699 Critical Warning
Non-clocked sequential cell  
The clock pin u_cpu/u_if_stage/pc_out_w1_reg[45]/C is not reached by a timing clock
Related violations: <none>

TIMING-17#700 Critical Warning
Non-clocked sequential cell  
The clock pin u_cpu/u_if_stage/pc_out_w1_reg[46]/C is not reached by a timing clock
Related violations: <none>

TIMING-17#701 Critical Warning
Non-clocked sequential cell  
The clock pin u_cpu/u_if_stage/pc_out_w1_reg[47]/C is not reached by a timing clock
Related violations: <none>

TIMING-17#702 Critical Warning
Non-clocked sequential cell  
The clock pin u_cpu/u_if_stage/pc_out_w1_reg[48]/C is not reached by a timing clock
Related violations: <none>

TIMING-17#703 Critical Warning
Non-clocked sequential cell  
The clock pin u_cpu/u_if_stage/pc_out_w1_reg[49]/C is not reached by a timing clock
Related violations: <none>

TIMING-17#704 Critical Warning
Non-clocked sequential cell  
The clock pin u_cpu/u_if_stage/pc_out_w1_reg[4]/C is not reached by a timing clock
Related violations: <none>

TIMING-17#705 Critical Warning
Non-clocked sequential cell  
The clock pin u_cpu/u_if_stage/pc_out_w1_reg[50]/C is not reached by a timing clock
Related violations: <none>

TIMING-17#706 Critical Warning
Non-clocked sequential cell  
The clock pin u_cpu/u_if_stage/pc_out_w1_reg[51]/C is not reached by a timing clock
Related violations: <none>

TIMING-17#707 Critical Warning
Non-clocked sequential cell  
The clock pin u_cpu/u_if_stage/pc_out_w1_reg[52]/C is not reached by a timing clock
Related violations: <none>

TIMING-17#708 Critical Warning
Non-clocked sequential cell  
The clock pin u_cpu/u_if_stage/pc_out_w1_reg[53]/C is not reached by a timing clock
Related violations: <none>

TIMING-17#709 Critical Warning
Non-clocked sequential cell  
The clock pin u_cpu/u_if_stage/pc_out_w1_reg[54]/C is not reached by a timing clock
Related violations: <none>

TIMING-17#710 Critical Warning
Non-clocked sequential cell  
The clock pin u_cpu/u_if_stage/pc_out_w1_reg[55]/C is not reached by a timing clock
Related violations: <none>

TIMING-17#711 Critical Warning
Non-clocked sequential cell  
The clock pin u_cpu/u_if_stage/pc_out_w1_reg[56]/C is not reached by a timing clock
Related violations: <none>

TIMING-17#712 Critical Warning
Non-clocked sequential cell  
The clock pin u_cpu/u_if_stage/pc_out_w1_reg[57]/C is not reached by a timing clock
Related violations: <none>

TIMING-17#713 Critical Warning
Non-clocked sequential cell  
The clock pin u_cpu/u_if_stage/pc_out_w1_reg[58]/C is not reached by a timing clock
Related violations: <none>

TIMING-17#714 Critical Warning
Non-clocked sequential cell  
The clock pin u_cpu/u_if_stage/pc_out_w1_reg[59]/C is not reached by a timing clock
Related violations: <none>

TIMING-17#715 Critical Warning
Non-clocked sequential cell  
The clock pin u_cpu/u_if_stage/pc_out_w1_reg[5]/C is not reached by a timing clock
Related violations: <none>

TIMING-17#716 Critical Warning
Non-clocked sequential cell  
The clock pin u_cpu/u_if_stage/pc_out_w1_reg[60]/C is not reached by a timing clock
Related violations: <none>

TIMING-17#717 Critical Warning
Non-clocked sequential cell  
The clock pin u_cpu/u_if_stage/pc_out_w1_reg[61]/C is not reached by a timing clock
Related violations: <none>

TIMING-17#718 Critical Warning
Non-clocked sequential cell  
The clock pin u_cpu/u_if_stage/pc_out_w1_reg[62]/C is not reached by a timing clock
Related violations: <none>

TIMING-17#719 Critical Warning
Non-clocked sequential cell  
The clock pin u_cpu/u_if_stage/pc_out_w1_reg[63]/C is not reached by a timing clock
Related violations: <none>

TIMING-17#720 Critical Warning
Non-clocked sequential cell  
The clock pin u_cpu/u_if_stage/pc_out_w1_reg[6]/C is not reached by a timing clock
Related violations: <none>

TIMING-17#721 Critical Warning
Non-clocked sequential cell  
The clock pin u_cpu/u_if_stage/pc_out_w1_reg[7]/C is not reached by a timing clock
Related violations: <none>

TIMING-17#722 Critical Warning
Non-clocked sequential cell  
The clock pin u_cpu/u_if_stage/pc_out_w1_reg[8]/C is not reached by a timing clock
Related violations: <none>

TIMING-17#723 Critical Warning
Non-clocked sequential cell  
The clock pin u_cpu/u_if_stage/pc_out_w1_reg[9]/C is not reached by a timing clock
Related violations: <none>

TIMING-17#724 Critical Warning
Non-clocked sequential cell  
The clock pin u_cpu/u_if_stage/pc_out_w2_reg[0]/C is not reached by a timing clock
Related violations: <none>

TIMING-17#725 Critical Warning
Non-clocked sequential cell  
The clock pin u_cpu/u_if_stage/pc_out_w2_reg[10]/C is not reached by a timing clock
Related violations: <none>

TIMING-17#726 Critical Warning
Non-clocked sequential cell  
The clock pin u_cpu/u_if_stage/pc_out_w2_reg[11]/C is not reached by a timing clock
Related violations: <none>

TIMING-17#727 Critical Warning
Non-clocked sequential cell  
The clock pin u_cpu/u_if_stage/pc_out_w2_reg[12]/C is not reached by a timing clock
Related violations: <none>

TIMING-17#728 Critical Warning
Non-clocked sequential cell  
The clock pin u_cpu/u_if_stage/pc_out_w2_reg[13]/C is not reached by a timing clock
Related violations: <none>

TIMING-17#729 Critical Warning
Non-clocked sequential cell  
The clock pin u_cpu/u_if_stage/pc_out_w2_reg[14]/C is not reached by a timing clock
Related violations: <none>

TIMING-17#730 Critical Warning
Non-clocked sequential cell  
The clock pin u_cpu/u_if_stage/pc_out_w2_reg[15]/C is not reached by a timing clock
Related violations: <none>

TIMING-17#731 Critical Warning
Non-clocked sequential cell  
The clock pin u_cpu/u_if_stage/pc_out_w2_reg[16]/C is not reached by a timing clock
Related violations: <none>

TIMING-17#732 Critical Warning
Non-clocked sequential cell  
The clock pin u_cpu/u_if_stage/pc_out_w2_reg[17]/C is not reached by a timing clock
Related violations: <none>

TIMING-17#733 Critical Warning
Non-clocked sequential cell  
The clock pin u_cpu/u_if_stage/pc_out_w2_reg[18]/C is not reached by a timing clock
Related violations: <none>

TIMING-17#734 Critical Warning
Non-clocked sequential cell  
The clock pin u_cpu/u_if_stage/pc_out_w2_reg[19]/C is not reached by a timing clock
Related violations: <none>

TIMING-17#735 Critical Warning
Non-clocked sequential cell  
The clock pin u_cpu/u_if_stage/pc_out_w2_reg[1]/C is not reached by a timing clock
Related violations: <none>

TIMING-17#736 Critical Warning
Non-clocked sequential cell  
The clock pin u_cpu/u_if_stage/pc_out_w2_reg[20]/C is not reached by a timing clock
Related violations: <none>

TIMING-17#737 Critical Warning
Non-clocked sequential cell  
The clock pin u_cpu/u_if_stage/pc_out_w2_reg[21]/C is not reached by a timing clock
Related violations: <none>

TIMING-17#738 Critical Warning
Non-clocked sequential cell  
The clock pin u_cpu/u_if_stage/pc_out_w2_reg[22]/C is not reached by a timing clock
Related violations: <none>

TIMING-17#739 Critical Warning
Non-clocked sequential cell  
The clock pin u_cpu/u_if_stage/pc_out_w2_reg[23]/C is not reached by a timing clock
Related violations: <none>

TIMING-17#740 Critical Warning
Non-clocked sequential cell  
The clock pin u_cpu/u_if_stage/pc_out_w2_reg[24]/C is not reached by a timing clock
Related violations: <none>

TIMING-17#741 Critical Warning
Non-clocked sequential cell  
The clock pin u_cpu/u_if_stage/pc_out_w2_reg[25]/C is not reached by a timing clock
Related violations: <none>

TIMING-17#742 Critical Warning
Non-clocked sequential cell  
The clock pin u_cpu/u_if_stage/pc_out_w2_reg[26]/C is not reached by a timing clock
Related violations: <none>

TIMING-17#743 Critical Warning
Non-clocked sequential cell  
The clock pin u_cpu/u_if_stage/pc_out_w2_reg[27]/C is not reached by a timing clock
Related violations: <none>

TIMING-17#744 Critical Warning
Non-clocked sequential cell  
The clock pin u_cpu/u_if_stage/pc_out_w2_reg[28]/C is not reached by a timing clock
Related violations: <none>

TIMING-17#745 Critical Warning
Non-clocked sequential cell  
The clock pin u_cpu/u_if_stage/pc_out_w2_reg[29]/C is not reached by a timing clock
Related violations: <none>

TIMING-17#746 Critical Warning
Non-clocked sequential cell  
The clock pin u_cpu/u_if_stage/pc_out_w2_reg[2]/C is not reached by a timing clock
Related violations: <none>

TIMING-17#747 Critical Warning
Non-clocked sequential cell  
The clock pin u_cpu/u_if_stage/pc_out_w2_reg[30]/C is not reached by a timing clock
Related violations: <none>

TIMING-17#748 Critical Warning
Non-clocked sequential cell  
The clock pin u_cpu/u_if_stage/pc_out_w2_reg[31]/C is not reached by a timing clock
Related violations: <none>

TIMING-17#749 Critical Warning
Non-clocked sequential cell  
The clock pin u_cpu/u_if_stage/pc_out_w2_reg[32]/C is not reached by a timing clock
Related violations: <none>

TIMING-17#750 Critical Warning
Non-clocked sequential cell  
The clock pin u_cpu/u_if_stage/pc_out_w2_reg[33]/C is not reached by a timing clock
Related violations: <none>

TIMING-17#751 Critical Warning
Non-clocked sequential cell  
The clock pin u_cpu/u_if_stage/pc_out_w2_reg[34]/C is not reached by a timing clock
Related violations: <none>

TIMING-17#752 Critical Warning
Non-clocked sequential cell  
The clock pin u_cpu/u_if_stage/pc_out_w2_reg[35]/C is not reached by a timing clock
Related violations: <none>

TIMING-17#753 Critical Warning
Non-clocked sequential cell  
The clock pin u_cpu/u_if_stage/pc_out_w2_reg[36]/C is not reached by a timing clock
Related violations: <none>

TIMING-17#754 Critical Warning
Non-clocked sequential cell  
The clock pin u_cpu/u_if_stage/pc_out_w2_reg[37]/C is not reached by a timing clock
Related violations: <none>

TIMING-17#755 Critical Warning
Non-clocked sequential cell  
The clock pin u_cpu/u_if_stage/pc_out_w2_reg[38]/C is not reached by a timing clock
Related violations: <none>

TIMING-17#756 Critical Warning
Non-clocked sequential cell  
The clock pin u_cpu/u_if_stage/pc_out_w2_reg[39]/C is not reached by a timing clock
Related violations: <none>

TIMING-17#757 Critical Warning
Non-clocked sequential cell  
The clock pin u_cpu/u_if_stage/pc_out_w2_reg[3]/C is not reached by a timing clock
Related violations: <none>

TIMING-17#758 Critical Warning
Non-clocked sequential cell  
The clock pin u_cpu/u_if_stage/pc_out_w2_reg[40]/C is not reached by a timing clock
Related violations: <none>

TIMING-17#759 Critical Warning
Non-clocked sequential cell  
The clock pin u_cpu/u_if_stage/pc_out_w2_reg[41]/C is not reached by a timing clock
Related violations: <none>

TIMING-17#760 Critical Warning
Non-clocked sequential cell  
The clock pin u_cpu/u_if_stage/pc_out_w2_reg[42]/C is not reached by a timing clock
Related violations: <none>

TIMING-17#761 Critical Warning
Non-clocked sequential cell  
The clock pin u_cpu/u_if_stage/pc_out_w2_reg[43]/C is not reached by a timing clock
Related violations: <none>

TIMING-17#762 Critical Warning
Non-clocked sequential cell  
The clock pin u_cpu/u_if_stage/pc_out_w2_reg[44]/C is not reached by a timing clock
Related violations: <none>

TIMING-17#763 Critical Warning
Non-clocked sequential cell  
The clock pin u_cpu/u_if_stage/pc_out_w2_reg[45]/C is not reached by a timing clock
Related violations: <none>

TIMING-17#764 Critical Warning
Non-clocked sequential cell  
The clock pin u_cpu/u_if_stage/pc_out_w2_reg[46]/C is not reached by a timing clock
Related violations: <none>

TIMING-17#765 Critical Warning
Non-clocked sequential cell  
The clock pin u_cpu/u_if_stage/pc_out_w2_reg[47]/C is not reached by a timing clock
Related violations: <none>

TIMING-17#766 Critical Warning
Non-clocked sequential cell  
The clock pin u_cpu/u_if_stage/pc_out_w2_reg[48]/C is not reached by a timing clock
Related violations: <none>

TIMING-17#767 Critical Warning
Non-clocked sequential cell  
The clock pin u_cpu/u_if_stage/pc_out_w2_reg[49]/C is not reached by a timing clock
Related violations: <none>

TIMING-17#768 Critical Warning
Non-clocked sequential cell  
The clock pin u_cpu/u_if_stage/pc_out_w2_reg[4]/C is not reached by a timing clock
Related violations: <none>

TIMING-17#769 Critical Warning
Non-clocked sequential cell  
The clock pin u_cpu/u_if_stage/pc_out_w2_reg[50]/C is not reached by a timing clock
Related violations: <none>

TIMING-17#770 Critical Warning
Non-clocked sequential cell  
The clock pin u_cpu/u_if_stage/pc_out_w2_reg[51]/C is not reached by a timing clock
Related violations: <none>

TIMING-17#771 Critical Warning
Non-clocked sequential cell  
The clock pin u_cpu/u_if_stage/pc_out_w2_reg[52]/C is not reached by a timing clock
Related violations: <none>

TIMING-17#772 Critical Warning
Non-clocked sequential cell  
The clock pin u_cpu/u_if_stage/pc_out_w2_reg[53]/C is not reached by a timing clock
Related violations: <none>

TIMING-17#773 Critical Warning
Non-clocked sequential cell  
The clock pin u_cpu/u_if_stage/pc_out_w2_reg[54]/C is not reached by a timing clock
Related violations: <none>

TIMING-17#774 Critical Warning
Non-clocked sequential cell  
The clock pin u_cpu/u_if_stage/pc_out_w2_reg[55]/C is not reached by a timing clock
Related violations: <none>

TIMING-17#775 Critical Warning
Non-clocked sequential cell  
The clock pin u_cpu/u_if_stage/pc_out_w2_reg[56]/C is not reached by a timing clock
Related violations: <none>

TIMING-17#776 Critical Warning
Non-clocked sequential cell  
The clock pin u_cpu/u_if_stage/pc_out_w2_reg[57]/C is not reached by a timing clock
Related violations: <none>

TIMING-17#777 Critical Warning
Non-clocked sequential cell  
The clock pin u_cpu/u_if_stage/pc_out_w2_reg[58]/C is not reached by a timing clock
Related violations: <none>

TIMING-17#778 Critical Warning
Non-clocked sequential cell  
The clock pin u_cpu/u_if_stage/pc_out_w2_reg[59]/C is not reached by a timing clock
Related violations: <none>

TIMING-17#779 Critical Warning
Non-clocked sequential cell  
The clock pin u_cpu/u_if_stage/pc_out_w2_reg[5]/C is not reached by a timing clock
Related violations: <none>

TIMING-17#780 Critical Warning
Non-clocked sequential cell  
The clock pin u_cpu/u_if_stage/pc_out_w2_reg[60]/C is not reached by a timing clock
Related violations: <none>

TIMING-17#781 Critical Warning
Non-clocked sequential cell  
The clock pin u_cpu/u_if_stage/pc_out_w2_reg[61]/C is not reached by a timing clock
Related violations: <none>

TIMING-17#782 Critical Warning
Non-clocked sequential cell  
The clock pin u_cpu/u_if_stage/pc_out_w2_reg[62]/C is not reached by a timing clock
Related violations: <none>

TIMING-17#783 Critical Warning
Non-clocked sequential cell  
The clock pin u_cpu/u_if_stage/pc_out_w2_reg[63]/C is not reached by a timing clock
Related violations: <none>

TIMING-17#784 Critical Warning
Non-clocked sequential cell  
The clock pin u_cpu/u_if_stage/pc_out_w2_reg[6]/C is not reached by a timing clock
Related violations: <none>

TIMING-17#785 Critical Warning
Non-clocked sequential cell  
The clock pin u_cpu/u_if_stage/pc_out_w2_reg[7]/C is not reached by a timing clock
Related violations: <none>

TIMING-17#786 Critical Warning
Non-clocked sequential cell  
The clock pin u_cpu/u_if_stage/pc_out_w2_reg[8]/C is not reached by a timing clock
Related violations: <none>

TIMING-17#787 Critical Warning
Non-clocked sequential cell  
The clock pin u_cpu/u_if_stage/pc_out_w2_reg[9]/C is not reached by a timing clock
Related violations: <none>

TIMING-17#788 Critical Warning
Non-clocked sequential cell  
The clock pin u_cpu/u_if_stage/pc_reg_reg[0]/C is not reached by a timing clock
Related violations: <none>

TIMING-17#789 Critical Warning
Non-clocked sequential cell  
The clock pin u_cpu/u_if_stage/pc_reg_reg[10]/C is not reached by a timing clock
Related violations: <none>

TIMING-17#790 Critical Warning
Non-clocked sequential cell  
The clock pin u_cpu/u_if_stage/pc_reg_reg[11]/C is not reached by a timing clock
Related violations: <none>

TIMING-17#791 Critical Warning
Non-clocked sequential cell  
The clock pin u_cpu/u_if_stage/pc_reg_reg[12]/C is not reached by a timing clock
Related violations: <none>

TIMING-17#792 Critical Warning
Non-clocked sequential cell  
The clock pin u_cpu/u_if_stage/pc_reg_reg[13]/C is not reached by a timing clock
Related violations: <none>

TIMING-17#793 Critical Warning
Non-clocked sequential cell  
The clock pin u_cpu/u_if_stage/pc_reg_reg[14]/C is not reached by a timing clock
Related violations: <none>

TIMING-17#794 Critical Warning
Non-clocked sequential cell  
The clock pin u_cpu/u_if_stage/pc_reg_reg[15]/C is not reached by a timing clock
Related violations: <none>

TIMING-17#795 Critical Warning
Non-clocked sequential cell  
The clock pin u_cpu/u_if_stage/pc_reg_reg[16]/C is not reached by a timing clock
Related violations: <none>

TIMING-17#796 Critical Warning
Non-clocked sequential cell  
The clock pin u_cpu/u_if_stage/pc_reg_reg[17]/C is not reached by a timing clock
Related violations: <none>

TIMING-17#797 Critical Warning
Non-clocked sequential cell  
The clock pin u_cpu/u_if_stage/pc_reg_reg[18]/C is not reached by a timing clock
Related violations: <none>

TIMING-17#798 Critical Warning
Non-clocked sequential cell  
The clock pin u_cpu/u_if_stage/pc_reg_reg[19]/C is not reached by a timing clock
Related violations: <none>

TIMING-17#799 Critical Warning
Non-clocked sequential cell  
The clock pin u_cpu/u_if_stage/pc_reg_reg[1]/C is not reached by a timing clock
Related violations: <none>

TIMING-17#800 Critical Warning
Non-clocked sequential cell  
The clock pin u_cpu/u_if_stage/pc_reg_reg[20]/C is not reached by a timing clock
Related violations: <none>

TIMING-17#801 Critical Warning
Non-clocked sequential cell  
The clock pin u_cpu/u_if_stage/pc_reg_reg[21]/C is not reached by a timing clock
Related violations: <none>

TIMING-17#802 Critical Warning
Non-clocked sequential cell  
The clock pin u_cpu/u_if_stage/pc_reg_reg[22]/C is not reached by a timing clock
Related violations: <none>

TIMING-17#803 Critical Warning
Non-clocked sequential cell  
The clock pin u_cpu/u_if_stage/pc_reg_reg[23]/C is not reached by a timing clock
Related violations: <none>

TIMING-17#804 Critical Warning
Non-clocked sequential cell  
The clock pin u_cpu/u_if_stage/pc_reg_reg[24]/C is not reached by a timing clock
Related violations: <none>

TIMING-17#805 Critical Warning
Non-clocked sequential cell  
The clock pin u_cpu/u_if_stage/pc_reg_reg[25]/C is not reached by a timing clock
Related violations: <none>

TIMING-17#806 Critical Warning
Non-clocked sequential cell  
The clock pin u_cpu/u_if_stage/pc_reg_reg[26]/C is not reached by a timing clock
Related violations: <none>

TIMING-17#807 Critical Warning
Non-clocked sequential cell  
The clock pin u_cpu/u_if_stage/pc_reg_reg[27]/C is not reached by a timing clock
Related violations: <none>

TIMING-17#808 Critical Warning
Non-clocked sequential cell  
The clock pin u_cpu/u_if_stage/pc_reg_reg[28]/C is not reached by a timing clock
Related violations: <none>

TIMING-17#809 Critical Warning
Non-clocked sequential cell  
The clock pin u_cpu/u_if_stage/pc_reg_reg[29]/C is not reached by a timing clock
Related violations: <none>

TIMING-17#810 Critical Warning
Non-clocked sequential cell  
The clock pin u_cpu/u_if_stage/pc_reg_reg[2]/C is not reached by a timing clock
Related violations: <none>

TIMING-17#811 Critical Warning
Non-clocked sequential cell  
The clock pin u_cpu/u_if_stage/pc_reg_reg[30]/C is not reached by a timing clock
Related violations: <none>

TIMING-17#812 Critical Warning
Non-clocked sequential cell  
The clock pin u_cpu/u_if_stage/pc_reg_reg[31]/C is not reached by a timing clock
Related violations: <none>

TIMING-17#813 Critical Warning
Non-clocked sequential cell  
The clock pin u_cpu/u_if_stage/pc_reg_reg[32]/C is not reached by a timing clock
Related violations: <none>

TIMING-17#814 Critical Warning
Non-clocked sequential cell  
The clock pin u_cpu/u_if_stage/pc_reg_reg[33]/C is not reached by a timing clock
Related violations: <none>

TIMING-17#815 Critical Warning
Non-clocked sequential cell  
The clock pin u_cpu/u_if_stage/pc_reg_reg[34]/C is not reached by a timing clock
Related violations: <none>

TIMING-17#816 Critical Warning
Non-clocked sequential cell  
The clock pin u_cpu/u_if_stage/pc_reg_reg[35]/C is not reached by a timing clock
Related violations: <none>

TIMING-17#817 Critical Warning
Non-clocked sequential cell  
The clock pin u_cpu/u_if_stage/pc_reg_reg[36]/C is not reached by a timing clock
Related violations: <none>

TIMING-17#818 Critical Warning
Non-clocked sequential cell  
The clock pin u_cpu/u_if_stage/pc_reg_reg[37]/C is not reached by a timing clock
Related violations: <none>

TIMING-17#819 Critical Warning
Non-clocked sequential cell  
The clock pin u_cpu/u_if_stage/pc_reg_reg[38]/C is not reached by a timing clock
Related violations: <none>

TIMING-17#820 Critical Warning
Non-clocked sequential cell  
The clock pin u_cpu/u_if_stage/pc_reg_reg[39]/C is not reached by a timing clock
Related violations: <none>

TIMING-17#821 Critical Warning
Non-clocked sequential cell  
The clock pin u_cpu/u_if_stage/pc_reg_reg[3]/C is not reached by a timing clock
Related violations: <none>

TIMING-17#822 Critical Warning
Non-clocked sequential cell  
The clock pin u_cpu/u_if_stage/pc_reg_reg[3]_rep/C is not reached by a timing clock
Related violations: <none>

TIMING-17#823 Critical Warning
Non-clocked sequential cell  
The clock pin u_cpu/u_if_stage/pc_reg_reg[3]_rep__0/C is not reached by a timing clock
Related violations: <none>

TIMING-17#824 Critical Warning
Non-clocked sequential cell  
The clock pin u_cpu/u_if_stage/pc_reg_reg[3]_rep__1/C is not reached by a timing clock
Related violations: <none>

TIMING-17#825 Critical Warning
Non-clocked sequential cell  
The clock pin u_cpu/u_if_stage/pc_reg_reg[3]_rep__2/C is not reached by a timing clock
Related violations: <none>

TIMING-17#826 Critical Warning
Non-clocked sequential cell  
The clock pin u_cpu/u_if_stage/pc_reg_reg[3]_rep__3/C is not reached by a timing clock
Related violations: <none>

TIMING-17#827 Critical Warning
Non-clocked sequential cell  
The clock pin u_cpu/u_if_stage/pc_reg_reg[3]_rep__4/C is not reached by a timing clock
Related violations: <none>

TIMING-17#828 Critical Warning
Non-clocked sequential cell  
The clock pin u_cpu/u_if_stage/pc_reg_reg[3]_rep__5/C is not reached by a timing clock
Related violations: <none>

TIMING-17#829 Critical Warning
Non-clocked sequential cell  
The clock pin u_cpu/u_if_stage/pc_reg_reg[3]_rep__6/C is not reached by a timing clock
Related violations: <none>

TIMING-17#830 Critical Warning
Non-clocked sequential cell  
The clock pin u_cpu/u_if_stage/pc_reg_reg[3]_rep__7/C is not reached by a timing clock
Related violations: <none>

TIMING-17#831 Critical Warning
Non-clocked sequential cell  
The clock pin u_cpu/u_if_stage/pc_reg_reg[3]_rep__8/C is not reached by a timing clock
Related violations: <none>

TIMING-17#832 Critical Warning
Non-clocked sequential cell  
The clock pin u_cpu/u_if_stage/pc_reg_reg[3]_rep__9/C is not reached by a timing clock
Related violations: <none>

TIMING-17#833 Critical Warning
Non-clocked sequential cell  
The clock pin u_cpu/u_if_stage/pc_reg_reg[40]/C is not reached by a timing clock
Related violations: <none>

TIMING-17#834 Critical Warning
Non-clocked sequential cell  
The clock pin u_cpu/u_if_stage/pc_reg_reg[41]/C is not reached by a timing clock
Related violations: <none>

TIMING-17#835 Critical Warning
Non-clocked sequential cell  
The clock pin u_cpu/u_if_stage/pc_reg_reg[42]/C is not reached by a timing clock
Related violations: <none>

TIMING-17#836 Critical Warning
Non-clocked sequential cell  
The clock pin u_cpu/u_if_stage/pc_reg_reg[43]/C is not reached by a timing clock
Related violations: <none>

TIMING-17#837 Critical Warning
Non-clocked sequential cell  
The clock pin u_cpu/u_if_stage/pc_reg_reg[44]/C is not reached by a timing clock
Related violations: <none>

TIMING-17#838 Critical Warning
Non-clocked sequential cell  
The clock pin u_cpu/u_if_stage/pc_reg_reg[45]/C is not reached by a timing clock
Related violations: <none>

TIMING-17#839 Critical Warning
Non-clocked sequential cell  
The clock pin u_cpu/u_if_stage/pc_reg_reg[46]/C is not reached by a timing clock
Related violations: <none>

TIMING-17#840 Critical Warning
Non-clocked sequential cell  
The clock pin u_cpu/u_if_stage/pc_reg_reg[47]/C is not reached by a timing clock
Related violations: <none>

TIMING-17#841 Critical Warning
Non-clocked sequential cell  
The clock pin u_cpu/u_if_stage/pc_reg_reg[48]/C is not reached by a timing clock
Related violations: <none>

TIMING-17#842 Critical Warning
Non-clocked sequential cell  
The clock pin u_cpu/u_if_stage/pc_reg_reg[49]/C is not reached by a timing clock
Related violations: <none>

TIMING-17#843 Critical Warning
Non-clocked sequential cell  
The clock pin u_cpu/u_if_stage/pc_reg_reg[4]/C is not reached by a timing clock
Related violations: <none>

TIMING-17#844 Critical Warning
Non-clocked sequential cell  
The clock pin u_cpu/u_if_stage/pc_reg_reg[50]/C is not reached by a timing clock
Related violations: <none>

TIMING-17#845 Critical Warning
Non-clocked sequential cell  
The clock pin u_cpu/u_if_stage/pc_reg_reg[51]/C is not reached by a timing clock
Related violations: <none>

TIMING-17#846 Critical Warning
Non-clocked sequential cell  
The clock pin u_cpu/u_if_stage/pc_reg_reg[52]/C is not reached by a timing clock
Related violations: <none>

TIMING-17#847 Critical Warning
Non-clocked sequential cell  
The clock pin u_cpu/u_if_stage/pc_reg_reg[53]/C is not reached by a timing clock
Related violations: <none>

TIMING-17#848 Critical Warning
Non-clocked sequential cell  
The clock pin u_cpu/u_if_stage/pc_reg_reg[54]/C is not reached by a timing clock
Related violations: <none>

TIMING-17#849 Critical Warning
Non-clocked sequential cell  
The clock pin u_cpu/u_if_stage/pc_reg_reg[55]/C is not reached by a timing clock
Related violations: <none>

TIMING-17#850 Critical Warning
Non-clocked sequential cell  
The clock pin u_cpu/u_if_stage/pc_reg_reg[56]/C is not reached by a timing clock
Related violations: <none>

TIMING-17#851 Critical Warning
Non-clocked sequential cell  
The clock pin u_cpu/u_if_stage/pc_reg_reg[57]/C is not reached by a timing clock
Related violations: <none>

TIMING-17#852 Critical Warning
Non-clocked sequential cell  
The clock pin u_cpu/u_if_stage/pc_reg_reg[58]/C is not reached by a timing clock
Related violations: <none>

TIMING-17#853 Critical Warning
Non-clocked sequential cell  
The clock pin u_cpu/u_if_stage/pc_reg_reg[59]/C is not reached by a timing clock
Related violations: <none>

TIMING-17#854 Critical Warning
Non-clocked sequential cell  
The clock pin u_cpu/u_if_stage/pc_reg_reg[5]/C is not reached by a timing clock
Related violations: <none>

TIMING-17#855 Critical Warning
Non-clocked sequential cell  
The clock pin u_cpu/u_if_stage/pc_reg_reg[5]_rep/C is not reached by a timing clock
Related violations: <none>

TIMING-17#856 Critical Warning
Non-clocked sequential cell  
The clock pin u_cpu/u_if_stage/pc_reg_reg[5]_rep__0/C is not reached by a timing clock
Related violations: <none>

TIMING-17#857 Critical Warning
Non-clocked sequential cell  
The clock pin u_cpu/u_if_stage/pc_reg_reg[60]/C is not reached by a timing clock
Related violations: <none>

TIMING-17#858 Critical Warning
Non-clocked sequential cell  
The clock pin u_cpu/u_if_stage/pc_reg_reg[61]/C is not reached by a timing clock
Related violations: <none>

TIMING-17#859 Critical Warning
Non-clocked sequential cell  
The clock pin u_cpu/u_if_stage/pc_reg_reg[62]/C is not reached by a timing clock
Related violations: <none>

TIMING-17#860 Critical Warning
Non-clocked sequential cell  
The clock pin u_cpu/u_if_stage/pc_reg_reg[63]/C is not reached by a timing clock
Related violations: <none>

TIMING-17#861 Critical Warning
Non-clocked sequential cell  
The clock pin u_cpu/u_if_stage/pc_reg_reg[6]/C is not reached by a timing clock
Related violations: <none>

TIMING-17#862 Critical Warning
Non-clocked sequential cell  
The clock pin u_cpu/u_if_stage/pc_reg_reg[7]/C is not reached by a timing clock
Related violations: <none>

TIMING-17#863 Critical Warning
Non-clocked sequential cell  
The clock pin u_cpu/u_if_stage/pc_reg_reg[8]/C is not reached by a timing clock
Related violations: <none>

TIMING-17#864 Critical Warning
Non-clocked sequential cell  
The clock pin u_cpu/u_if_stage/pc_reg_reg[9]/C is not reached by a timing clock
Related violations: <none>

TIMING-17#865 Critical Warning
Non-clocked sequential cell  
The clock pin u_cpu/u_if_stage/u_bht/bht_counter_reg[0][0]/C is not reached by a timing clock
Related violations: <none>

TIMING-17#866 Critical Warning
Non-clocked sequential cell  
The clock pin u_cpu/u_if_stage/u_bht/bht_counter_reg[0][1]/C is not reached by a timing clock
Related violations: <none>

TIMING-17#867 Critical Warning
Non-clocked sequential cell  
The clock pin u_cpu/u_if_stage/u_bht/bht_counter_reg[100][0]/C is not reached by a timing clock
Related violations: <none>

TIMING-17#868 Critical Warning
Non-clocked sequential cell  
The clock pin u_cpu/u_if_stage/u_bht/bht_counter_reg[100][1]/C is not reached by a timing clock
Related violations: <none>

TIMING-17#869 Critical Warning
Non-clocked sequential cell  
The clock pin u_cpu/u_if_stage/u_bht/bht_counter_reg[101][0]/C is not reached by a timing clock
Related violations: <none>

TIMING-17#870 Critical Warning
Non-clocked sequential cell  
The clock pin u_cpu/u_if_stage/u_bht/bht_counter_reg[101][1]/C is not reached by a timing clock
Related violations: <none>

TIMING-17#871 Critical Warning
Non-clocked sequential cell  
The clock pin u_cpu/u_if_stage/u_bht/bht_counter_reg[102][0]/C is not reached by a timing clock
Related violations: <none>

TIMING-17#872 Critical Warning
Non-clocked sequential cell  
The clock pin u_cpu/u_if_stage/u_bht/bht_counter_reg[102][1]/C is not reached by a timing clock
Related violations: <none>

TIMING-17#873 Critical Warning
Non-clocked sequential cell  
The clock pin u_cpu/u_if_stage/u_bht/bht_counter_reg[103][0]/C is not reached by a timing clock
Related violations: <none>

TIMING-17#874 Critical Warning
Non-clocked sequential cell  
The clock pin u_cpu/u_if_stage/u_bht/bht_counter_reg[103][1]/C is not reached by a timing clock
Related violations: <none>

TIMING-17#875 Critical Warning
Non-clocked sequential cell  
The clock pin u_cpu/u_if_stage/u_bht/bht_counter_reg[104][0]/C is not reached by a timing clock
Related violations: <none>

TIMING-17#876 Critical Warning
Non-clocked sequential cell  
The clock pin u_cpu/u_if_stage/u_bht/bht_counter_reg[104][1]/C is not reached by a timing clock
Related violations: <none>

TIMING-17#877 Critical Warning
Non-clocked sequential cell  
The clock pin u_cpu/u_if_stage/u_bht/bht_counter_reg[105][0]/C is not reached by a timing clock
Related violations: <none>

TIMING-17#878 Critical Warning
Non-clocked sequential cell  
The clock pin u_cpu/u_if_stage/u_bht/bht_counter_reg[105][1]/C is not reached by a timing clock
Related violations: <none>

TIMING-17#879 Critical Warning
Non-clocked sequential cell  
The clock pin u_cpu/u_if_stage/u_bht/bht_counter_reg[106][0]/C is not reached by a timing clock
Related violations: <none>

TIMING-17#880 Critical Warning
Non-clocked sequential cell  
The clock pin u_cpu/u_if_stage/u_bht/bht_counter_reg[106][1]/C is not reached by a timing clock
Related violations: <none>

TIMING-17#881 Critical Warning
Non-clocked sequential cell  
The clock pin u_cpu/u_if_stage/u_bht/bht_counter_reg[107][0]/C is not reached by a timing clock
Related violations: <none>

TIMING-17#882 Critical Warning
Non-clocked sequential cell  
The clock pin u_cpu/u_if_stage/u_bht/bht_counter_reg[107][1]/C is not reached by a timing clock
Related violations: <none>

TIMING-17#883 Critical Warning
Non-clocked sequential cell  
The clock pin u_cpu/u_if_stage/u_bht/bht_counter_reg[108][0]/C is not reached by a timing clock
Related violations: <none>

TIMING-17#884 Critical Warning
Non-clocked sequential cell  
The clock pin u_cpu/u_if_stage/u_bht/bht_counter_reg[108][1]/C is not reached by a timing clock
Related violations: <none>

TIMING-17#885 Critical Warning
Non-clocked sequential cell  
The clock pin u_cpu/u_if_stage/u_bht/bht_counter_reg[109][0]/C is not reached by a timing clock
Related violations: <none>

TIMING-17#886 Critical Warning
Non-clocked sequential cell  
The clock pin u_cpu/u_if_stage/u_bht/bht_counter_reg[109][1]/C is not reached by a timing clock
Related violations: <none>

TIMING-17#887 Critical Warning
Non-clocked sequential cell  
The clock pin u_cpu/u_if_stage/u_bht/bht_counter_reg[10][0]/C is not reached by a timing clock
Related violations: <none>

TIMING-17#888 Critical Warning
Non-clocked sequential cell  
The clock pin u_cpu/u_if_stage/u_bht/bht_counter_reg[10][1]/C is not reached by a timing clock
Related violations: <none>

TIMING-17#889 Critical Warning
Non-clocked sequential cell  
The clock pin u_cpu/u_if_stage/u_bht/bht_counter_reg[110][0]/C is not reached by a timing clock
Related violations: <none>

TIMING-17#890 Critical Warning
Non-clocked sequential cell  
The clock pin u_cpu/u_if_stage/u_bht/bht_counter_reg[110][1]/C is not reached by a timing clock
Related violations: <none>

TIMING-17#891 Critical Warning
Non-clocked sequential cell  
The clock pin u_cpu/u_if_stage/u_bht/bht_counter_reg[111][0]/C is not reached by a timing clock
Related violations: <none>

TIMING-17#892 Critical Warning
Non-clocked sequential cell  
The clock pin u_cpu/u_if_stage/u_bht/bht_counter_reg[111][1]/C is not reached by a timing clock
Related violations: <none>

TIMING-17#893 Critical Warning
Non-clocked sequential cell  
The clock pin u_cpu/u_if_stage/u_bht/bht_counter_reg[112][0]/C is not reached by a timing clock
Related violations: <none>

TIMING-17#894 Critical Warning
Non-clocked sequential cell  
The clock pin u_cpu/u_if_stage/u_bht/bht_counter_reg[112][1]/C is not reached by a timing clock
Related violations: <none>

TIMING-17#895 Critical Warning
Non-clocked sequential cell  
The clock pin u_cpu/u_if_stage/u_bht/bht_counter_reg[113][0]/C is not reached by a timing clock
Related violations: <none>

TIMING-17#896 Critical Warning
Non-clocked sequential cell  
The clock pin u_cpu/u_if_stage/u_bht/bht_counter_reg[113][1]/C is not reached by a timing clock
Related violations: <none>

TIMING-17#897 Critical Warning
Non-clocked sequential cell  
The clock pin u_cpu/u_if_stage/u_bht/bht_counter_reg[114][0]/C is not reached by a timing clock
Related violations: <none>

TIMING-17#898 Critical Warning
Non-clocked sequential cell  
The clock pin u_cpu/u_if_stage/u_bht/bht_counter_reg[114][1]/C is not reached by a timing clock
Related violations: <none>

TIMING-17#899 Critical Warning
Non-clocked sequential cell  
The clock pin u_cpu/u_if_stage/u_bht/bht_counter_reg[115][0]/C is not reached by a timing clock
Related violations: <none>

TIMING-17#900 Critical Warning
Non-clocked sequential cell  
The clock pin u_cpu/u_if_stage/u_bht/bht_counter_reg[115][1]/C is not reached by a timing clock
Related violations: <none>

TIMING-17#901 Critical Warning
Non-clocked sequential cell  
The clock pin u_cpu/u_if_stage/u_bht/bht_counter_reg[116][0]/C is not reached by a timing clock
Related violations: <none>

TIMING-17#902 Critical Warning
Non-clocked sequential cell  
The clock pin u_cpu/u_if_stage/u_bht/bht_counter_reg[116][1]/C is not reached by a timing clock
Related violations: <none>

TIMING-17#903 Critical Warning
Non-clocked sequential cell  
The clock pin u_cpu/u_if_stage/u_bht/bht_counter_reg[117][0]/C is not reached by a timing clock
Related violations: <none>

TIMING-17#904 Critical Warning
Non-clocked sequential cell  
The clock pin u_cpu/u_if_stage/u_bht/bht_counter_reg[117][1]/C is not reached by a timing clock
Related violations: <none>

TIMING-17#905 Critical Warning
Non-clocked sequential cell  
The clock pin u_cpu/u_if_stage/u_bht/bht_counter_reg[118][0]/C is not reached by a timing clock
Related violations: <none>

TIMING-17#906 Critical Warning
Non-clocked sequential cell  
The clock pin u_cpu/u_if_stage/u_bht/bht_counter_reg[118][1]/C is not reached by a timing clock
Related violations: <none>

TIMING-17#907 Critical Warning
Non-clocked sequential cell  
The clock pin u_cpu/u_if_stage/u_bht/bht_counter_reg[119][0]/C is not reached by a timing clock
Related violations: <none>

TIMING-17#908 Critical Warning
Non-clocked sequential cell  
The clock pin u_cpu/u_if_stage/u_bht/bht_counter_reg[119][1]/C is not reached by a timing clock
Related violations: <none>

TIMING-17#909 Critical Warning
Non-clocked sequential cell  
The clock pin u_cpu/u_if_stage/u_bht/bht_counter_reg[11][0]/C is not reached by a timing clock
Related violations: <none>

TIMING-17#910 Critical Warning
Non-clocked sequential cell  
The clock pin u_cpu/u_if_stage/u_bht/bht_counter_reg[11][1]/C is not reached by a timing clock
Related violations: <none>

TIMING-17#911 Critical Warning
Non-clocked sequential cell  
The clock pin u_cpu/u_if_stage/u_bht/bht_counter_reg[120][0]/C is not reached by a timing clock
Related violations: <none>

TIMING-17#912 Critical Warning
Non-clocked sequential cell  
The clock pin u_cpu/u_if_stage/u_bht/bht_counter_reg[120][1]/C is not reached by a timing clock
Related violations: <none>

TIMING-17#913 Critical Warning
Non-clocked sequential cell  
The clock pin u_cpu/u_if_stage/u_bht/bht_counter_reg[121][0]/C is not reached by a timing clock
Related violations: <none>

TIMING-17#914 Critical Warning
Non-clocked sequential cell  
The clock pin u_cpu/u_if_stage/u_bht/bht_counter_reg[121][1]/C is not reached by a timing clock
Related violations: <none>

TIMING-17#915 Critical Warning
Non-clocked sequential cell  
The clock pin u_cpu/u_if_stage/u_bht/bht_counter_reg[122][0]/C is not reached by a timing clock
Related violations: <none>

TIMING-17#916 Critical Warning
Non-clocked sequential cell  
The clock pin u_cpu/u_if_stage/u_bht/bht_counter_reg[122][1]/C is not reached by a timing clock
Related violations: <none>

TIMING-17#917 Critical Warning
Non-clocked sequential cell  
The clock pin u_cpu/u_if_stage/u_bht/bht_counter_reg[123][0]/C is not reached by a timing clock
Related violations: <none>

TIMING-17#918 Critical Warning
Non-clocked sequential cell  
The clock pin u_cpu/u_if_stage/u_bht/bht_counter_reg[123][1]/C is not reached by a timing clock
Related violations: <none>

TIMING-17#919 Critical Warning
Non-clocked sequential cell  
The clock pin u_cpu/u_if_stage/u_bht/bht_counter_reg[124][0]/C is not reached by a timing clock
Related violations: <none>

TIMING-17#920 Critical Warning
Non-clocked sequential cell  
The clock pin u_cpu/u_if_stage/u_bht/bht_counter_reg[124][1]/C is not reached by a timing clock
Related violations: <none>

TIMING-17#921 Critical Warning
Non-clocked sequential cell  
The clock pin u_cpu/u_if_stage/u_bht/bht_counter_reg[125][0]/C is not reached by a timing clock
Related violations: <none>

TIMING-17#922 Critical Warning
Non-clocked sequential cell  
The clock pin u_cpu/u_if_stage/u_bht/bht_counter_reg[125][1]/C is not reached by a timing clock
Related violations: <none>

TIMING-17#923 Critical Warning
Non-clocked sequential cell  
The clock pin u_cpu/u_if_stage/u_bht/bht_counter_reg[126][0]/C is not reached by a timing clock
Related violations: <none>

TIMING-17#924 Critical Warning
Non-clocked sequential cell  
The clock pin u_cpu/u_if_stage/u_bht/bht_counter_reg[126][1]/C is not reached by a timing clock
Related violations: <none>

TIMING-17#925 Critical Warning
Non-clocked sequential cell  
The clock pin u_cpu/u_if_stage/u_bht/bht_counter_reg[127][0]/C is not reached by a timing clock
Related violations: <none>

TIMING-17#926 Critical Warning
Non-clocked sequential cell  
The clock pin u_cpu/u_if_stage/u_bht/bht_counter_reg[127][1]/C is not reached by a timing clock
Related violations: <none>

TIMING-17#927 Critical Warning
Non-clocked sequential cell  
The clock pin u_cpu/u_if_stage/u_bht/bht_counter_reg[128][0]/C is not reached by a timing clock
Related violations: <none>

TIMING-17#928 Critical Warning
Non-clocked sequential cell  
The clock pin u_cpu/u_if_stage/u_bht/bht_counter_reg[128][1]/C is not reached by a timing clock
Related violations: <none>

TIMING-17#929 Critical Warning
Non-clocked sequential cell  
The clock pin u_cpu/u_if_stage/u_bht/bht_counter_reg[129][0]/C is not reached by a timing clock
Related violations: <none>

TIMING-17#930 Critical Warning
Non-clocked sequential cell  
The clock pin u_cpu/u_if_stage/u_bht/bht_counter_reg[129][1]/C is not reached by a timing clock
Related violations: <none>

TIMING-17#931 Critical Warning
Non-clocked sequential cell  
The clock pin u_cpu/u_if_stage/u_bht/bht_counter_reg[12][0]/C is not reached by a timing clock
Related violations: <none>

TIMING-17#932 Critical Warning
Non-clocked sequential cell  
The clock pin u_cpu/u_if_stage/u_bht/bht_counter_reg[12][1]/C is not reached by a timing clock
Related violations: <none>

TIMING-17#933 Critical Warning
Non-clocked sequential cell  
The clock pin u_cpu/u_if_stage/u_bht/bht_counter_reg[130][0]/C is not reached by a timing clock
Related violations: <none>

TIMING-17#934 Critical Warning
Non-clocked sequential cell  
The clock pin u_cpu/u_if_stage/u_bht/bht_counter_reg[130][1]/C is not reached by a timing clock
Related violations: <none>

TIMING-17#935 Critical Warning
Non-clocked sequential cell  
The clock pin u_cpu/u_if_stage/u_bht/bht_counter_reg[131][0]/C is not reached by a timing clock
Related violations: <none>

TIMING-17#936 Critical Warning
Non-clocked sequential cell  
The clock pin u_cpu/u_if_stage/u_bht/bht_counter_reg[131][1]/C is not reached by a timing clock
Related violations: <none>

TIMING-17#937 Critical Warning
Non-clocked sequential cell  
The clock pin u_cpu/u_if_stage/u_bht/bht_counter_reg[132][0]/C is not reached by a timing clock
Related violations: <none>

TIMING-17#938 Critical Warning
Non-clocked sequential cell  
The clock pin u_cpu/u_if_stage/u_bht/bht_counter_reg[132][1]/C is not reached by a timing clock
Related violations: <none>

TIMING-17#939 Critical Warning
Non-clocked sequential cell  
The clock pin u_cpu/u_if_stage/u_bht/bht_counter_reg[133][0]/C is not reached by a timing clock
Related violations: <none>

TIMING-17#940 Critical Warning
Non-clocked sequential cell  
The clock pin u_cpu/u_if_stage/u_bht/bht_counter_reg[133][1]/C is not reached by a timing clock
Related violations: <none>

TIMING-17#941 Critical Warning
Non-clocked sequential cell  
The clock pin u_cpu/u_if_stage/u_bht/bht_counter_reg[134][0]/C is not reached by a timing clock
Related violations: <none>

TIMING-17#942 Critical Warning
Non-clocked sequential cell  
The clock pin u_cpu/u_if_stage/u_bht/bht_counter_reg[134][1]/C is not reached by a timing clock
Related violations: <none>

TIMING-17#943 Critical Warning
Non-clocked sequential cell  
The clock pin u_cpu/u_if_stage/u_bht/bht_counter_reg[135][0]/C is not reached by a timing clock
Related violations: <none>

TIMING-17#944 Critical Warning
Non-clocked sequential cell  
The clock pin u_cpu/u_if_stage/u_bht/bht_counter_reg[135][1]/C is not reached by a timing clock
Related violations: <none>

TIMING-17#945 Critical Warning
Non-clocked sequential cell  
The clock pin u_cpu/u_if_stage/u_bht/bht_counter_reg[136][0]/C is not reached by a timing clock
Related violations: <none>

TIMING-17#946 Critical Warning
Non-clocked sequential cell  
The clock pin u_cpu/u_if_stage/u_bht/bht_counter_reg[136][1]/C is not reached by a timing clock
Related violations: <none>

TIMING-17#947 Critical Warning
Non-clocked sequential cell  
The clock pin u_cpu/u_if_stage/u_bht/bht_counter_reg[137][0]/C is not reached by a timing clock
Related violations: <none>

TIMING-17#948 Critical Warning
Non-clocked sequential cell  
The clock pin u_cpu/u_if_stage/u_bht/bht_counter_reg[137][1]/C is not reached by a timing clock
Related violations: <none>

TIMING-17#949 Critical Warning
Non-clocked sequential cell  
The clock pin u_cpu/u_if_stage/u_bht/bht_counter_reg[138][0]/C is not reached by a timing clock
Related violations: <none>

TIMING-17#950 Critical Warning
Non-clocked sequential cell  
The clock pin u_cpu/u_if_stage/u_bht/bht_counter_reg[138][1]/C is not reached by a timing clock
Related violations: <none>

TIMING-17#951 Critical Warning
Non-clocked sequential cell  
The clock pin u_cpu/u_if_stage/u_bht/bht_counter_reg[139][0]/C is not reached by a timing clock
Related violations: <none>

TIMING-17#952 Critical Warning
Non-clocked sequential cell  
The clock pin u_cpu/u_if_stage/u_bht/bht_counter_reg[139][1]/C is not reached by a timing clock
Related violations: <none>

TIMING-17#953 Critical Warning
Non-clocked sequential cell  
The clock pin u_cpu/u_if_stage/u_bht/bht_counter_reg[13][0]/C is not reached by a timing clock
Related violations: <none>

TIMING-17#954 Critical Warning
Non-clocked sequential cell  
The clock pin u_cpu/u_if_stage/u_bht/bht_counter_reg[13][1]/C is not reached by a timing clock
Related violations: <none>

TIMING-17#955 Critical Warning
Non-clocked sequential cell  
The clock pin u_cpu/u_if_stage/u_bht/bht_counter_reg[140][0]/C is not reached by a timing clock
Related violations: <none>

TIMING-17#956 Critical Warning
Non-clocked sequential cell  
The clock pin u_cpu/u_if_stage/u_bht/bht_counter_reg[140][1]/C is not reached by a timing clock
Related violations: <none>

TIMING-17#957 Critical Warning
Non-clocked sequential cell  
The clock pin u_cpu/u_if_stage/u_bht/bht_counter_reg[141][0]/C is not reached by a timing clock
Related violations: <none>

TIMING-17#958 Critical Warning
Non-clocked sequential cell  
The clock pin u_cpu/u_if_stage/u_bht/bht_counter_reg[141][1]/C is not reached by a timing clock
Related violations: <none>

TIMING-17#959 Critical Warning
Non-clocked sequential cell  
The clock pin u_cpu/u_if_stage/u_bht/bht_counter_reg[142][0]/C is not reached by a timing clock
Related violations: <none>

TIMING-17#960 Critical Warning
Non-clocked sequential cell  
The clock pin u_cpu/u_if_stage/u_bht/bht_counter_reg[142][1]/C is not reached by a timing clock
Related violations: <none>

TIMING-17#961 Critical Warning
Non-clocked sequential cell  
The clock pin u_cpu/u_if_stage/u_bht/bht_counter_reg[143][0]/C is not reached by a timing clock
Related violations: <none>

TIMING-17#962 Critical Warning
Non-clocked sequential cell  
The clock pin u_cpu/u_if_stage/u_bht/bht_counter_reg[143][1]/C is not reached by a timing clock
Related violations: <none>

TIMING-17#963 Critical Warning
Non-clocked sequential cell  
The clock pin u_cpu/u_if_stage/u_bht/bht_counter_reg[144][0]/C is not reached by a timing clock
Related violations: <none>

TIMING-17#964 Critical Warning
Non-clocked sequential cell  
The clock pin u_cpu/u_if_stage/u_bht/bht_counter_reg[144][1]/C is not reached by a timing clock
Related violations: <none>

TIMING-17#965 Critical Warning
Non-clocked sequential cell  
The clock pin u_cpu/u_if_stage/u_bht/bht_counter_reg[145][0]/C is not reached by a timing clock
Related violations: <none>

TIMING-17#966 Critical Warning
Non-clocked sequential cell  
The clock pin u_cpu/u_if_stage/u_bht/bht_counter_reg[145][1]/C is not reached by a timing clock
Related violations: <none>

TIMING-17#967 Critical Warning
Non-clocked sequential cell  
The clock pin u_cpu/u_if_stage/u_bht/bht_counter_reg[146][0]/C is not reached by a timing clock
Related violations: <none>

TIMING-17#968 Critical Warning
Non-clocked sequential cell  
The clock pin u_cpu/u_if_stage/u_bht/bht_counter_reg[146][1]/C is not reached by a timing clock
Related violations: <none>

TIMING-17#969 Critical Warning
Non-clocked sequential cell  
The clock pin u_cpu/u_if_stage/u_bht/bht_counter_reg[147][0]/C is not reached by a timing clock
Related violations: <none>

TIMING-17#970 Critical Warning
Non-clocked sequential cell  
The clock pin u_cpu/u_if_stage/u_bht/bht_counter_reg[147][1]/C is not reached by a timing clock
Related violations: <none>

TIMING-17#971 Critical Warning
Non-clocked sequential cell  
The clock pin u_cpu/u_if_stage/u_bht/bht_counter_reg[148][0]/C is not reached by a timing clock
Related violations: <none>

TIMING-17#972 Critical Warning
Non-clocked sequential cell  
The clock pin u_cpu/u_if_stage/u_bht/bht_counter_reg[148][1]/C is not reached by a timing clock
Related violations: <none>

TIMING-17#973 Critical Warning
Non-clocked sequential cell  
The clock pin u_cpu/u_if_stage/u_bht/bht_counter_reg[149][0]/C is not reached by a timing clock
Related violations: <none>

TIMING-17#974 Critical Warning
Non-clocked sequential cell  
The clock pin u_cpu/u_if_stage/u_bht/bht_counter_reg[149][1]/C is not reached by a timing clock
Related violations: <none>

TIMING-17#975 Critical Warning
Non-clocked sequential cell  
The clock pin u_cpu/u_if_stage/u_bht/bht_counter_reg[14][0]/C is not reached by a timing clock
Related violations: <none>

TIMING-17#976 Critical Warning
Non-clocked sequential cell  
The clock pin u_cpu/u_if_stage/u_bht/bht_counter_reg[14][1]/C is not reached by a timing clock
Related violations: <none>

TIMING-17#977 Critical Warning
Non-clocked sequential cell  
The clock pin u_cpu/u_if_stage/u_bht/bht_counter_reg[150][0]/C is not reached by a timing clock
Related violations: <none>

TIMING-17#978 Critical Warning
Non-clocked sequential cell  
The clock pin u_cpu/u_if_stage/u_bht/bht_counter_reg[150][1]/C is not reached by a timing clock
Related violations: <none>

TIMING-17#979 Critical Warning
Non-clocked sequential cell  
The clock pin u_cpu/u_if_stage/u_bht/bht_counter_reg[151][0]/C is not reached by a timing clock
Related violations: <none>

TIMING-17#980 Critical Warning
Non-clocked sequential cell  
The clock pin u_cpu/u_if_stage/u_bht/bht_counter_reg[151][1]/C is not reached by a timing clock
Related violations: <none>

TIMING-17#981 Critical Warning
Non-clocked sequential cell  
The clock pin u_cpu/u_if_stage/u_bht/bht_counter_reg[152][0]/C is not reached by a timing clock
Related violations: <none>

TIMING-17#982 Critical Warning
Non-clocked sequential cell  
The clock pin u_cpu/u_if_stage/u_bht/bht_counter_reg[152][1]/C is not reached by a timing clock
Related violations: <none>

TIMING-17#983 Critical Warning
Non-clocked sequential cell  
The clock pin u_cpu/u_if_stage/u_bht/bht_counter_reg[153][0]/C is not reached by a timing clock
Related violations: <none>

TIMING-17#984 Critical Warning
Non-clocked sequential cell  
The clock pin u_cpu/u_if_stage/u_bht/bht_counter_reg[153][1]/C is not reached by a timing clock
Related violations: <none>

TIMING-17#985 Critical Warning
Non-clocked sequential cell  
The clock pin u_cpu/u_if_stage/u_bht/bht_counter_reg[154][0]/C is not reached by a timing clock
Related violations: <none>

TIMING-17#986 Critical Warning
Non-clocked sequential cell  
The clock pin u_cpu/u_if_stage/u_bht/bht_counter_reg[154][1]/C is not reached by a timing clock
Related violations: <none>

TIMING-17#987 Critical Warning
Non-clocked sequential cell  
The clock pin u_cpu/u_if_stage/u_bht/bht_counter_reg[155][0]/C is not reached by a timing clock
Related violations: <none>

TIMING-17#988 Critical Warning
Non-clocked sequential cell  
The clock pin u_cpu/u_if_stage/u_bht/bht_counter_reg[155][1]/C is not reached by a timing clock
Related violations: <none>

TIMING-17#989 Critical Warning
Non-clocked sequential cell  
The clock pin u_cpu/u_if_stage/u_bht/bht_counter_reg[156][0]/C is not reached by a timing clock
Related violations: <none>

TIMING-17#990 Critical Warning
Non-clocked sequential cell  
The clock pin u_cpu/u_if_stage/u_bht/bht_counter_reg[156][1]/C is not reached by a timing clock
Related violations: <none>

TIMING-17#991 Critical Warning
Non-clocked sequential cell  
The clock pin u_cpu/u_if_stage/u_bht/bht_counter_reg[157][0]/C is not reached by a timing clock
Related violations: <none>

TIMING-17#992 Critical Warning
Non-clocked sequential cell  
The clock pin u_cpu/u_if_stage/u_bht/bht_counter_reg[157][1]/C is not reached by a timing clock
Related violations: <none>

TIMING-17#993 Critical Warning
Non-clocked sequential cell  
The clock pin u_cpu/u_if_stage/u_bht/bht_counter_reg[158][0]/C is not reached by a timing clock
Related violations: <none>

TIMING-17#994 Critical Warning
Non-clocked sequential cell  
The clock pin u_cpu/u_if_stage/u_bht/bht_counter_reg[158][1]/C is not reached by a timing clock
Related violations: <none>

TIMING-17#995 Critical Warning
Non-clocked sequential cell  
The clock pin u_cpu/u_if_stage/u_bht/bht_counter_reg[159][0]/C is not reached by a timing clock
Related violations: <none>

TIMING-17#996 Critical Warning
Non-clocked sequential cell  
The clock pin u_cpu/u_if_stage/u_bht/bht_counter_reg[159][1]/C is not reached by a timing clock
Related violations: <none>

TIMING-17#997 Critical Warning
Non-clocked sequential cell  
The clock pin u_cpu/u_if_stage/u_bht/bht_counter_reg[15][0]/C is not reached by a timing clock
Related violations: <none>

TIMING-17#998 Critical Warning
Non-clocked sequential cell  
The clock pin u_cpu/u_if_stage/u_bht/bht_counter_reg[15][1]/C is not reached by a timing clock
Related violations: <none>

TIMING-17#999 Critical Warning
Non-clocked sequential cell  
The clock pin u_cpu/u_if_stage/u_bht/bht_counter_reg[160][0]/C is not reached by a timing clock
Related violations: <none>

TIMING-17#1000 Critical Warning
Non-clocked sequential cell  
The clock pin u_cpu/u_if_stage/u_bht/bht_counter_reg[160][1]/C is not reached by a timing clock
Related violations: <none>

SYNTH-10#1 Warning
Wide multiplier  
Detected multiplier at u_cpu/u_ex_stage/muldiv_pick0 of size 13x18, it is decomposed from a wide multipler into 16 DSP blocks.
Related violations: <none>

SYNTH-10#2 Warning
Wide multiplier  
Detected multiplier at u_cpu/u_ex_stage/muldiv_pick0__0 of size 18x13, it is decomposed from a wide multipler into 16 DSP blocks.
Related violations: <none>

SYNTH-10#3 Warning
Wide multiplier  
Detected multiplier at u_cpu/u_ex_stage/muldiv_pick0__0__0 of size 18x14, it is decomposed from a wide multipler into 16 DSP blocks.
Related violations: <none>

SYNTH-10#4 Warning
Wide multiplier  
Detected multiplier at u_cpu/u_ex_stage/muldiv_pick0__0__1 of size 18x14, it is decomposed from a wide multipler into 16 DSP blocks.
Related violations: <none>

SYNTH-10#5 Warning
Wide multiplier  
Detected multiplier at u_cpu/u_ex_stage/muldiv_pick0__1 of size 13x18, it is decomposed from a wide multipler into 16 DSP blocks.
Related violations: <none>

SYNTH-10#6 Warning
Wide multiplier  
Detected multiplier at u_cpu/u_ex_stage/muldiv_pick0__10 of size 18x18, it is decomposed from a wide multipler into 16 DSP blocks.
Related violations: <none>

SYNTH-10#7 Warning
Wide multiplier  
Detected multiplier at u_cpu/u_ex_stage/muldiv_pick0__10__0 of size 18x18, it is decomposed from a wide multipler into 16 DSP blocks.
Related violations: <none>

SYNTH-10#8 Warning
Wide multiplier  
Detected multiplier at u_cpu/u_ex_stage/muldiv_pick0__10__1 of size 18x18, it is decomposed from a wide multipler into 16 DSP blocks.
Related violations: <none>

SYNTH-10#9 Warning
Wide multiplier  
Detected multiplier at u_cpu/u_ex_stage/muldiv_pick0__11 of size 18x18, it is decomposed from a wide multipler into 16 DSP blocks.
Related violations: <none>

SYNTH-10#10 Warning
Wide multiplier  
Detected multiplier at u_cpu/u_ex_stage/muldiv_pick0__11__0 of size 18x18, it is decomposed from a wide multipler into 16 DSP blocks.
Related violations: <none>

SYNTH-10#11 Warning
Wide multiplier  
Detected multiplier at u_cpu/u_ex_stage/muldiv_pick0__11__1 of size 18x18, it is decomposed from a wide multipler into 16 DSP blocks.
Related violations: <none>

SYNTH-10#12 Warning
Wide multiplier  
Detected multiplier at u_cpu/u_ex_stage/muldiv_pick0__12 of size 18x18, it is decomposed from a wide multipler into 16 DSP blocks.
Related violations: <none>

SYNTH-10#13 Warning
Wide multiplier  
Detected multiplier at u_cpu/u_ex_stage/muldiv_pick0__12__0 of size 18x18, it is decomposed from a wide multipler into 16 DSP blocks.
Related violations: <none>

SYNTH-10#14 Warning
Wide multiplier  
Detected multiplier at u_cpu/u_ex_stage/muldiv_pick0__12__1 of size 18x18, it is decomposed from a wide multipler into 16 DSP blocks.
Related violations: <none>

SYNTH-10#15 Warning
Wide multiplier  
Detected multiplier at u_cpu/u_ex_stage/muldiv_pick0__13 of size 18x18, it is decomposed from a wide multipler into 16 DSP blocks.
Related violations: <none>

SYNTH-10#16 Warning
Wide multiplier  
Detected multiplier at u_cpu/u_ex_stage/muldiv_pick0__13__0 of size 18x18, it is decomposed from a wide multipler into 16 DSP blocks.
Related violations: <none>

SYNTH-10#17 Warning
Wide multiplier  
Detected multiplier at u_cpu/u_ex_stage/muldiv_pick0__13__1 of size 18x18, it is decomposed from a wide multipler into 16 DSP blocks.
Related violations: <none>

SYNTH-10#18 Warning
Wide multiplier  
Detected multiplier at u_cpu/u_ex_stage/muldiv_pick0__14 of size 18x18, it is decomposed from a wide multipler into 16 DSP blocks.
Related violations: <none>

SYNTH-10#19 Warning
Wide multiplier  
Detected multiplier at u_cpu/u_ex_stage/muldiv_pick0__14__0 of size 18x18, it is decomposed from a wide multipler into 16 DSP blocks.
Related violations: <none>

SYNTH-10#20 Warning
Wide multiplier  
Detected multiplier at u_cpu/u_ex_stage/muldiv_pick0__14__1 of size 18x18, it is decomposed from a wide multipler into 16 DSP blocks.
Related violations: <none>

SYNTH-10#21 Warning
Wide multiplier  
Detected multiplier at u_cpu/u_ex_stage/muldiv_pick0__15 of size 14x18, it is decomposed from a wide multipler into 16 DSP blocks.
Related violations: <none>

SYNTH-10#22 Warning
Wide multiplier  
Detected multiplier at u_cpu/u_ex_stage/muldiv_pick0__15__0 of size 13x18, it is decomposed from a wide multipler into 16 DSP blocks.
Related violations: <none>

SYNTH-10#23 Warning
Wide multiplier  
Detected multiplier at u_cpu/u_ex_stage/muldiv_pick0__15__1 of size 13x18, it is decomposed from a wide multipler into 16 DSP blocks.
Related violations: <none>

SYNTH-10#24 Warning
Wide multiplier  
Detected multiplier at u_cpu/u_ex_stage/muldiv_pick0__16 of size 18x14, it is decomposed from a wide multipler into 16 DSP blocks.
Related violations: <none>

SYNTH-10#25 Warning
Wide multiplier  
Detected multiplier at u_cpu/u_ex_stage/muldiv_pick0__16__0 of size 18x13, it is decomposed from a wide multipler into 16 DSP blocks.
Related violations: <none>

SYNTH-10#26 Warning
Wide multiplier  
Detected multiplier at u_cpu/u_ex_stage/muldiv_pick0__17 of size 13x18, it is decomposed from a wide multipler into 16 DSP blocks.
Related violations: <none>

SYNTH-10#27 Warning
Wide multiplier  
Detected multiplier at u_cpu/u_ex_stage/muldiv_pick0__17__0 of size 13x18, it is decomposed from a wide multipler into 16 DSP blocks.
Related violations: <none>

SYNTH-10#28 Warning
Wide multiplier  
Detected multiplier at u_cpu/u_ex_stage/muldiv_pick0__18 of size 13x14, it is decomposed from a wide multipler into 16 DSP blocks.
Related violations: <none>

SYNTH-10#29 Warning
Wide multiplier  
Detected multiplier at u_cpu/u_ex_stage/muldiv_pick0__18__0 of size 13x13, it is decomposed from a wide multipler into 16 DSP blocks.
Related violations: <none>

SYNTH-10#30 Warning
Wide multiplier  
Detected multiplier at u_cpu/u_ex_stage/muldiv_pick0__19 of size 18x18, it is decomposed from a wide multipler into 16 DSP blocks.
Related violations: <none>

SYNTH-10#31 Warning
Wide multiplier  
Detected multiplier at u_cpu/u_ex_stage/muldiv_pick0__19__0 of size 18x18, it is decomposed from a wide multipler into 16 DSP blocks.
Related violations: <none>

SYNTH-10#32 Warning
Wide multiplier  
Detected multiplier at u_cpu/u_ex_stage/muldiv_pick0__1__0 of size 14x18, it is decomposed from a wide multipler into 16 DSP blocks.
Related violations: <none>

SYNTH-10#33 Warning
Wide multiplier  
Detected multiplier at u_cpu/u_ex_stage/muldiv_pick0__1__1 of size 14x18, it is decomposed from a wide multipler into 16 DSP blocks.
Related violations: <none>

SYNTH-10#34 Warning
Wide multiplier  
Detected multiplier at u_cpu/u_ex_stage/muldiv_pick0__2 of size 13x13, it is decomposed from a wide multipler into 16 DSP blocks.
Related violations: <none>

SYNTH-10#35 Warning
Wide multiplier  
Detected multiplier at u_cpu/u_ex_stage/muldiv_pick0__20 of size 13x18, it is decomposed from a wide multipler into 16 DSP blocks.
Related violations: <none>

SYNTH-10#36 Warning
Wide multiplier  
Detected multiplier at u_cpu/u_ex_stage/muldiv_pick0__20__0 of size 13x18, it is decomposed from a wide multipler into 16 DSP blocks.
Related violations: <none>

SYNTH-10#37 Warning
Wide multiplier  
Detected multiplier at u_cpu/u_ex_stage/muldiv_pick0__21 of size 18x14, it is decomposed from a wide multipler into 16 DSP blocks.
Related violations: <none>

SYNTH-10#38 Warning
Wide multiplier  
Detected multiplier at u_cpu/u_ex_stage/muldiv_pick0__21__0 of size 18x13, it is decomposed from a wide multipler into 16 DSP blocks.
Related violations: <none>

SYNTH-10#39 Warning
Wide multiplier  
Detected multiplier at u_cpu/u_ex_stage/muldiv_pick0__22 of size 18x18, it is decomposed from a wide multipler into 16 DSP blocks.
Related violations: <none>

SYNTH-10#40 Warning
Wide multiplier  
Detected multiplier at u_cpu/u_ex_stage/muldiv_pick0__22__0 of size 18x18, it is decomposed from a wide multipler into 16 DSP blocks.
Related violations: <none>

SYNTH-10#41 Warning
Wide multiplier  
Detected multiplier at u_cpu/u_ex_stage/muldiv_pick0__23 of size 18x18, it is decomposed from a wide multipler into 16 DSP blocks.
Related violations: <none>

SYNTH-10#42 Warning
Wide multiplier  
Detected multiplier at u_cpu/u_ex_stage/muldiv_pick0__23__0 of size 18x18, it is decomposed from a wide multipler into 16 DSP blocks.
Related violations: <none>

SYNTH-10#43 Warning
Wide multiplier  
Detected multiplier at u_cpu/u_ex_stage/muldiv_pick0__24 of size 18x18, it is decomposed from a wide multipler into 16 DSP blocks.
Related violations: <none>

SYNTH-10#44 Warning
Wide multiplier  
Detected multiplier at u_cpu/u_ex_stage/muldiv_pick0__24__0 of size 18x18, it is decomposed from a wide multipler into 16 DSP blocks.
Related violations: <none>

SYNTH-10#45 Warning
Wide multiplier  
Detected multiplier at u_cpu/u_ex_stage/muldiv_pick0__25 of size 18x14, it is decomposed from a wide multipler into 16 DSP blocks.
Related violations: <none>

SYNTH-10#46 Warning
Wide multiplier  
Detected multiplier at u_cpu/u_ex_stage/muldiv_pick0__25__0 of size 18x13, it is decomposed from a wide multipler into 16 DSP blocks.
Related violations: <none>

SYNTH-10#47 Warning
Wide multiplier  
Detected multiplier at u_cpu/u_ex_stage/muldiv_pick0__26 of size 18x18, it is decomposed from a wide multipler into 16 DSP blocks.
Related violations: <none>

SYNTH-10#48 Warning
Wide multiplier  
Detected multiplier at u_cpu/u_ex_stage/muldiv_pick0__26__0 of size 18x18, it is decomposed from a wide multipler into 16 DSP blocks.
Related violations: <none>

SYNTH-10#49 Warning
Wide multiplier  
Detected multiplier at u_cpu/u_ex_stage/muldiv_pick0__27 of size 18x18, it is decomposed from a wide multipler into 16 DSP blocks.
Related violations: <none>

SYNTH-10#50 Warning
Wide multiplier  
Detected multiplier at u_cpu/u_ex_stage/muldiv_pick0__27__0 of size 18x18, it is decomposed from a wide multipler into 16 DSP blocks.
Related violations: <none>

SYNTH-10#51 Warning
Wide multiplier  
Detected multiplier at u_cpu/u_ex_stage/muldiv_pick0__28 of size 18x18, it is decomposed from a wide multipler into 16 DSP blocks.
Related violations: <none>

SYNTH-10#52 Warning
Wide multiplier  
Detected multiplier at u_cpu/u_ex_stage/muldiv_pick0__28__0 of size 18x18, it is decomposed from a wide multipler into 16 DSP blocks.
Related violations: <none>

SYNTH-10#53 Warning
Wide multiplier  
Detected multiplier at u_cpu/u_ex_stage/muldiv_pick0__29 of size 18x18, it is decomposed from a wide multipler into 16 DSP blocks.
Related violations: <none>

SYNTH-10#54 Warning
Wide multiplier  
Detected multiplier at u_cpu/u_ex_stage/muldiv_pick0__29__0 of size 18x18, it is decomposed from a wide multipler into 16 DSP blocks.
Related violations: <none>

SYNTH-10#55 Warning
Wide multiplier  
Detected multiplier at u_cpu/u_ex_stage/muldiv_pick0__2__0 of size 14x14, it is decomposed from a wide multipler into 16 DSP blocks.
Related violations: <none>

SYNTH-10#56 Warning
Wide multiplier  
Detected multiplier at u_cpu/u_ex_stage/muldiv_pick0__2__1 of size 14x14, it is decomposed from a wide multipler into 16 DSP blocks.
Related violations: <none>

SYNTH-10#57 Warning
Wide multiplier  
Detected multiplier at u_cpu/u_ex_stage/muldiv_pick0__3 of size 18x18, it is decomposed from a wide multipler into 16 DSP blocks.
Related violations: <none>

SYNTH-10#58 Warning
Wide multiplier  
Detected multiplier at u_cpu/u_ex_stage/muldiv_pick0__30 of size 18x18, it is decomposed from a wide multipler into 16 DSP blocks.
Related violations: <none>

SYNTH-10#59 Warning
Wide multiplier  
Detected multiplier at u_cpu/u_ex_stage/muldiv_pick0__30__0 of size 18x18, it is decomposed from a wide multipler into 16 DSP blocks.
Related violations: <none>

SYNTH-10#60 Warning
Wide multiplier  
Detected multiplier at u_cpu/u_ex_stage/muldiv_pick0__31 of size 14x18, it is decomposed from a wide multipler into 16 DSP blocks.
Related violations: <none>

SYNTH-10#61 Warning
Wide multiplier  
Detected multiplier at u_cpu/u_ex_stage/muldiv_pick0__31__0 of size 13x18, it is decomposed from a wide multipler into 16 DSP blocks.
Related violations: <none>

SYNTH-10#62 Warning
Wide multiplier  
Detected multiplier at u_cpu/u_ex_stage/muldiv_pick0__32 of size 18x14, it is decomposed from a wide multipler into 16 DSP blocks.
Related violations: <none>

SYNTH-10#63 Warning
Wide multiplier  
Detected multiplier at u_cpu/u_ex_stage/muldiv_pick0__33 of size 13x18, it is decomposed from a wide multipler into 16 DSP blocks.
Related violations: <none>

SYNTH-10#64 Warning
Wide multiplier  
Detected multiplier at u_cpu/u_ex_stage/muldiv_pick0__34 of size 13x14, it is decomposed from a wide multipler into 16 DSP blocks.
Related violations: <none>

SYNTH-10#65 Warning
Wide multiplier  
Detected multiplier at u_cpu/u_ex_stage/muldiv_pick0__35 of size 18x18, it is decomposed from a wide multipler into 16 DSP blocks.
Related violations: <none>

SYNTH-10#66 Warning
Wide multiplier  
Detected multiplier at u_cpu/u_ex_stage/muldiv_pick0__36 of size 13x18, it is decomposed from a wide multipler into 16 DSP blocks.
Related violations: <none>

SYNTH-10#67 Warning
Wide multiplier  
Detected multiplier at u_cpu/u_ex_stage/muldiv_pick0__37 of size 18x14, it is decomposed from a wide multipler into 16 DSP blocks.
Related violations: <none>

SYNTH-10#68 Warning
Wide multiplier  
Detected multiplier at u_cpu/u_ex_stage/muldiv_pick0__38 of size 18x18, it is decomposed from a wide multipler into 16 DSP blocks.
Related violations: <none>

SYNTH-10#69 Warning
Wide multiplier  
Detected multiplier at u_cpu/u_ex_stage/muldiv_pick0__39 of size 18x18, it is decomposed from a wide multipler into 16 DSP blocks.
Related violations: <none>

SYNTH-10#70 Warning
Wide multiplier  
Detected multiplier at u_cpu/u_ex_stage/muldiv_pick0__3__0 of size 18x18, it is decomposed from a wide multipler into 16 DSP blocks.
Related violations: <none>

SYNTH-10#71 Warning
Wide multiplier  
Detected multiplier at u_cpu/u_ex_stage/muldiv_pick0__3__1 of size 18x18, it is decomposed from a wide multipler into 16 DSP blocks.
Related violations: <none>

SYNTH-10#72 Warning
Wide multiplier  
Detected multiplier at u_cpu/u_ex_stage/muldiv_pick0__4 of size 13x18, it is decomposed from a wide multipler into 16 DSP blocks.
Related violations: <none>

SYNTH-10#73 Warning
Wide multiplier  
Detected multiplier at u_cpu/u_ex_stage/muldiv_pick0__40 of size 18x18, it is decomposed from a wide multipler into 16 DSP blocks.
Related violations: <none>

SYNTH-10#74 Warning
Wide multiplier  
Detected multiplier at u_cpu/u_ex_stage/muldiv_pick0__41 of size 18x14, it is decomposed from a wide multipler into 16 DSP blocks.
Related violations: <none>

SYNTH-10#75 Warning
Wide multiplier  
Detected multiplier at u_cpu/u_ex_stage/muldiv_pick0__42 of size 18x18, it is decomposed from a wide multipler into 16 DSP blocks.
Related violations: <none>

SYNTH-10#76 Warning
Wide multiplier  
Detected multiplier at u_cpu/u_ex_stage/muldiv_pick0__43 of size 18x18, it is decomposed from a wide multipler into 16 DSP blocks.
Related violations: <none>

SYNTH-10#77 Warning
Wide multiplier  
Detected multiplier at u_cpu/u_ex_stage/muldiv_pick0__44 of size 18x18, it is decomposed from a wide multipler into 16 DSP blocks.
Related violations: <none>

SYNTH-10#78 Warning
Wide multiplier  
Detected multiplier at u_cpu/u_ex_stage/muldiv_pick0__45 of size 18x18, it is decomposed from a wide multipler into 16 DSP blocks.
Related violations: <none>

SYNTH-10#79 Warning
Wide multiplier  
Detected multiplier at u_cpu/u_ex_stage/muldiv_pick0__46 of size 18x18, it is decomposed from a wide multipler into 16 DSP blocks.
Related violations: <none>

SYNTH-10#80 Warning
Wide multiplier  
Detected multiplier at u_cpu/u_ex_stage/muldiv_pick0__4__0 of size 14x18, it is decomposed from a wide multipler into 16 DSP blocks.
Related violations: <none>

SYNTH-10#81 Warning
Wide multiplier  
Detected multiplier at u_cpu/u_ex_stage/muldiv_pick0__4__1 of size 14x18, it is decomposed from a wide multipler into 16 DSP blocks.
Related violations: <none>

SYNTH-10#82 Warning
Wide multiplier  
Detected multiplier at u_cpu/u_ex_stage/muldiv_pick0__5 of size 18x13, it is decomposed from a wide multipler into 16 DSP blocks.
Related violations: <none>

SYNTH-10#83 Warning
Wide multiplier  
Detected multiplier at u_cpu/u_ex_stage/muldiv_pick0__5__0 of size 18x14, it is decomposed from a wide multipler into 16 DSP blocks.
Related violations: <none>

SYNTH-10#84 Warning
Wide multiplier  
Detected multiplier at u_cpu/u_ex_stage/muldiv_pick0__5__1 of size 18x14, it is decomposed from a wide multipler into 16 DSP blocks.
Related violations: <none>

SYNTH-10#85 Warning
Wide multiplier  
Detected multiplier at u_cpu/u_ex_stage/muldiv_pick0__6 of size 18x18, it is decomposed from a wide multipler into 16 DSP blocks.
Related violations: <none>

SYNTH-10#86 Warning
Wide multiplier  
Detected multiplier at u_cpu/u_ex_stage/muldiv_pick0__6__0 of size 18x18, it is decomposed from a wide multipler into 16 DSP blocks.
Related violations: <none>

SYNTH-10#87 Warning
Wide multiplier  
Detected multiplier at u_cpu/u_ex_stage/muldiv_pick0__6__1 of size 18x18, it is decomposed from a wide multipler into 16 DSP blocks.
Related violations: <none>

SYNTH-10#88 Warning
Wide multiplier  
Detected multiplier at u_cpu/u_ex_stage/muldiv_pick0__7 of size 18x18, it is decomposed from a wide multipler into 16 DSP blocks.
Related violations: <none>

SYNTH-10#89 Warning
Wide multiplier  
Detected multiplier at u_cpu/u_ex_stage/muldiv_pick0__7__0 of size 18x18, it is decomposed from a wide multipler into 16 DSP blocks.
Related violations: <none>

SYNTH-10#90 Warning
Wide multiplier  
Detected multiplier at u_cpu/u_ex_stage/muldiv_pick0__7__1 of size 18x18, it is decomposed from a wide multipler into 16 DSP blocks.
Related violations: <none>

SYNTH-10#91 Warning
Wide multiplier  
Detected multiplier at u_cpu/u_ex_stage/muldiv_pick0__8 of size 18x18, it is decomposed from a wide multipler into 16 DSP blocks.
Related violations: <none>

SYNTH-10#92 Warning
Wide multiplier  
Detected multiplier at u_cpu/u_ex_stage/muldiv_pick0__8__0 of size 18x18, it is decomposed from a wide multipler into 16 DSP blocks.
Related violations: <none>

SYNTH-10#93 Warning
Wide multiplier  
Detected multiplier at u_cpu/u_ex_stage/muldiv_pick0__8__1 of size 18x18, it is decomposed from a wide multipler into 16 DSP blocks.
Related violations: <none>

SYNTH-10#94 Warning
Wide multiplier  
Detected multiplier at u_cpu/u_ex_stage/muldiv_pick0__9 of size 18x13, it is decomposed from a wide multipler into 16 DSP blocks.
Related violations: <none>

SYNTH-10#95 Warning
Wide multiplier  
Detected multiplier at u_cpu/u_ex_stage/muldiv_pick0__9__0 of size 18x14, it is decomposed from a wide multipler into 16 DSP blocks.
Related violations: <none>

SYNTH-10#96 Warning
Wide multiplier  
Detected multiplier at u_cpu/u_ex_stage/muldiv_pick0__9__1 of size 18x14, it is decomposed from a wide multipler into 16 DSP blocks.
Related violations: <none>


report_methodology completed successfully
report_methodology: Time (s): cpu = 00:00:47 ; elapsed = 00:00:24 . Memory (MB): peak = 6123.293 ; gain = 0.000
0
export_ip_user_files -of_objects  [get_files Z:/Vega_cpu/Project/Vega/Vega.srcs/sources_1/ip/axi_uartlite_0/axi_uartlite_0.xci] -no_script -reset -force -quiet
remove_files  -fileset axi_uartlite_0 Z:/Vega_cpu/Project/Vega/Vega.srcs/sources_1/ip/axi_uartlite_0/axi_uartlite_0.xci
INFO: [Project 1-386] Moving file 'Z:/Vega_cpu/Project/Vega/Vega.srcs/sources_1/ip/axi_uartlite_0/axi_uartlite_0.xci' from fileset 'axi_uartlite_0' to fileset 'sources_1'.
WARNING: [filemgmt 56-199] Attempt to get parsing info during refresh. "On-the-fly" syntax checking information may be incorrect. [Z:\Vega_cpu\src\cpu\core\if_stage\if_stage.v:]
WARNING: [filemgmt 56-199] Attempt to get parsing info during refresh. "On-the-fly" syntax checking information may be incorrect. [Z:\Vega_cpu\src\cpu\core\mem_stage\mem_stage.v:]
WARNING: [filemgmt 56-199] Attempt to get parsing info during refresh. "On-the-fly" syntax checking information may be incorrect. [Z:\Vega_cpu\src\cpu\core\mem_stage\mem_stage.v:]
WARNING: [filemgmt 56-199] Attempt to get parsing info during refresh. "On-the-fly" syntax checking information may be incorrect. [Z:\Vega_cpu\src\cpu\core\mem_stage\mem_stage.v:]
file delete -force Z:/Vega_cpu/Project/Vega/Vega.srcs/sources_1/ip/axi_uartlite_0
file delete -force z:/Vega_cpu/Project/Vega/Vega.gen/sources_1/ip/axi_uartlite_0
WARNING: [filemgmt 56-199] Attempt to get parsing info during refresh. "On-the-fly" syntax checking information may be incorrect. [Z:\Vega_cpu\src\cpu\core\if_stage\if_stage.v:]
WARNING: [filemgmt 56-199] Attempt to get parsing info during refresh. "On-the-fly" syntax checking information may be incorrect. [Z:\Vega_cpu\src\cpu\core\mem_stage\mem_stage.v:]
WARNING: [filemgmt 56-199] Attempt to get parsing info during refresh. "On-the-fly" syntax checking information may be incorrect. [Z:\Vega_cpu\src\cpu\core\mem_stage\mem_stage.v:]
WARNING: [filemgmt 56-199] Attempt to get parsing info during refresh. "On-the-fly" syntax checking information may be incorrect. [Z:\Vega_cpu\src\cpu\core\mem_stage\mem_stage.v:]
WARNING: [filemgmt 56-199] Attempt to get parsing info during refresh. "On-the-fly" syntax checking information may be incorrect. [Z:\Vega_cpu\src\cpu\core\if_stage\if_stage.v:]
WARNING: [filemgmt 56-199] Attempt to get parsing info during refresh. "On-the-fly" syntax checking information may be incorrect. [Z:\Vega_cpu\src\cpu\core\mem_stage\mem_stage.v:]
WARNING: [filemgmt 56-199] Attempt to get parsing info during refresh. "On-the-fly" syntax checking information may be incorrect. [Z:\Vega_cpu\src\cpu\core\if_stage\if_stage.v:]
WARNING: [filemgmt 56-199] Attempt to get parsing info during refresh. "On-the-fly" syntax checking information may be incorrect. [Z:\Vega_cpu\src\cpu\core\if_stage\if_stage.v:]
create_ip -name axi_uartlite -vendor xilinx.com -library ip -version 2.0 -module_name axi_uartlite_0
generate_target {instantiation_template} [get_files z:/Vega_cpu/Project/Vega/Vega.srcs/sources_1/ip/axi_uartlite_0/axi_uartlite_0.xci]
INFO: [IP_Flow 19-1686] Generating 'Instantiation Template' target for IP 'axi_uartlite_0'...
WARNING: [filemgmt 56-199] Attempt to get parsing info during refresh. "On-the-fly" syntax checking information may be incorrect. [Z:\Vega_cpu\src\cpu\core\if_stage\if_stage.v:]
WARNING: [filemgmt 56-199] Attempt to get parsing info during refresh. "On-the-fly" syntax checking information may be incorrect. [Z:\Vega_cpu\src\cpu\core\mem_stage\mem_stage.v:]
WARNING: [filemgmt 56-199] Attempt to get parsing info during refresh. "On-the-fly" syntax checking information may be incorrect. [Z:\Vega_cpu\src\cpu\core\if_stage\if_stage.v:]
WARNING: [filemgmt 56-199] Attempt to get parsing info during refresh. "On-the-fly" syntax checking information may be incorrect. [Z:\Vega_cpu\src\cpu\core\if_stage\if_stage.v:]
generate_target all [get_files  z:/Vega_cpu/Project/Vega/Vega.srcs/sources_1/ip/axi_uartlite_0/axi_uartlite_0.xci]
INFO: [IP_Flow 19-1686] Generating 'Synthesis' target for IP 'axi_uartlite_0'...
WARNING: [IP_Flow 19-4994] Overwriting existing constraint file 'z:/Vega_cpu/Project/Vega/Vega.gen/sources_1/ip/axi_uartlite_0/axi_uartlite_0_ooc.xdc'
INFO: [IP_Flow 19-1686] Generating 'Simulation' target for IP 'axi_uartlite_0'...
INFO: [IP_Flow 19-1686] Generating 'Implementation' target for IP 'axi_uartlite_0'...
INFO: [IP_Flow 19-1686] Generating 'Change Log' target for IP 'axi_uartlite_0'...
catch { config_ip_cache -export [get_ips -all axi_uartlite_0] }
INFO: [IP_Flow 19-4993] Using cached IP synthesis design for IP axi_uartlite_0, cache-ID = 42605d96ea88121c; cache size = 4.888 MB.
export_ip_user_files -of_objects [get_files z:/Vega_cpu/Project/Vega/Vega.srcs/sources_1/ip/axi_uartlite_0/axi_uartlite_0.xci] -no_script -sync -force -quiet
create_ip_run [get_files -of_objects [get_fileset sources_1] z:/Vega_cpu/Project/Vega/Vega.srcs/sources_1/ip/axi_uartlite_0/axi_uartlite_0.xci]
INFO: [Vivado 12-3453] The given sub-design is up-to-date, no action was taken.  If a run is still desired, use the '-force' option for the file:'z:/Vega_cpu/Project/Vega/Vega.srcs/sources_1/ip/axi_uartlite_0/axi_uartlite_0.xci'
export_simulation -lib_map_path [list {modelsim=Z:/Vega_cpu/Project/Vega/Vega.cache/compile_simlib/modelsim} {questa=Z:/Vega_cpu/Project/Vega/Vega.cache/compile_simlib/questa} {riviera=Z:/Vega_cpu/Project/Vega/Vega.cache/compile_simlib/riviera} {activehdl=Z:/Vega_cpu/Project/Vega/Vega.cache/compile_simlib/activehdl}] -of_objects [get_files z:/Vega_cpu/Project/Vega/Vega.srcs/sources_1/ip/axi_uartlite_0/axi_uartlite_0.xci] -directory Z:/Vega_cpu/Project/Vega/Vega.ip_user_files/sim_scripts -ip_user_files_dir Z:/Vega_cpu/Project/Vega/Vega.ip_user_files -ipstatic_source_dir Z:/Vega_cpu/Project/Vega/Vega.ip_user_files/ipstatic -use_ip_compiled_libs -force -quiet
update_compile_order -fileset sources_1
WARNING: [filemgmt 56-199] Attempt to get parsing info during refresh. "On-the-fly" syntax checking information may be incorrect. [Z:\Vega_cpu\src\cpu\core\if_stage\if_stage.v:]
WARNING: [filemgmt 56-199] Attempt to get parsing info during refresh. "On-the-fly" syntax checking information may be incorrect. [Z:\Vega_cpu\src\cpu\core\mem_stage\mem_stage.v:]
WARNING: [filemgmt 56-199] Attempt to get parsing info during refresh. "On-the-fly" syntax checking information may be incorrect. [Z:\Vega_cpu\src\cpu\core\if_stage\if_stage.v:]
WARNING: [filemgmt 56-199] Attempt to get parsing info during refresh. "On-the-fly" syntax checking information may be incorrect. [Z:\Vega_cpu\src\cpu\core\if_stage\if_stage.v:]
synth_design -top vega_soc_top -part xc7a200tfbg676-3 -lint 
Command: synth_design -top vega_soc_top -part xc7a200tfbg676-3 -lint
Starting synth_design
Attempting to get a license for feature 'Synthesis' and/or device 'xc7a200t'
INFO: [Common 17-349] Got license for feature 'Synthesis' and/or device 'xc7a200t'
INFO: [Synth 8-7079] Multithreading enabled for synth_design using a maximum of 2 processes.
---------------------------------------------------------------------------------
Starting Synthesize : Time (s): cpu = 00:00:09 ; elapsed = 00:00:08 . Memory (MB): peak = 6123.293 ; gain = 0.000
---------------------------------------------------------------------------------
Clean up Linter database...
WARNING: [Synth 8-6901] identifier 'way2_fetch_valid' is used before its declaration [Z:/Vega_cpu/src/cpu/core/if_stage/if_stage.v:108]
WARNING: [Synth 8-6901] identifier 'load_data' is used before its declaration [Z:/Vega_cpu/src/cpu/core/mem_stage/mem_stage.v:86]
WARNING: [Synth 8-6901] identifier 'load_data' is used before its declaration [Z:/Vega_cpu/src/cpu/core/mem_stage/mem_stage.v:88]
INFO: [Synth 8-6157] synthesizing module 'vega_soc_top' [Z:/Vega_cpu/src/soc/vega_soc_top.v:1]
INFO: [Synth 8-6157] synthesizing module 'reset_sync' [Z:/Vega_cpu/src/soc/reset/reset_sync.v:1]
INFO: [Synth 8-6155] done synthesizing module 'reset_sync' (1#1) [Z:/Vega_cpu/src/soc/reset/reset_sync.v:1]
INFO: [Synth 8-6157] synthesizing module 'boot_rom_ip' [Z:/Vega_cpu/Project/Vega/.Xil/Vivado-22444-Station/realtime/boot_rom_ip_stub.v:6]
INFO: [Synth 8-6155] done synthesizing module 'boot_rom_ip' (2#1) [Z:/Vega_cpu/Project/Vega/.Xil/Vivado-22444-Station/realtime/boot_rom_ip_stub.v:6]
WARNING: [Synth 8-689] width (32) of port connection 'addrb' does not match port width (12) of module 'boot_rom_ip' [Z:/Vega_cpu/src/soc/vega_soc_top.v:63]
INFO: [Synth 8-6157] synthesizing module 'data_ram_b' [Z:/Vega_cpu/Project/Vega/.Xil/Vivado-22444-Station/realtime/data_ram_b_stub.v:6]
INFO: [Synth 8-6155] done synthesizing module 'data_ram_b' (3#1) [Z:/Vega_cpu/Project/Vega/.Xil/Vivado-22444-Station/realtime/data_ram_b_stub.v:6]
INFO: [Synth 8-6157] synthesizing module 'uart_adapter' [Z:/Vega_cpu/Project/Vega/Vega.srcs/sources_1/new/uart_adapter.v:1]
INFO: [Synth 8-6157] synthesizing module 'axi_uartlite_0' [Z:/Vega_cpu/Project/Vega/.Xil/Vivado-22444-Station/realtime/axi_uartlite_0_stub.v:6]
INFO: [Synth 8-6155] done synthesizing module 'axi_uartlite_0' (4#1) [Z:/Vega_cpu/Project/Vega/.Xil/Vivado-22444-Station/realtime/axi_uartlite_0_stub.v:6]
WARNING: [Synth 8-689] width (32) of port connection 's_axi_awaddr' does not match port width (4) of module 'axi_uartlite_0' [Z:/Vega_cpu/Project/Vega/Vega.srcs/sources_1/new/uart_adapter.v:53]
WARNING: [Synth 8-689] width (32) of port connection 's_axi_araddr' does not match port width (4) of module 'axi_uartlite_0' [Z:/Vega_cpu/Project/Vega/Vega.srcs/sources_1/new/uart_adapter.v:69]
WARNING: [Synth 8-7137] Register axi_wdata_reg in module uart_adapter has both Set and reset with same priority. This may cause simulation mismatches. Consider rewriting code  [Z:/Vega_cpu/Project/Vega/Vega.srcs/sources_1/new/uart_adapter.v:58]
WARNING: [Synth 8-7137] Register axi_wstrb_reg in module uart_adapter has both Set and reset with same priority. This may cause simulation mismatches. Consider rewriting code  [Z:/Vega_cpu/Project/Vega/Vega.srcs/sources_1/new/uart_adapter.v:59]
WARNING: [Synth 8-7137] Register axi_wdata_reg in module uart_adapter has both Set and reset with same priority. This may cause simulation mismatches. Consider rewriting code  [Z:/Vega_cpu/Project/Vega/Vega.srcs/sources_1/new/uart_adapter.v:58]
WARNING: [Synth 8-7137] Register axi_wstrb_reg in module uart_adapter has both Set and reset with same priority. This may cause simulation mismatches. Consider rewriting code  [Z:/Vega_cpu/Project/Vega/Vega.srcs/sources_1/new/uart_adapter.v:59]
INFO: [Synth 8-6155] done synthesizing module 'uart_adapter' (5#1) [Z:/Vega_cpu/Project/Vega/Vega.srcs/sources_1/new/uart_adapter.v:1]
INFO: [Synth 8-6157] synthesizing module 'riscv_cpu' [Z:/Vega_cpu/src/cpu/riscv_cpu.v:8]
INFO: [Synth 8-6157] synthesizing module 'icache' [Z:/Vega_cpu/src/cpu/core/if_stage/icache.v:6]
WARNING: [Synth 8-6014] Unused sequential element found_reg was removed.  [Z:/Vega_cpu/src/cpu/core/if_stage/icache.v:63]
WARNING: [Synth 8-6014] Unused sequential element match_way_reg was removed.  [Z:/Vega_cpu/src/cpu/core/if_stage/icache.v:64]
WARNING: [Synth 8-7137] Register hit_reg in module icache has both Set and reset with same priority. This may cause simulation mismatches. Consider rewriting code  [Z:/Vega_cpu/src/cpu/core/if_stage/icache.v:60]
WARNING: [Synth 8-7137] Register data_out_reg in module icache has both Set and reset with same priority. This may cause simulation mismatches. Consider rewriting code  [Z:/Vega_cpu/src/cpu/core/if_stage/icache.v:73]
WARNING: [Synth 8-7137] Register instr_window_out_reg in module icache has both Set and reset with same priority. This may cause simulation mismatches. Consider rewriting code  [Z:/Vega_cpu/src/cpu/core/if_stage/icache.v:76]
WARNING: [Synth 8-7137] Register window_valid_reg in module icache has both Set and reset with same priority. This may cause simulation mismatches. Consider rewriting code  [Z:/Vega_cpu/src/cpu/core/if_stage/icache.v:85]
WARNING: [Synth 8-7137] Register mem_req_reg in module icache has both Set and reset with same priority. This may cause simulation mismatches. Consider rewriting code  [Z:/Vega_cpu/src/cpu/core/if_stage/icache.v:90]
WARNING: [Synth 8-7137] Register mem_addr_reg in module icache has both Set and reset with same priority. This may cause simulation mismatches. Consider rewriting code  [Z:/Vega_cpu/src/cpu/core/if_stage/icache.v:91]
WARNING: [Synth 8-7137] Register hit_reg in module icache has both Set and reset with same priority. This may cause simulation mismatches. Consider rewriting code  [Z:/Vega_cpu/src/cpu/core/if_stage/icache.v:60]
WARNING: [Synth 8-7137] Register data_out_reg in module icache has both Set and reset with same priority. This may cause simulation mismatches. Consider rewriting code  [Z:/Vega_cpu/src/cpu/core/if_stage/icache.v:73]
WARNING: [Synth 8-7137] Register instr_window_out_reg in module icache has both Set and reset with same priority. This may cause simulation mismatches. Consider rewriting code  [Z:/Vega_cpu/src/cpu/core/if_stage/icache.v:76]
WARNING: [Synth 8-7137] Register window_valid_reg in module icache has both Set and reset with same priority. This may cause simulation mismatches. Consider rewriting code  [Z:/Vega_cpu/src/cpu/core/if_stage/icache.v:85]
WARNING: [Synth 8-7137] Register mem_req_reg in module icache has both Set and reset with same priority. This may cause simulation mismatches. Consider rewriting code  [Z:/Vega_cpu/src/cpu/core/if_stage/icache.v:90]
WARNING: [Synth 8-7137] Register mem_addr_reg in module icache has both Set and reset with same priority. This may cause simulation mismatches. Consider rewriting code  [Z:/Vega_cpu/src/cpu/core/if_stage/icache.v:91]
INFO: [Synth 8-6155] done synthesizing module 'icache' (6#1) [Z:/Vega_cpu/src/cpu/core/if_stage/icache.v:6]
WARNING: [Synth 8-7071] port 'instr_window_out' of module 'icache' is unconnected for instance 'u_icache' [Z:/Vega_cpu/src/cpu/riscv_cpu.v:82]
WARNING: [Synth 8-7071] port 'window_valid' of module 'icache' is unconnected for instance 'u_icache' [Z:/Vega_cpu/src/cpu/riscv_cpu.v:82]
WARNING: [Synth 8-7023] instance 'u_icache' of module 'icache' has 12 connections declared, but only 10 given [Z:/Vega_cpu/src/cpu/riscv_cpu.v:82]
INFO: [Synth 8-6157] synthesizing module 'if_stage' [Z:/Vega_cpu/src/cpu/core/if_stage/if_stage.v:7]
	Parameter ADDR_WIDTH bound to: 64 - type: integer 
	Parameter DATA_WIDTH bound to: 32 - type: integer 
INFO: [Synth 8-6157] synthesizing module 'btb' [Z:/Vega_cpu/src/cpu/core/if_stage/btb.v:6]
WARNING: [Synth 8-6014] Unused sequential element found_reg was removed.  [Z:/Vega_cpu/src/cpu/core/if_stage/btb.v:55]
WARNING: [Synth 8-6014] Unused sequential element match_way_reg was removed.  [Z:/Vega_cpu/src/cpu/core/if_stage/btb.v:56]
INFO: [Synth 8-6155] done synthesizing module 'btb' (7#1) [Z:/Vega_cpu/src/cpu/core/if_stage/btb.v:6]
INFO: [Synth 8-6157] synthesizing module 'bht' [Z:/Vega_cpu/src/cpu/core/if_stage/bht.v:6]
INFO: [Synth 8-6155] done synthesizing module 'bht' (8#1) [Z:/Vega_cpu/src/cpu/core/if_stage/bht.v:6]
INFO: [Synth 8-6155] done synthesizing module 'if_stage' (9#1) [Z:/Vega_cpu/src/cpu/core/if_stage/if_stage.v:7]
INFO: [Synth 8-6157] synthesizing module 'id_stage' [Z:/Vega_cpu/src/cpu/core/id_stage/id_stage.v:7]
	Parameter DATA_WIDTH bound to: 64 - type: integer 
	Parameter ADDR_WIDTH bound to: 64 - type: integer 
	Parameter REG_ADDR_WIDTH bound to: 5 - type: integer 
INFO: [Synth 8-6157] synthesizing module 'decoder' [Z:/Vega_cpu/src/cpu/core/id_stage/decoder.v:6]
INFO: [Synth 8-155] case statement is not full and has no default [Z:/Vega_cpu/src/cpu/core/id_stage/decoder.v:72]
INFO: [Synth 8-155] case statement is not full and has no default [Z:/Vega_cpu/src/cpu/core/id_stage/decoder.v:224]
INFO: [Synth 8-155] case statement is not full and has no default [Z:/Vega_cpu/src/cpu/core/id_stage/decoder.v:70]
INFO: [Synth 8-6155] done synthesizing module 'decoder' (10#1) [Z:/Vega_cpu/src/cpu/core/id_stage/decoder.v:6]
INFO: [Synth 8-6155] done synthesizing module 'id_stage' (11#1) [Z:/Vega_cpu/src/cpu/core/id_stage/id_stage.v:7]
INFO: [Synth 8-6157] synthesizing module 'register_file' [Z:/Vega_cpu/src/cpu/core/id_stage/register_file.v:7]
	Parameter DATA_WIDTH bound to: 64 - type: integer 
	Parameter REG_COUNT bound to: 32 - type: integer 
	Parameter ADDR_WIDTH bound to: 5 - type: integer 
INFO: [Synth 8-6155] done synthesizing module 'register_file' (12#1) [Z:/Vega_cpu/src/cpu/core/id_stage/register_file.v:7]
INFO: [Synth 8-6157] synthesizing module 'ii_stage' [Z:/Vega_cpu/src/cpu/core/ii_stage/ii_stage.v:6]
	Parameter DATA_WIDTH bound to: 64 - type: integer 
	Parameter ADDR_WIDTH bound to: 64 - type: integer 
INFO: [Synth 8-6155] done synthesizing module 'ii_stage' (13#1) [Z:/Vega_cpu/src/cpu/core/ii_stage/ii_stage.v:6]
WARNING: [Synth 8-689] width (1) of port connection 'predict_target_o' does not match port width (64) of module 'ii_stage' [Z:/Vega_cpu/src/cpu/riscv_cpu.v:317]
INFO: [Synth 8-6157] synthesizing module 'ex_stage' [Z:/Vega_cpu/src/cpu/core/ex_stage/ex_stage.v:6]
	Parameter DATA_WIDTH bound to: 64 - type: integer 
	Parameter ADDR_WIDTH bound to: 64 - type: integer 
INFO: [Synth 8-226] default block is never used [Z:/Vega_cpu/src/cpu/core/ex_stage/ex_stage.v:142]
INFO: [Synth 8-6157] synthesizing module 'alu' [Z:/Vega_cpu/src/cpu/core/ex_stage/alu.v:12]
INFO: [Synth 8-6155] done synthesizing module 'alu' (14#1) [Z:/Vega_cpu/src/cpu/core/ex_stage/alu.v:12]
INFO: [Synth 8-6155] done synthesizing module 'ex_stage' (15#1) [Z:/Vega_cpu/src/cpu/core/ex_stage/ex_stage.v:6]
WARNING: [Synth 8-689] width (1) of port connection 'predict_target_i' does not match port width (64) of module 'ex_stage' [Z:/Vega_cpu/src/cpu/riscv_cpu.v:372]
INFO: [Synth 8-6157] synthesizing module 'mem_stage' [Z:/Vega_cpu/src/cpu/core/mem_stage/mem_stage.v:7]
	Parameter DATA_WIDTH bound to: 64 - type: integer 
	Parameter ADDR_WIDTH bound to: 64 - type: integer 
INFO: [Synth 8-6157] synthesizing module 'dcache' [Z:/Vega_cpu/src/cpu/core/mem_stage/dcache.v:6]
INFO: [Synth 8-155] case statement is not full and has no default [Z:/Vega_cpu/src/cpu/core/mem_stage/dcache.v:71]
WARNING: [Synth 8-6014] Unused sequential element way_valid_reg[0][0] was removed.  [Z:/Vega_cpu/src/cpu/core/mem_stage/dcache.v:115]
WARNING: [Synth 8-6014] Unused sequential element way_valid_reg[0][1] was removed.  [Z:/Vega_cpu/src/cpu/core/mem_stage/dcache.v:115]
WARNING: [Synth 8-6014] Unused sequential element way_valid_reg[0][2] was removed.  [Z:/Vega_cpu/src/cpu/core/mem_stage/dcache.v:115]
WARNING: [Synth 8-6014] Unused sequential element way_valid_reg[0][3] was removed.  [Z:/Vega_cpu/src/cpu/core/mem_stage/dcache.v:115]
WARNING: [Synth 8-6014] Unused sequential element way_valid_reg[0][4] was removed.  [Z:/Vega_cpu/src/cpu/core/mem_stage/dcache.v:115]
WARNING: [Synth 8-6014] Unused sequential element way_valid_reg[0][5] was removed.  [Z:/Vega_cpu/src/cpu/core/mem_stage/dcache.v:115]
WARNING: [Synth 8-6014] Unused sequential element way_valid_reg[0][6] was removed.  [Z:/Vega_cpu/src/cpu/core/mem_stage/dcache.v:115]
WARNING: [Synth 8-6014] Unused sequential element way_valid_reg[0][7] was removed.  [Z:/Vega_cpu/src/cpu/core/mem_stage/dcache.v:115]
WARNING: [Synth 8-6014] Unused sequential element way_valid_reg[0][8] was removed.  [Z:/Vega_cpu/src/cpu/core/mem_stage/dcache.v:115]
WARNING: [Synth 8-6014] Unused sequential element way_valid_reg[0][9] was removed.  [Z:/Vega_cpu/src/cpu/core/mem_stage/dcache.v:115]
WARNING: [Synth 8-6014] Unused sequential element way_valid_reg[0][10] was removed.  [Z:/Vega_cpu/src/cpu/core/mem_stage/dcache.v:115]
WARNING: [Synth 8-6014] Unused sequential element way_valid_reg[0][11] was removed.  [Z:/Vega_cpu/src/cpu/core/mem_stage/dcache.v:115]
WARNING: [Synth 8-6014] Unused sequential element way_valid_reg[0][12] was removed.  [Z:/Vega_cpu/src/cpu/core/mem_stage/dcache.v:115]
WARNING: [Synth 8-6014] Unused sequential element way_valid_reg[0][13] was removed.  [Z:/Vega_cpu/src/cpu/core/mem_stage/dcache.v:115]
WARNING: [Synth 8-6014] Unused sequential element way_valid_reg[0][14] was removed.  [Z:/Vega_cpu/src/cpu/core/mem_stage/dcache.v:115]
WARNING: [Synth 8-6014] Unused sequential element way_valid_reg[0][15] was removed.  [Z:/Vega_cpu/src/cpu/core/mem_stage/dcache.v:115]
WARNING: [Synth 8-6014] Unused sequential element way_valid_reg[0][16] was removed.  [Z:/Vega_cpu/src/cpu/core/mem_stage/dcache.v:115]
WARNING: [Synth 8-6014] Unused sequential element way_valid_reg[0][17] was removed.  [Z:/Vega_cpu/src/cpu/core/mem_stage/dcache.v:115]
WARNING: [Synth 8-6014] Unused sequential element way_valid_reg[0][18] was removed.  [Z:/Vega_cpu/src/cpu/core/mem_stage/dcache.v:115]
WARNING: [Synth 8-6014] Unused sequential element way_valid_reg[0][19] was removed.  [Z:/Vega_cpu/src/cpu/core/mem_stage/dcache.v:115]
WARNING: [Synth 8-6014] Unused sequential element way_valid_reg[0][20] was removed.  [Z:/Vega_cpu/src/cpu/core/mem_stage/dcache.v:115]
WARNING: [Synth 8-6014] Unused sequential element way_valid_reg[0][21] was removed.  [Z:/Vega_cpu/src/cpu/core/mem_stage/dcache.v:115]
WARNING: [Synth 8-6014] Unused sequential element way_valid_reg[0][22] was removed.  [Z:/Vega_cpu/src/cpu/core/mem_stage/dcache.v:115]
WARNING: [Synth 8-6014] Unused sequential element way_valid_reg[0][23] was removed.  [Z:/Vega_cpu/src/cpu/core/mem_stage/dcache.v:115]
WARNING: [Synth 8-6014] Unused sequential element way_valid_reg[0][24] was removed.  [Z:/Vega_cpu/src/cpu/core/mem_stage/dcache.v:115]
WARNING: [Synth 8-6014] Unused sequential element way_valid_reg[0][25] was removed.  [Z:/Vega_cpu/src/cpu/core/mem_stage/dcache.v:115]
WARNING: [Synth 8-6014] Unused sequential element way_valid_reg[0][26] was removed.  [Z:/Vega_cpu/src/cpu/core/mem_stage/dcache.v:115]
WARNING: [Synth 8-6014] Unused sequential element way_valid_reg[0][27] was removed.  [Z:/Vega_cpu/src/cpu/core/mem_stage/dcache.v:115]
WARNING: [Synth 8-6014] Unused sequential element way_valid_reg[0][28] was removed.  [Z:/Vega_cpu/src/cpu/core/mem_stage/dcache.v:115]
WARNING: [Synth 8-6014] Unused sequential element way_valid_reg[0][29] was removed.  [Z:/Vega_cpu/src/cpu/core/mem_stage/dcache.v:115]
WARNING: [Synth 8-6014] Unused sequential element way_valid_reg[0][30] was removed.  [Z:/Vega_cpu/src/cpu/core/mem_stage/dcache.v:115]
WARNING: [Synth 8-6014] Unused sequential element way_valid_reg[0][31] was removed.  [Z:/Vega_cpu/src/cpu/core/mem_stage/dcache.v:115]
WARNING: [Synth 8-6014] Unused sequential element way_valid_reg[0][32] was removed.  [Z:/Vega_cpu/src/cpu/core/mem_stage/dcache.v:115]
WARNING: [Synth 8-6014] Unused sequential element way_valid_reg[0][33] was removed.  [Z:/Vega_cpu/src/cpu/core/mem_stage/dcache.v:115]
WARNING: [Synth 8-6014] Unused sequential element way_valid_reg[0][34] was removed.  [Z:/Vega_cpu/src/cpu/core/mem_stage/dcache.v:115]
WARNING: [Synth 8-6014] Unused sequential element way_valid_reg[0][35] was removed.  [Z:/Vega_cpu/src/cpu/core/mem_stage/dcache.v:115]
WARNING: [Synth 8-6014] Unused sequential element way_valid_reg[0][36] was removed.  [Z:/Vega_cpu/src/cpu/core/mem_stage/dcache.v:115]
WARNING: [Synth 8-6014] Unused sequential element way_valid_reg[0][37] was removed.  [Z:/Vega_cpu/src/cpu/core/mem_stage/dcache.v:115]
WARNING: [Synth 8-6014] Unused sequential element way_valid_reg[0][38] was removed.  [Z:/Vega_cpu/src/cpu/core/mem_stage/dcache.v:115]
WARNING: [Synth 8-6014] Unused sequential element way_valid_reg[0][39] was removed.  [Z:/Vega_cpu/src/cpu/core/mem_stage/dcache.v:115]
WARNING: [Synth 8-6014] Unused sequential element way_valid_reg[0][40] was removed.  [Z:/Vega_cpu/src/cpu/core/mem_stage/dcache.v:115]
WARNING: [Synth 8-6014] Unused sequential element way_valid_reg[0][41] was removed.  [Z:/Vega_cpu/src/cpu/core/mem_stage/dcache.v:115]
WARNING: [Synth 8-6014] Unused sequential element way_valid_reg[0][42] was removed.  [Z:/Vega_cpu/src/cpu/core/mem_stage/dcache.v:115]
WARNING: [Synth 8-6014] Unused sequential element way_valid_reg[0][43] was removed.  [Z:/Vega_cpu/src/cpu/core/mem_stage/dcache.v:115]
WARNING: [Synth 8-6014] Unused sequential element way_valid_reg[0][44] was removed.  [Z:/Vega_cpu/src/cpu/core/mem_stage/dcache.v:115]
WARNING: [Synth 8-6014] Unused sequential element way_valid_reg[0][45] was removed.  [Z:/Vega_cpu/src/cpu/core/mem_stage/dcache.v:115]
WARNING: [Synth 8-6014] Unused sequential element way_valid_reg[0][46] was removed.  [Z:/Vega_cpu/src/cpu/core/mem_stage/dcache.v:115]
WARNING: [Synth 8-6014] Unused sequential element way_valid_reg[0][47] was removed.  [Z:/Vega_cpu/src/cpu/core/mem_stage/dcache.v:115]
WARNING: [Synth 8-6014] Unused sequential element way_valid_reg[0][48] was removed.  [Z:/Vega_cpu/src/cpu/core/mem_stage/dcache.v:115]
WARNING: [Synth 8-6014] Unused sequential element way_valid_reg[0][49] was removed.  [Z:/Vega_cpu/src/cpu/core/mem_stage/dcache.v:115]
WARNING: [Synth 8-6014] Unused sequential element way_valid_reg[0][50] was removed.  [Z:/Vega_cpu/src/cpu/core/mem_stage/dcache.v:115]
WARNING: [Synth 8-6014] Unused sequential element way_valid_reg[0][51] was removed.  [Z:/Vega_cpu/src/cpu/core/mem_stage/dcache.v:115]
WARNING: [Synth 8-6014] Unused sequential element way_valid_reg[0][52] was removed.  [Z:/Vega_cpu/src/cpu/core/mem_stage/dcache.v:115]
WARNING: [Synth 8-6014] Unused sequential element way_valid_reg[0][53] was removed.  [Z:/Vega_cpu/src/cpu/core/mem_stage/dcache.v:115]
WARNING: [Synth 8-6014] Unused sequential element way_valid_reg[0][54] was removed.  [Z:/Vega_cpu/src/cpu/core/mem_stage/dcache.v:115]
WARNING: [Synth 8-6014] Unused sequential element way_valid_reg[0][55] was removed.  [Z:/Vega_cpu/src/cpu/core/mem_stage/dcache.v:115]
WARNING: [Synth 8-6014] Unused sequential element way_valid_reg[0][56] was removed.  [Z:/Vega_cpu/src/cpu/core/mem_stage/dcache.v:115]
WARNING: [Synth 8-6014] Unused sequential element way_valid_reg[0][57] was removed.  [Z:/Vega_cpu/src/cpu/core/mem_stage/dcache.v:115]
WARNING: [Synth 8-6014] Unused sequential element way_valid_reg[0][58] was removed.  [Z:/Vega_cpu/src/cpu/core/mem_stage/dcache.v:115]
WARNING: [Synth 8-6014] Unused sequential element way_valid_reg[0][59] was removed.  [Z:/Vega_cpu/src/cpu/core/mem_stage/dcache.v:115]
WARNING: [Synth 8-6014] Unused sequential element way_valid_reg[0][60] was removed.  [Z:/Vega_cpu/src/cpu/core/mem_stage/dcache.v:115]
WARNING: [Synth 8-6014] Unused sequential element way_valid_reg[0][61] was removed.  [Z:/Vega_cpu/src/cpu/core/mem_stage/dcache.v:115]
WARNING: [Synth 8-6014] Unused sequential element way_valid_reg[0][62] was removed.  [Z:/Vega_cpu/src/cpu/core/mem_stage/dcache.v:115]
WARNING: [Synth 8-6014] Unused sequential element way_valid_reg[0][63] was removed.  [Z:/Vega_cpu/src/cpu/core/mem_stage/dcache.v:115]
WARNING: [Synth 8-6014] Unused sequential element way_valid_reg[1][0] was removed.  [Z:/Vega_cpu/src/cpu/core/mem_stage/dcache.v:115]
WARNING: [Synth 8-6014] Unused sequential element way_valid_reg[1][1] was removed.  [Z:/Vega_cpu/src/cpu/core/mem_stage/dcache.v:115]
WARNING: [Synth 8-6014] Unused sequential element way_valid_reg[1][2] was removed.  [Z:/Vega_cpu/src/cpu/core/mem_stage/dcache.v:115]
WARNING: [Synth 8-6014] Unused sequential element way_valid_reg[1][3] was removed.  [Z:/Vega_cpu/src/cpu/core/mem_stage/dcache.v:115]
WARNING: [Synth 8-6014] Unused sequential element way_valid_reg[1][4] was removed.  [Z:/Vega_cpu/src/cpu/core/mem_stage/dcache.v:115]
WARNING: [Synth 8-6014] Unused sequential element way_valid_reg[1][5] was removed.  [Z:/Vega_cpu/src/cpu/core/mem_stage/dcache.v:115]
WARNING: [Synth 8-6014] Unused sequential element way_valid_reg[1][6] was removed.  [Z:/Vega_cpu/src/cpu/core/mem_stage/dcache.v:115]
WARNING: [Synth 8-6014] Unused sequential element way_valid_reg[1][7] was removed.  [Z:/Vega_cpu/src/cpu/core/mem_stage/dcache.v:115]
WARNING: [Synth 8-6014] Unused sequential element way_valid_reg[1][8] was removed.  [Z:/Vega_cpu/src/cpu/core/mem_stage/dcache.v:115]
WARNING: [Synth 8-6014] Unused sequential element way_valid_reg[1][9] was removed.  [Z:/Vega_cpu/src/cpu/core/mem_stage/dcache.v:115]
WARNING: [Synth 8-6014] Unused sequential element way_valid_reg[1][10] was removed.  [Z:/Vega_cpu/src/cpu/core/mem_stage/dcache.v:115]
WARNING: [Synth 8-6014] Unused sequential element way_valid_reg[1][11] was removed.  [Z:/Vega_cpu/src/cpu/core/mem_stage/dcache.v:115]
WARNING: [Synth 8-6014] Unused sequential element way_valid_reg[1][12] was removed.  [Z:/Vega_cpu/src/cpu/core/mem_stage/dcache.v:115]
WARNING: [Synth 8-6014] Unused sequential element way_valid_reg[1][13] was removed.  [Z:/Vega_cpu/src/cpu/core/mem_stage/dcache.v:115]
WARNING: [Synth 8-6014] Unused sequential element way_valid_reg[1][14] was removed.  [Z:/Vega_cpu/src/cpu/core/mem_stage/dcache.v:115]
WARNING: [Synth 8-6014] Unused sequential element way_valid_reg[1][15] was removed.  [Z:/Vega_cpu/src/cpu/core/mem_stage/dcache.v:115]
WARNING: [Synth 8-6014] Unused sequential element way_valid_reg[1][16] was removed.  [Z:/Vega_cpu/src/cpu/core/mem_stage/dcache.v:115]
WARNING: [Synth 8-6014] Unused sequential element way_valid_reg[1][17] was removed.  [Z:/Vega_cpu/src/cpu/core/mem_stage/dcache.v:115]
WARNING: [Synth 8-6014] Unused sequential element way_valid_reg[1][18] was removed.  [Z:/Vega_cpu/src/cpu/core/mem_stage/dcache.v:115]
WARNING: [Synth 8-6014] Unused sequential element way_valid_reg[1][19] was removed.  [Z:/Vega_cpu/src/cpu/core/mem_stage/dcache.v:115]
WARNING: [Synth 8-6014] Unused sequential element way_valid_reg[1][20] was removed.  [Z:/Vega_cpu/src/cpu/core/mem_stage/dcache.v:115]
WARNING: [Synth 8-6014] Unused sequential element way_valid_reg[1][21] was removed.  [Z:/Vega_cpu/src/cpu/core/mem_stage/dcache.v:115]
WARNING: [Synth 8-6014] Unused sequential element way_valid_reg[1][22] was removed.  [Z:/Vega_cpu/src/cpu/core/mem_stage/dcache.v:115]
WARNING: [Synth 8-6014] Unused sequential element way_valid_reg[1][23] was removed.  [Z:/Vega_cpu/src/cpu/core/mem_stage/dcache.v:115]
WARNING: [Synth 8-6014] Unused sequential element way_valid_reg[1][24] was removed.  [Z:/Vega_cpu/src/cpu/core/mem_stage/dcache.v:115]
WARNING: [Synth 8-6014] Unused sequential element way_valid_reg[1][25] was removed.  [Z:/Vega_cpu/src/cpu/core/mem_stage/dcache.v:115]
WARNING: [Synth 8-6014] Unused sequential element way_valid_reg[1][26] was removed.  [Z:/Vega_cpu/src/cpu/core/mem_stage/dcache.v:115]
WARNING: [Synth 8-6014] Unused sequential element way_valid_reg[1][27] was removed.  [Z:/Vega_cpu/src/cpu/core/mem_stage/dcache.v:115]
WARNING: [Synth 8-6014] Unused sequential element way_valid_reg[1][28] was removed.  [Z:/Vega_cpu/src/cpu/core/mem_stage/dcache.v:115]
WARNING: [Synth 8-6014] Unused sequential element way_valid_reg[1][29] was removed.  [Z:/Vega_cpu/src/cpu/core/mem_stage/dcache.v:115]
WARNING: [Synth 8-6014] Unused sequential element way_valid_reg[1][30] was removed.  [Z:/Vega_cpu/src/cpu/core/mem_stage/dcache.v:115]
WARNING: [Synth 8-6014] Unused sequential element way_valid_reg[1][31] was removed.  [Z:/Vega_cpu/src/cpu/core/mem_stage/dcache.v:115]
INFO: [Common 17-14] Message 'Synth 8-6014' appears 100 times and further instances of the messages will be disabled. Use the Tcl command set_msg_config to change the current settings.
WARNING: [Synth 8-7137] Register way_dirty_reg[0][0] in module dcache has both Set and reset with same priority. This may cause simulation mismatches. Consider rewriting code  [Z:/Vega_cpu/src/cpu/core/mem_stage/dcache.v:89]
WARNING: [Synth 8-7137] Register way_dirty_reg[0][1] in module dcache has both Set and reset with same priority. This may cause simulation mismatches. Consider rewriting code  [Z:/Vega_cpu/src/cpu/core/mem_stage/dcache.v:89]
WARNING: [Synth 8-7137] Register way_dirty_reg[0][2] in module dcache has both Set and reset with same priority. This may cause simulation mismatches. Consider rewriting code  [Z:/Vega_cpu/src/cpu/core/mem_stage/dcache.v:89]
WARNING: [Synth 8-7137] Register way_dirty_reg[0][3] in module dcache has both Set and reset with same priority. This may cause simulation mismatches. Consider rewriting code  [Z:/Vega_cpu/src/cpu/core/mem_stage/dcache.v:89]
WARNING: [Synth 8-7137] Register way_dirty_reg[0][4] in module dcache has both Set and reset with same priority. This may cause simulation mismatches. Consider rewriting code  [Z:/Vega_cpu/src/cpu/core/mem_stage/dcache.v:89]
WARNING: [Synth 8-7137] Register way_dirty_reg[0][5] in module dcache has both Set and reset with same priority. This may cause simulation mismatches. Consider rewriting code  [Z:/Vega_cpu/src/cpu/core/mem_stage/dcache.v:89]
WARNING: [Synth 8-7137] Register way_dirty_reg[0][6] in module dcache has both Set and reset with same priority. This may cause simulation mismatches. Consider rewriting code  [Z:/Vega_cpu/src/cpu/core/mem_stage/dcache.v:89]
WARNING: [Synth 8-7137] Register way_dirty_reg[0][7] in module dcache has both Set and reset with same priority. This may cause simulation mismatches. Consider rewriting code  [Z:/Vega_cpu/src/cpu/core/mem_stage/dcache.v:89]
WARNING: [Synth 8-7137] Register way_dirty_reg[0][8] in module dcache has both Set and reset with same priority. This may cause simulation mismatches. Consider rewriting code  [Z:/Vega_cpu/src/cpu/core/mem_stage/dcache.v:89]
WARNING: [Synth 8-7137] Register way_dirty_reg[0][9] in module dcache has both Set and reset with same priority. This may cause simulation mismatches. Consider rewriting code  [Z:/Vega_cpu/src/cpu/core/mem_stage/dcache.v:89]
WARNING: [Synth 8-7137] Register way_dirty_reg[0][10] in module dcache has both Set and reset with same priority. This may cause simulation mismatches. Consider rewriting code  [Z:/Vega_cpu/src/cpu/core/mem_stage/dcache.v:89]
WARNING: [Synth 8-7137] Register way_dirty_reg[0][11] in module dcache has both Set and reset with same priority. This may cause simulation mismatches. Consider rewriting code  [Z:/Vega_cpu/src/cpu/core/mem_stage/dcache.v:89]
WARNING: [Synth 8-7137] Register way_dirty_reg[0][12] in module dcache has both Set and reset with same priority. This may cause simulation mismatches. Consider rewriting code  [Z:/Vega_cpu/src/cpu/core/mem_stage/dcache.v:89]
WARNING: [Synth 8-7137] Register way_dirty_reg[0][13] in module dcache has both Set and reset with same priority. This may cause simulation mismatches. Consider rewriting code  [Z:/Vega_cpu/src/cpu/core/mem_stage/dcache.v:89]
WARNING: [Synth 8-7137] Register way_dirty_reg[0][14] in module dcache has both Set and reset with same priority. This may cause simulation mismatches. Consider rewriting code  [Z:/Vega_cpu/src/cpu/core/mem_stage/dcache.v:89]
WARNING: [Synth 8-7137] Register way_dirty_reg[0][15] in module dcache has both Set and reset with same priority. This may cause simulation mismatches. Consider rewriting code  [Z:/Vega_cpu/src/cpu/core/mem_stage/dcache.v:89]
WARNING: [Synth 8-7137] Register way_dirty_reg[0][16] in module dcache has both Set and reset with same priority. This may cause simulation mismatches. Consider rewriting code  [Z:/Vega_cpu/src/cpu/core/mem_stage/dcache.v:89]
WARNING: [Synth 8-7137] Register way_dirty_reg[0][17] in module dcache has both Set and reset with same priority. This may cause simulation mismatches. Consider rewriting code  [Z:/Vega_cpu/src/cpu/core/mem_stage/dcache.v:89]
WARNING: [Synth 8-7137] Register way_dirty_reg[0][18] in module dcache has both Set and reset with same priority. This may cause simulation mismatches. Consider rewriting code  [Z:/Vega_cpu/src/cpu/core/mem_stage/dcache.v:89]
WARNING: [Synth 8-7137] Register way_dirty_reg[0][19] in module dcache has both Set and reset with same priority. This may cause simulation mismatches. Consider rewriting code  [Z:/Vega_cpu/src/cpu/core/mem_stage/dcache.v:89]
WARNING: [Synth 8-7137] Register way_dirty_reg[0][20] in module dcache has both Set and reset with same priority. This may cause simulation mismatches. Consider rewriting code  [Z:/Vega_cpu/src/cpu/core/mem_stage/dcache.v:89]
WARNING: [Synth 8-7137] Register way_dirty_reg[0][21] in module dcache has both Set and reset with same priority. This may cause simulation mismatches. Consider rewriting code  [Z:/Vega_cpu/src/cpu/core/mem_stage/dcache.v:89]
WARNING: [Synth 8-7137] Register way_dirty_reg[0][22] in module dcache has both Set and reset with same priority. This may cause simulation mismatches. Consider rewriting code  [Z:/Vega_cpu/src/cpu/core/mem_stage/dcache.v:89]
WARNING: [Synth 8-7137] Register way_dirty_reg[0][23] in module dcache has both Set and reset with same priority. This may cause simulation mismatches. Consider rewriting code  [Z:/Vega_cpu/src/cpu/core/mem_stage/dcache.v:89]
WARNING: [Synth 8-7137] Register way_dirty_reg[0][24] in module dcache has both Set and reset with same priority. This may cause simulation mismatches. Consider rewriting code  [Z:/Vega_cpu/src/cpu/core/mem_stage/dcache.v:89]
WARNING: [Synth 8-7137] Register way_dirty_reg[0][25] in module dcache has both Set and reset with same priority. This may cause simulation mismatches. Consider rewriting code  [Z:/Vega_cpu/src/cpu/core/mem_stage/dcache.v:89]
WARNING: [Synth 8-7137] Register way_dirty_reg[0][26] in module dcache has both Set and reset with same priority. This may cause simulation mismatches. Consider rewriting code  [Z:/Vega_cpu/src/cpu/core/mem_stage/dcache.v:89]
WARNING: [Synth 8-7137] Register way_dirty_reg[0][27] in module dcache has both Set and reset with same priority. This may cause simulation mismatches. Consider rewriting code  [Z:/Vega_cpu/src/cpu/core/mem_stage/dcache.v:89]
WARNING: [Synth 8-7137] Register way_dirty_reg[0][28] in module dcache has both Set and reset with same priority. This may cause simulation mismatches. Consider rewriting code  [Z:/Vega_cpu/src/cpu/core/mem_stage/dcache.v:89]
WARNING: [Synth 8-7137] Register way_dirty_reg[0][29] in module dcache has both Set and reset with same priority. This may cause simulation mismatches. Consider rewriting code  [Z:/Vega_cpu/src/cpu/core/mem_stage/dcache.v:89]
WARNING: [Synth 8-7137] Register way_dirty_reg[0][30] in module dcache has both Set and reset with same priority. This may cause simulation mismatches. Consider rewriting code  [Z:/Vega_cpu/src/cpu/core/mem_stage/dcache.v:89]
WARNING: [Synth 8-7137] Register way_dirty_reg[0][31] in module dcache has both Set and reset with same priority. This may cause simulation mismatches. Consider rewriting code  [Z:/Vega_cpu/src/cpu/core/mem_stage/dcache.v:89]
WARNING: [Synth 8-7137] Register way_dirty_reg[0][32] in module dcache has both Set and reset with same priority. This may cause simulation mismatches. Consider rewriting code  [Z:/Vega_cpu/src/cpu/core/mem_stage/dcache.v:89]
WARNING: [Synth 8-7137] Register way_dirty_reg[0][33] in module dcache has both Set and reset with same priority. This may cause simulation mismatches. Consider rewriting code  [Z:/Vega_cpu/src/cpu/core/mem_stage/dcache.v:89]
WARNING: [Synth 8-7137] Register way_dirty_reg[0][34] in module dcache has both Set and reset with same priority. This may cause simulation mismatches. Consider rewriting code  [Z:/Vega_cpu/src/cpu/core/mem_stage/dcache.v:89]
WARNING: [Synth 8-7137] Register way_dirty_reg[0][35] in module dcache has both Set and reset with same priority. This may cause simulation mismatches. Consider rewriting code  [Z:/Vega_cpu/src/cpu/core/mem_stage/dcache.v:89]
WARNING: [Synth 8-7137] Register way_dirty_reg[0][36] in module dcache has both Set and reset with same priority. This may cause simulation mismatches. Consider rewriting code  [Z:/Vega_cpu/src/cpu/core/mem_stage/dcache.v:89]
WARNING: [Synth 8-7137] Register way_dirty_reg[0][37] in module dcache has both Set and reset with same priority. This may cause simulation mismatches. Consider rewriting code  [Z:/Vega_cpu/src/cpu/core/mem_stage/dcache.v:89]
WARNING: [Synth 8-7137] Register way_dirty_reg[0][38] in module dcache has both Set and reset with same priority. This may cause simulation mismatches. Consider rewriting code  [Z:/Vega_cpu/src/cpu/core/mem_stage/dcache.v:89]
WARNING: [Synth 8-7137] Register way_dirty_reg[0][39] in module dcache has both Set and reset with same priority. This may cause simulation mismatches. Consider rewriting code  [Z:/Vega_cpu/src/cpu/core/mem_stage/dcache.v:89]
WARNING: [Synth 8-7137] Register way_dirty_reg[0][40] in module dcache has both Set and reset with same priority. This may cause simulation mismatches. Consider rewriting code  [Z:/Vega_cpu/src/cpu/core/mem_stage/dcache.v:89]
WARNING: [Synth 8-7137] Register way_dirty_reg[0][41] in module dcache has both Set and reset with same priority. This may cause simulation mismatches. Consider rewriting code  [Z:/Vega_cpu/src/cpu/core/mem_stage/dcache.v:89]
WARNING: [Synth 8-7137] Register way_dirty_reg[0][42] in module dcache has both Set and reset with same priority. This may cause simulation mismatches. Consider rewriting code  [Z:/Vega_cpu/src/cpu/core/mem_stage/dcache.v:89]
WARNING: [Synth 8-7137] Register way_dirty_reg[0][43] in module dcache has both Set and reset with same priority. This may cause simulation mismatches. Consider rewriting code  [Z:/Vega_cpu/src/cpu/core/mem_stage/dcache.v:89]
WARNING: [Synth 8-7137] Register way_dirty_reg[0][44] in module dcache has both Set and reset with same priority. This may cause simulation mismatches. Consider rewriting code  [Z:/Vega_cpu/src/cpu/core/mem_stage/dcache.v:89]
WARNING: [Synth 8-7137] Register way_dirty_reg[0][45] in module dcache has both Set and reset with same priority. This may cause simulation mismatches. Consider rewriting code  [Z:/Vega_cpu/src/cpu/core/mem_stage/dcache.v:89]
WARNING: [Synth 8-7137] Register way_dirty_reg[0][46] in module dcache has both Set and reset with same priority. This may cause simulation mismatches. Consider rewriting code  [Z:/Vega_cpu/src/cpu/core/mem_stage/dcache.v:89]
WARNING: [Synth 8-7137] Register way_dirty_reg[0][47] in module dcache has both Set and reset with same priority. This may cause simulation mismatches. Consider rewriting code  [Z:/Vega_cpu/src/cpu/core/mem_stage/dcache.v:89]
WARNING: [Synth 8-7137] Register way_dirty_reg[0][48] in module dcache has both Set and reset with same priority. This may cause simulation mismatches. Consider rewriting code  [Z:/Vega_cpu/src/cpu/core/mem_stage/dcache.v:89]
WARNING: [Synth 8-7137] Register way_dirty_reg[0][49] in module dcache has both Set and reset with same priority. This may cause simulation mismatches. Consider rewriting code  [Z:/Vega_cpu/src/cpu/core/mem_stage/dcache.v:89]
WARNING: [Synth 8-7137] Register way_dirty_reg[0][50] in module dcache has both Set and reset with same priority. This may cause simulation mismatches. Consider rewriting code  [Z:/Vega_cpu/src/cpu/core/mem_stage/dcache.v:89]
WARNING: [Synth 8-7137] Register way_dirty_reg[0][51] in module dcache has both Set and reset with same priority. This may cause simulation mismatches. Consider rewriting code  [Z:/Vega_cpu/src/cpu/core/mem_stage/dcache.v:89]
WARNING: [Synth 8-7137] Register way_dirty_reg[0][52] in module dcache has both Set and reset with same priority. This may cause simulation mismatches. Consider rewriting code  [Z:/Vega_cpu/src/cpu/core/mem_stage/dcache.v:89]
WARNING: [Synth 8-7137] Register way_dirty_reg[0][53] in module dcache has both Set and reset with same priority. This may cause simulation mismatches. Consider rewriting code  [Z:/Vega_cpu/src/cpu/core/mem_stage/dcache.v:89]
WARNING: [Synth 8-7137] Register way_dirty_reg[0][54] in module dcache has both Set and reset with same priority. This may cause simulation mismatches. Consider rewriting code  [Z:/Vega_cpu/src/cpu/core/mem_stage/dcache.v:89]
WARNING: [Synth 8-7137] Register way_dirty_reg[0][55] in module dcache has both Set and reset with same priority. This may cause simulation mismatches. Consider rewriting code  [Z:/Vega_cpu/src/cpu/core/mem_stage/dcache.v:89]
WARNING: [Synth 8-7137] Register way_dirty_reg[0][56] in module dcache has both Set and reset with same priority. This may cause simulation mismatches. Consider rewriting code  [Z:/Vega_cpu/src/cpu/core/mem_stage/dcache.v:89]
WARNING: [Synth 8-7137] Register way_dirty_reg[0][57] in module dcache has both Set and reset with same priority. This may cause simulation mismatches. Consider rewriting code  [Z:/Vega_cpu/src/cpu/core/mem_stage/dcache.v:89]
WARNING: [Synth 8-7137] Register way_dirty_reg[0][58] in module dcache has both Set and reset with same priority. This may cause simulation mismatches. Consider rewriting code  [Z:/Vega_cpu/src/cpu/core/mem_stage/dcache.v:89]
WARNING: [Synth 8-7137] Register way_dirty_reg[0][59] in module dcache has both Set and reset with same priority. This may cause simulation mismatches. Consider rewriting code  [Z:/Vega_cpu/src/cpu/core/mem_stage/dcache.v:89]
WARNING: [Synth 8-7137] Register way_dirty_reg[0][60] in module dcache has both Set and reset with same priority. This may cause simulation mismatches. Consider rewriting code  [Z:/Vega_cpu/src/cpu/core/mem_stage/dcache.v:89]
WARNING: [Synth 8-7137] Register way_dirty_reg[0][61] in module dcache has both Set and reset with same priority. This may cause simulation mismatches. Consider rewriting code  [Z:/Vega_cpu/src/cpu/core/mem_stage/dcache.v:89]
WARNING: [Synth 8-7137] Register way_dirty_reg[0][62] in module dcache has both Set and reset with same priority. This may cause simulation mismatches. Consider rewriting code  [Z:/Vega_cpu/src/cpu/core/mem_stage/dcache.v:89]
WARNING: [Synth 8-7137] Register way_dirty_reg[0][63] in module dcache has both Set and reset with same priority. This may cause simulation mismatches. Consider rewriting code  [Z:/Vega_cpu/src/cpu/core/mem_stage/dcache.v:89]
WARNING: [Synth 8-7137] Register way_dirty_reg[1][0] in module dcache has both Set and reset with same priority. This may cause simulation mismatches. Consider rewriting code  [Z:/Vega_cpu/src/cpu/core/mem_stage/dcache.v:89]
WARNING: [Synth 8-7137] Register way_dirty_reg[1][1] in module dcache has both Set and reset with same priority. This may cause simulation mismatches. Consider rewriting code  [Z:/Vega_cpu/src/cpu/core/mem_stage/dcache.v:89]
WARNING: [Synth 8-7137] Register way_dirty_reg[1][2] in module dcache has both Set and reset with same priority. This may cause simulation mismatches. Consider rewriting code  [Z:/Vega_cpu/src/cpu/core/mem_stage/dcache.v:89]
WARNING: [Synth 8-7137] Register way_dirty_reg[1][3] in module dcache has both Set and reset with same priority. This may cause simulation mismatches. Consider rewriting code  [Z:/Vega_cpu/src/cpu/core/mem_stage/dcache.v:89]
WARNING: [Synth 8-7137] Register way_dirty_reg[1][4] in module dcache has both Set and reset with same priority. This may cause simulation mismatches. Consider rewriting code  [Z:/Vega_cpu/src/cpu/core/mem_stage/dcache.v:89]
WARNING: [Synth 8-7137] Register way_dirty_reg[1][5] in module dcache has both Set and reset with same priority. This may cause simulation mismatches. Consider rewriting code  [Z:/Vega_cpu/src/cpu/core/mem_stage/dcache.v:89]
WARNING: [Synth 8-7137] Register way_dirty_reg[1][6] in module dcache has both Set and reset with same priority. This may cause simulation mismatches. Consider rewriting code  [Z:/Vega_cpu/src/cpu/core/mem_stage/dcache.v:89]
WARNING: [Synth 8-7137] Register way_dirty_reg[1][7] in module dcache has both Set and reset with same priority. This may cause simulation mismatches. Consider rewriting code  [Z:/Vega_cpu/src/cpu/core/mem_stage/dcache.v:89]
WARNING: [Synth 8-7137] Register way_dirty_reg[1][8] in module dcache has both Set and reset with same priority. This may cause simulation mismatches. Consider rewriting code  [Z:/Vega_cpu/src/cpu/core/mem_stage/dcache.v:89]
WARNING: [Synth 8-7137] Register way_dirty_reg[1][9] in module dcache has both Set and reset with same priority. This may cause simulation mismatches. Consider rewriting code  [Z:/Vega_cpu/src/cpu/core/mem_stage/dcache.v:89]
WARNING: [Synth 8-7137] Register way_dirty_reg[1][10] in module dcache has both Set and reset with same priority. This may cause simulation mismatches. Consider rewriting code  [Z:/Vega_cpu/src/cpu/core/mem_stage/dcache.v:89]
WARNING: [Synth 8-7137] Register way_dirty_reg[1][11] in module dcache has both Set and reset with same priority. This may cause simulation mismatches. Consider rewriting code  [Z:/Vega_cpu/src/cpu/core/mem_stage/dcache.v:89]
WARNING: [Synth 8-7137] Register way_dirty_reg[1][12] in module dcache has both Set and reset with same priority. This may cause simulation mismatches. Consider rewriting code  [Z:/Vega_cpu/src/cpu/core/mem_stage/dcache.v:89]
WARNING: [Synth 8-7137] Register way_dirty_reg[1][13] in module dcache has both Set and reset with same priority. This may cause simulation mismatches. Consider rewriting code  [Z:/Vega_cpu/src/cpu/core/mem_stage/dcache.v:89]
WARNING: [Synth 8-7137] Register way_dirty_reg[1][14] in module dcache has both Set and reset with same priority. This may cause simulation mismatches. Consider rewriting code  [Z:/Vega_cpu/src/cpu/core/mem_stage/dcache.v:89]
WARNING: [Synth 8-7137] Register way_dirty_reg[1][15] in module dcache has both Set and reset with same priority. This may cause simulation mismatches. Consider rewriting code  [Z:/Vega_cpu/src/cpu/core/mem_stage/dcache.v:89]
WARNING: [Synth 8-7137] Register way_dirty_reg[1][16] in module dcache has both Set and reset with same priority. This may cause simulation mismatches. Consider rewriting code  [Z:/Vega_cpu/src/cpu/core/mem_stage/dcache.v:89]
WARNING: [Synth 8-7137] Register way_dirty_reg[1][17] in module dcache has both Set and reset with same priority. This may cause simulation mismatches. Consider rewriting code  [Z:/Vega_cpu/src/cpu/core/mem_stage/dcache.v:89]
WARNING: [Synth 8-7137] Register way_dirty_reg[1][18] in module dcache has both Set and reset with same priority. This may cause simulation mismatches. Consider rewriting code  [Z:/Vega_cpu/src/cpu/core/mem_stage/dcache.v:89]
WARNING: [Synth 8-7137] Register way_dirty_reg[1][19] in module dcache has both Set and reset with same priority. This may cause simulation mismatches. Consider rewriting code  [Z:/Vega_cpu/src/cpu/core/mem_stage/dcache.v:89]
INFO: [Common 17-14] Message 'Synth 8-7137' appears 100 times and further instances of the messages will be disabled. Use the Tcl command set_msg_config to change the current settings.
WARNING: [Synth 8-3848] Net data_out in module/entity dcache does not have driver. [Z:/Vega_cpu/src/cpu/core/mem_stage/dcache.v:17]
WARNING: [Synth 8-3848] Net hit in module/entity dcache does not have driver. [Z:/Vega_cpu/src/cpu/core/mem_stage/dcache.v:18]
WARNING: [Synth 8-3848] Net found in module/entity dcache does not have driver. [Z:/Vega_cpu/src/cpu/core/mem_stage/dcache.v:58]
WARNING: [Synth 8-3848] Net match_way in module/entity dcache does not have driver. [Z:/Vega_cpu/src/cpu/core/mem_stage/dcache.v:59]
WARNING: [Synth 8-3848] Net mem_wdata in module/entity dcache does not have driver. [Z:/Vega_cpu/src/cpu/core/mem_stage/dcache.v:21]
WARNING: [Synth 8-3848] Net mem_we in module/entity dcache does not have driver. [Z:/Vega_cpu/src/cpu/core/mem_stage/dcache.v:24]
INFO: [Synth 8-6155] done synthesizing module 'dcache' (16#1) [Z:/Vega_cpu/src/cpu/core/mem_stage/dcache.v:6]
WARNING: [Synth 8-6104] Input port 'dcache_data_out' has an internal driver [Z:/Vega_cpu/src/cpu/core/mem_stage/mem_stage.v:110]
WARNING: [Synth 8-6104] Input port 'dcache_hit' has an internal driver [Z:/Vega_cpu/src/cpu/core/mem_stage/mem_stage.v:111]
WARNING: [Synth 8-6104] Input port 'dcache_refill_done' has an internal driver [Z:/Vega_cpu/src/cpu/core/mem_stage/mem_stage.v:112]
WARNING: [Synth 8-6104] Input port 'dcache_writeback_req' has an internal driver [Z:/Vega_cpu/src/cpu/core/mem_stage/mem_stage.v:113]
WARNING: [Synth 8-6104] Input port 'dcache_writeback_addr' has an internal driver [Z:/Vega_cpu/src/cpu/core/mem_stage/mem_stage.v:114]
WARNING: [Synth 8-6104] Input port 'dcache_writeback_data' has an internal driver [Z:/Vega_cpu/src/cpu/core/mem_stage/mem_stage.v:115]
WARNING: [Synth 8-6104] Input port 'dcache_cache_stall' has an internal driver [Z:/Vega_cpu/src/cpu/core/mem_stage/mem_stage.v:116]
WARNING: [Synth 8-6104] Input port 'dcache_mem_req' has an internal driver [Z:/Vega_cpu/src/cpu/core/mem_stage/mem_stage.v:120]
WARNING: [Synth 8-6104] Input port 'dcache_mem_we' has an internal driver [Z:/Vega_cpu/src/cpu/core/mem_stage/mem_stage.v:121]
WARNING: [Synth 8-3848] Net dcache_mem_ready in module/entity mem_stage does not have driver. [Z:/Vega_cpu/src/cpu/core/mem_stage/mem_stage.v:67]
INFO: [Synth 8-6155] done synthesizing module 'mem_stage' (17#1) [Z:/Vega_cpu/src/cpu/core/mem_stage/mem_stage.v:7]
INFO: [Synth 8-6157] synthesizing module 'hazard_unit' [Z:/Vega_cpu/src/cpu/core/hazard_unit.v:6]
INFO: [Synth 8-6155] done synthesizing module 'hazard_unit' (18#1) [Z:/Vega_cpu/src/cpu/core/hazard_unit.v:6]
WARNING: [Synth 8-3848] Net dcache_writeback_addr in module/entity riscv_cpu does not have driver. [Z:/Vega_cpu/src/cpu/riscv_cpu.v:107]
WARNING: [Synth 8-3848] Net dcache_writeback_req in module/entity riscv_cpu does not have driver. [Z:/Vega_cpu/src/cpu/riscv_cpu.v:106]
WARNING: [Synth 8-3848] Net dcache_writeback_data in module/entity riscv_cpu does not have driver. [Z:/Vega_cpu/src/cpu/riscv_cpu.v:108]
WARNING: [Synth 8-3848] Net dcache_mem_req in module/entity riscv_cpu does not have driver. [Z:/Vega_cpu/src/cpu/riscv_cpu.v:113]
WARNING: [Synth 8-3848] Net dcache_mem_we in module/entity riscv_cpu does not have driver. [Z:/Vega_cpu/src/cpu/riscv_cpu.v:114]
WARNING: [Synth 8-3848] Net dcache_data_out in module/entity riscv_cpu does not have driver. [Z:/Vega_cpu/src/cpu/riscv_cpu.v:103]
WARNING: [Synth 8-3848] Net dcache_hit in module/entity riscv_cpu does not have driver. [Z:/Vega_cpu/src/cpu/riscv_cpu.v:104]
WARNING: [Synth 8-3848] Net dcache_refill_done in module/entity riscv_cpu does not have driver. [Z:/Vega_cpu/src/cpu/riscv_cpu.v:105]
WARNING: [Synth 8-3848] Net dcache_cache_stall in module/entity riscv_cpu does not have driver. [Z:/Vega_cpu/src/cpu/riscv_cpu.v:109]
WARNING: [Synth 8-3848] Net icache_addr in module/entity riscv_cpu does not have driver. [Z:/Vega_cpu/src/cpu/riscv_cpu.v:69]
WARNING: [Synth 8-3848] Net icache_req in module/entity riscv_cpu does not have driver. [Z:/Vega_cpu/src/cpu/riscv_cpu.v:70]
WARNING: [Synth 8-3848] Net icache_mem_data in module/entity riscv_cpu does not have driver. [Z:/Vega_cpu/src/cpu/riscv_cpu.v:74]
WARNING: [Synth 8-3848] Net icache_mem_ready in module/entity riscv_cpu does not have driver. [Z:/Vega_cpu/src/cpu/riscv_cpu.v:76]
INFO: [Synth 8-6155] done synthesizing module 'riscv_cpu' (19#1) [Z:/Vega_cpu/src/cpu/riscv_cpu.v:8]
INFO: [Synth 8-6155] done synthesizing module 'vega_soc_top' (20#1) [Z:/Vega_cpu/src/soc/vega_soc_top.v:1]
---------------------------------------------------------------------------------
Finished Synthesize : Time (s): cpu = 00:00:17 ; elapsed = 00:00:15 . Memory (MB): peak = 6123.293 ; gain = 0.000
---------------------------------------------------------------------------------
Copyright 1986-2022 Xilinx, Inc. All Rights Reserved. Copyright 2022-2025 Advanced Micro Devices, Inc. All Rights Reserved.
---------------------------------------------------------------------------------------------------------------------------------------------
| Tool Version : Vivado v.2025.2 (win64) Build 6299465 Fri Nov 14 19:35:11 GMT 2025
| Date         : Thu Apr 23 16:21:00 2026
| Host         : Station running 64-bit major release  (build 9200)
---------------------------------------------------------------------------------------------------------------------------------------------

RTL Linter Report

Table of Contents
-----------------
1. Summary

1. Summary
----------

+-----------+------------------+--------------+----------+
| Rule ID   | Severity         | # Violations | # Waived |
+-----------+------------------+--------------+----------+
| ASSIGN-5  | WARNING          | 23           | 0        |
| ASSIGN-6  | WARNING          | 41           | 0        |
| ASSIGN-7  | CRITICAL WARNING | 6            | 0        |
| ASSIGN-9  | WARNING          | 6            | 0        |
| ASSIGN-10 | WARNING          | 33           | 0        |
| INFER-2   | CRITICAL WARNING | 3            | 0        |
| RESET-2   | WARNING          | 2            | 0        |
+-----------+------------------+--------------+----------+


WARNING: [Synth 37-93] [ASSIGN-6]Signal 'signed_result' was assigned but not read. 
RTL Name 'signed_result', Hierarchy 'alu', File 'Z:/Vega_cpu/src/cpu/core/ex_stage/alu.v', Line 24.
WARNING: [Synth 37-125] [ASSIGN-10]Some bits in IO 'pc' are not read. First unread bit index is 0. 
RTL Name 'pc', Hierarchy 'bht', File 'bht.v', Line 10.
WARNING: [Synth 37-125] [ASSIGN-10]Some bits in IO 'read_en' are not read. First unread bit index is 0. 
RTL Name 'read_en', Hierarchy 'bht', File 'bht.v', Line 9.
WARNING: [Synth 37-125] [ASSIGN-10]Some bits in IO 'update_pc' are not read. First unread bit index is 0. 
RTL Name 'update_pc', Hierarchy 'bht', File 'bht.v', Line 17.
WARNING: [Synth 37-125] [ASSIGN-10]Some bits in IO 'pc' are not read. First unread bit index is 0. 
RTL Name 'pc', Hierarchy 'btb', File 'btb.v', Line 10.
WARNING: [Synth 37-125] [ASSIGN-10]Some bits in IO 'update_pc' are not read. First unread bit index is 0. 
RTL Name 'update_pc', Hierarchy 'btb', File 'btb.v', Line 17.
WARNING: [Synth 37-95] [ASSIGN-5]Found scalar variable(s) 'found' declared and are not set.
RTL Name 'found', Hierarchy 'dcache', File 'Z:/Vega_cpu/src/cpu/core/mem_stage/dcache.v', Line 58.
WARNING: [Synth 37-124] [ASSIGN-5]Some bits in 'ii' are not set. First unset bit index is 0. 
RTL Name 'ii', Hierarchy 'dcache', File 'dcache.v', Line 60.
WARNING: [Synth 37-124] [ASSIGN-5]Some bits in 'jj' are not set. First unset bit index is 0. 
RTL Name 'jj', Hierarchy 'dcache', File 'dcache.v', Line 60.
WARNING: [Synth 37-124] [ASSIGN-5]Some bits in 'kk' are not set. First unset bit index is 0. 
RTL Name 'kk', Hierarchy 'dcache', File 'dcache.v', Line 60.
WARNING: [Synth 37-124] [ASSIGN-5]Some bits in 'match_way' are not set. First unset bit index is 0. 
RTL Name 'match_way', Hierarchy 'dcache', File 'dcache.v', Line 59.
WARNING: [Synth 37-93] [ASSIGN-6]Signal 'offset' was assigned but not read. 
RTL Name 'offset', Hierarchy 'dcache', File 'Z:/Vega_cpu/src/cpu/core/mem_stage/dcache.v', Line 50.
WARNING: [Synth 37-126] [ASSIGN-9]Some bits in IO 'data_out' are not set. First unset bit index is 0. 
RTL Name 'data_out', Hierarchy 'dcache', File 'dcache.v', Line 17.
WARNING: [Synth 37-126] [ASSIGN-9]Some bits in IO 'hit' are not set. First unset bit index is 0. 
RTL Name 'hit', Hierarchy 'dcache', File 'dcache.v', Line 18.
WARNING: [Synth 37-126] [ASSIGN-9]Some bits in IO 'mem_wdata' are not set. First unset bit index is 0. 
RTL Name 'mem_wdata', Hierarchy 'dcache', File 'dcache.v', Line 21.
WARNING: [Synth 37-126] [ASSIGN-9]Some bits in IO 'mem_we' are not set. First unset bit index is 0. 
RTL Name 'mem_we', Hierarchy 'dcache', File 'dcache.v', Line 24.
WARNING: [Synth 37-125] [ASSIGN-10]Some bits in IO 'addr' are not read. First unread bit index is 0. 
RTL Name 'addr', Hierarchy 'dcache', File 'dcache.v', Line 10.
WARNING: [Synth 37-125] [ASSIGN-10]Some bits in IO 'be' are not read. First unread bit index is 0. 
RTL Name 'be', Hierarchy 'dcache', File 'dcache.v', Line 12.
WARNING: [Synth 37-125] [ASSIGN-10]Some bits in IO 'size' are not read. First unread bit index is 0. 
RTL Name 'size', Hierarchy 'dcache', File 'dcache.v', Line 15.
WARNING: [Synth 37-125] [ASSIGN-10]Some bits in IO 'wdata' are not read. First unread bit index is 0. 
RTL Name 'wdata', Hierarchy 'dcache', File 'dcache.v', Line 11.
CRITICAL WARNING: [Synth 37-75] [INFER-2]Case statement items not fully specified and does not have a default item. 
Hierarchy 'decoder', File 'Z:/Vega_cpu/src/cpu/core/id_stage/decoder.v', Line 72.
CRITICAL WARNING: [Synth 37-75] [INFER-2]Case statement items not fully specified and does not have a default item. 
Hierarchy 'decoder', File 'Z:/Vega_cpu/src/cpu/core/id_stage/decoder.v', Line 224.
CRITICAL WARNING: [Synth 37-75] [INFER-2]Case statement items not fully specified and does not have a default item. 
Hierarchy 'decoder', File 'Z:/Vega_cpu/src/cpu/core/id_stage/decoder.v', Line 70.
WARNING: [Synth 37-93] [ASSIGN-6]Signal 'alu_neg_w1' was assigned but not read. 
RTL Name 'alu_neg_w1', Hierarchy 'ex_stage', File 'Z:/Vega_cpu/src/cpu/core/ex_stage/ex_stage.v', Line 197.
WARNING: [Synth 37-93] [ASSIGN-6]Signal 'alu_neg_w2' was assigned but not read. 
RTL Name 'alu_neg_w2', Hierarchy 'ex_stage', File 'Z:/Vega_cpu/src/cpu/core/ex_stage/ex_stage.v', Line 198.
WARNING: [Synth 37-93] [ASSIGN-6]Signal 'alu_ovf_w1' was assigned but not read. 
RTL Name 'alu_ovf_w1', Hierarchy 'ex_stage', File 'Z:/Vega_cpu/src/cpu/core/ex_stage/ex_stage.v', Line 197.
WARNING: [Synth 37-93] [ASSIGN-6]Signal 'alu_ovf_w2' was assigned but not read. 
RTL Name 'alu_ovf_w2', Hierarchy 'ex_stage', File 'Z:/Vega_cpu/src/cpu/core/ex_stage/ex_stage.v', Line 198.
WARNING: [Synth 37-93] [ASSIGN-6]Signal 'alu_zero_w1' was assigned but not read. 
RTL Name 'alu_zero_w1', Hierarchy 'ex_stage', File 'Z:/Vega_cpu/src/cpu/core/ex_stage/ex_stage.v', Line 197.
WARNING: [Synth 37-93] [ASSIGN-6]Signal 'alu_zero_w2' was assigned but not read. 
RTL Name 'alu_zero_w2', Hierarchy 'ex_stage', File 'Z:/Vega_cpu/src/cpu/core/ex_stage/ex_stage.v', Line 198.
WARNING: [Synth 37-125] [ASSIGN-10]Some bits in IO 'is_branch_w2_i' are not read. First unread bit index is 0. 
RTL Name 'is_branch_w2_i', Hierarchy 'ex_stage', File 'ex_stage.v', Line 52.
WARNING: [Synth 37-125] [ASSIGN-10]Some bits in IO 'is_jump_w2_i' are not read. First unread bit index is 0. 
RTL Name 'is_jump_w2_i', Hierarchy 'ex_stage', File 'ex_stage.v', Line 53.
WARNING: [Synth 37-103] [RESET-2]Register valid_w1_o_reg in always/process block does not have asynchronous reset when one or more other signals do.
RTL Name 'valid_w1_o_reg', Hierarchy 'ex_stage', File 'Z:/Vega_cpu/src/cpu/core/ex_stage/ex_stage.v', Line 249.
WARNING: [Synth 37-125] [ASSIGN-10]Some bits in IO 'branch_taken_ex' are not read. First unread bit index is 0. 
RTL Name 'branch_taken_ex', Hierarchy 'hazard_unit', File 'hazard_unit.v', Line 37.
WARNING: [Synth 37-125] [ASSIGN-10]Some bits in IO 'clk' are not read. First unread bit index is 0. 
RTL Name 'clk', Hierarchy 'hazard_unit', File 'hazard_unit.v', Line 7.
WARNING: [Synth 37-125] [ASSIGN-10]Some bits in IO 'rd_addr_mem_w1' are not read. First unread bit index is 0. 
RTL Name 'rd_addr_mem_w1', Hierarchy 'hazard_unit', File 'hazard_unit.v', Line 31.
WARNING: [Synth 37-125] [ASSIGN-10]Some bits in IO 'rd_addr_mem_w2' are not read. First unread bit index is 0. 
RTL Name 'rd_addr_mem_w2', Hierarchy 'hazard_unit', File 'hazard_unit.v', Line 33.
WARNING: [Synth 37-125] [ASSIGN-10]Some bits in IO 'reg_write_en_ex_w1' are not read. First unread bit index is 0. 
RTL Name 'reg_write_en_ex_w1', Hierarchy 'hazard_unit', File 'hazard_unit.v', Line 24.
WARNING: [Synth 37-125] [ASSIGN-10]Some bits in IO 'reg_write_en_ex_w2' are not read. First unread bit index is 0. 
RTL Name 'reg_write_en_ex_w2', Hierarchy 'hazard_unit', File 'hazard_unit.v', Line 27.
WARNING: [Synth 37-125] [ASSIGN-10]Some bits in IO 'reg_write_en_mem_w1' are not read. First unread bit index is 0. 
RTL Name 'reg_write_en_mem_w1', Hierarchy 'hazard_unit', File 'hazard_unit.v', Line 32.
WARNING: [Synth 37-125] [ASSIGN-10]Some bits in IO 'reg_write_en_mem_w2' are not read. First unread bit index is 0. 
RTL Name 'reg_write_en_mem_w2', Hierarchy 'hazard_unit', File 'hazard_unit.v', Line 34.
WARNING: [Synth 37-125] [ASSIGN-10]Some bits in IO 'rst_n' are not read. First unread bit index is 0. 
RTL Name 'rst_n', Hierarchy 'hazard_unit', File 'hazard_unit.v', Line 8.
WARNING: [Synth 37-125] [ASSIGN-10]Some bits in IO 'addr' are not read. First unread bit index is 0. 
RTL Name 'addr', Hierarchy 'icache', File 'icache.v', Line 10.
WARNING: [Synth 37-123] [ASSIGN-6]Some bits in 'funct7_w1' are not read. First unread bit index is 0. 
RTL Name 'funct7_w1', Hierarchy 'id_stage', File 'id_stage.v', Line 88.
WARNING: [Synth 37-123] [ASSIGN-6]Some bits in 'funct7_w2' are not read. First unread bit index is 0. 
RTL Name 'funct7_w2', Hierarchy 'id_stage', File 'id_stage.v', Line 113.
WARNING: [Synth 37-93] [ASSIGN-6]Signal 'is_alu_imm_w1' was assigned but not read. 
RTL Name 'is_alu_imm_w1', Hierarchy 'id_stage', File 'Z:/Vega_cpu/src/cpu/core/id_stage/id_stage.v', Line 90.
WARNING: [Synth 37-93] [ASSIGN-6]Signal 'is_alu_imm_w2' was assigned but not read. 
RTL Name 'is_alu_imm_w2', Hierarchy 'id_stage', File 'Z:/Vega_cpu/src/cpu/core/id_stage/id_stage.v', Line 115.
WARNING: [Synth 37-93] [ASSIGN-6]Signal 'is_compressed_w1' was assigned but not read. 
RTL Name 'is_compressed_w1', Hierarchy 'id_stage', File 'Z:/Vega_cpu/src/cpu/core/id_stage/id_stage.v', Line 93.
WARNING: [Synth 37-93] [ASSIGN-6]Signal 'is_compressed_w2' was assigned but not read. 
RTL Name 'is_compressed_w2', Hierarchy 'id_stage', File 'Z:/Vega_cpu/src/cpu/core/id_stage/id_stage.v', Line 118.
WARNING: [Synth 37-103] [RESET-2]Register valid_w1_o_reg in always/process block does not have asynchronous reset when one or more other signals do.
RTL Name 'valid_w1_o_reg', Hierarchy 'id_stage', File 'Z:/Vega_cpu/src/cpu/core/id_stage/id_stage.v', Line 273.
WARNING: [Synth 37-93] [ASSIGN-6]Signal 'bht_counter' was assigned but not read. 
RTL Name 'bht_counter', Hierarchy 'if_stage', File 'Z:/Vega_cpu/src/cpu/core/if_stage/if_stage.v', Line 69.
WARNING: [Synth 37-123] [ASSIGN-6]Some bits in 'inst2_hw' are not read. First unread bit index is 2. 
RTL Name 'inst2_hw', Hierarchy 'if_stage', File 'if_stage.v', Line 93.
WARNING: [Synth 37-125] [ASSIGN-10]Some bits in IO 'uses_rs1_w1_i' are not read. First unread bit index is 0. 
RTL Name 'uses_rs1_w1_i', Hierarchy 'ii_stage', File 'ii_stage.v', Line 34.
WARNING: [Synth 37-125] [ASSIGN-10]Some bits in IO 'uses_rs2_w1_i' are not read. First unread bit index is 0. 
RTL Name 'uses_rs2_w1_i', Hierarchy 'ii_stage', File 'ii_stage.v', Line 35.
WARNING: [Synth 37-93] [ASSIGN-6]Signal 'size' was assigned but not read. 
RTL Name 'size', Hierarchy 'mem_stage', File 'Z:/Vega_cpu/src/cpu/core/mem_stage/mem_stage.v', Line 70.
CRITICAL WARNING: [Synth 37-96] [ASSIGN-7]Multiple assignments detected on signal 'dcache_cache_stall'.
RTL Name 'dcache_cache_stall', Hierarchy 'mem_stage', File 'Z:/Vega_cpu/src/cpu/core/mem_stage/mem_stage.v', Line 61.
CRITICAL WARNING: [Synth 37-96] [ASSIGN-7]Multiple assignments detected on signal 'dcache_mem_req'.
RTL Name 'dcache_mem_req', Hierarchy 'mem_stage', File 'Z:/Vega_cpu/src/cpu/core/mem_stage/mem_stage.v', Line 65.
CRITICAL WARNING: [Synth 37-96] [ASSIGN-7]Multiple assignments detected on signal 'dcache_refill_done'.
RTL Name 'dcache_refill_done', Hierarchy 'mem_stage', File 'Z:/Vega_cpu/src/cpu/core/mem_stage/mem_stage.v', Line 57.
CRITICAL WARNING: [Synth 37-90] [ASSIGN-7]Multiple assignments detected on array dcache_writeback_addr, first multi-driven bit index is 0.
RTL Name 'dcache_writeback_addr', Hierarchy 'mem_stage', File 'Z:/Vega_cpu/src/cpu/core/mem_stage/mem_stage.v', Line 59.
CRITICAL WARNING: [Synth 37-90] [ASSIGN-7]Multiple assignments detected on array dcache_writeback_data, first multi-driven bit index is 0.
RTL Name 'dcache_writeback_data', Hierarchy 'mem_stage', File 'Z:/Vega_cpu/src/cpu/core/mem_stage/mem_stage.v', Line 60.
CRITICAL WARNING: [Synth 37-96] [ASSIGN-7]Multiple assignments detected on signal 'dcache_writeback_req'.
RTL Name 'dcache_writeback_req', Hierarchy 'mem_stage', File 'Z:/Vega_cpu/src/cpu/core/mem_stage/mem_stage.v', Line 58.
WARNING: [Synth 37-126] [ASSIGN-9]Some bits in IO 'dcache_mem_ready' are not set. First unset bit index is 0. 
RTL Name 'dcache_mem_ready', Hierarchy 'mem_stage', File 'mem_stage.v', Line 67.
WARNING: [Synth 37-126] [ASSIGN-9]Some bits in IO 'dcache_mem_wdata' are not set. First unset bit index is 0. 
RTL Name 'dcache_mem_wdata', Hierarchy 'mem_stage', File 'mem_stage.v', Line 63.
WARNING: [Synth 37-125] [ASSIGN-10]Some bits in IO 'dcache_mem_req' are not read. First unread bit index is 0. 
RTL Name 'dcache_mem_req', Hierarchy 'mem_stage', File 'mem_stage.v', Line 65.
WARNING: [Synth 37-125] [ASSIGN-10]Some bits in IO 'dcache_mem_we' are not read. First unread bit index is 0. 
RTL Name 'dcache_mem_we', Hierarchy 'mem_stage', File 'mem_stage.v', Line 66.
WARNING: [Synth 37-125] [ASSIGN-10]Some bits in IO 'dcache_writeback_addr' are not read. First unread bit index is 0. 
RTL Name 'dcache_writeback_addr', Hierarchy 'mem_stage', File 'mem_stage.v', Line 59.
WARNING: [Synth 37-125] [ASSIGN-10]Some bits in IO 'dcache_writeback_data' are not read. First unread bit index is 0. 
RTL Name 'dcache_writeback_data', Hierarchy 'mem_stage', File 'mem_stage.v', Line 60.
WARNING: [Synth 37-125] [ASSIGN-10]Some bits in IO 'dcache_writeback_req' are not read. First unread bit index is 0. 
RTL Name 'dcache_writeback_req', Hierarchy 'mem_stage', File 'mem_stage.v', Line 58.
WARNING: [Synth 37-125] [ASSIGN-10]Some bits in IO 'pc_w1_i' are not read. First unread bit index is 0. 
RTL Name 'pc_w1_i', Hierarchy 'mem_stage', File 'mem_stage.v', Line 15.
WARNING: [Synth 37-95] [ASSIGN-5]Found scalar variable(s) 'dcache_cache_stall' declared and are not set.
RTL Name 'dcache_cache_stall', Hierarchy 'riscv_cpu', File 'Z:/Vega_cpu/src/cpu/riscv_cpu.v', Line 109.
WARNING: [Synth 37-124] [ASSIGN-5]Some bits in 'dcache_data_out' are not set. First unset bit index is 0. 
RTL Name 'dcache_data_out', Hierarchy 'riscv_cpu', File 'riscv_cpu.v', Line 103.
WARNING: [Synth 37-95] [ASSIGN-5]Found scalar variable(s) 'dcache_hit' declared and are not set.
RTL Name 'dcache_hit', Hierarchy 'riscv_cpu', File 'Z:/Vega_cpu/src/cpu/riscv_cpu.v', Line 104.
WARNING: [Synth 37-95] [ASSIGN-5]Found scalar variable(s) 'dcache_mem_req' declared and are not set.
RTL Name 'dcache_mem_req', Hierarchy 'riscv_cpu', File 'Z:/Vega_cpu/src/cpu/riscv_cpu.v', Line 113.
WARNING: [Synth 37-124] [ASSIGN-5]Some bits in 'dcache_mem_wdata' are not set. First unset bit index is 0. 
RTL Name 'dcache_mem_wdata', Hierarchy 'riscv_cpu', File 'riscv_cpu.v', Line 111.
WARNING: [Synth 37-95] [ASSIGN-5]Found scalar variable(s) 'dcache_mem_we' declared and are not set.
RTL Name 'dcache_mem_we', Hierarchy 'riscv_cpu', File 'Z:/Vega_cpu/src/cpu/riscv_cpu.v', Line 114.
WARNING: [Synth 37-95] [ASSIGN-5]Found scalar variable(s) 'dcache_refill_done' declared and are not set.
RTL Name 'dcache_refill_done', Hierarchy 'riscv_cpu', File 'Z:/Vega_cpu/src/cpu/riscv_cpu.v', Line 105.
WARNING: [Synth 37-124] [ASSIGN-5]Some bits in 'dcache_writeback_addr' are not set. First unset bit index is 0. 
RTL Name 'dcache_writeback_addr', Hierarchy 'riscv_cpu', File 'riscv_cpu.v', Line 107.
WARNING: [Synth 37-124] [ASSIGN-5]Some bits in 'dcache_writeback_data' are not set. First unset bit index is 0. 
RTL Name 'dcache_writeback_data', Hierarchy 'riscv_cpu', File 'riscv_cpu.v', Line 108.
WARNING: [Synth 37-95] [ASSIGN-5]Found scalar variable(s) 'dcache_writeback_req' declared and are not set.
RTL Name 'dcache_writeback_req', Hierarchy 'riscv_cpu', File 'Z:/Vega_cpu/src/cpu/riscv_cpu.v', Line 106.
WARNING: [Synth 37-124] [ASSIGN-5]Some bits in 'icache_addr' are not set. First unset bit index is 0. 
RTL Name 'icache_addr', Hierarchy 'riscv_cpu', File 'riscv_cpu.v', Line 69.
WARNING: [Synth 37-95] [ASSIGN-5]Found scalar variable(s) 'icache_hit_reg' declared and are not set.
RTL Name 'icache_hit_reg', Hierarchy 'riscv_cpu', File 'Z:/Vega_cpu/src/cpu/riscv_cpu.v', Line 79.
WARNING: [Synth 37-124] [ASSIGN-5]Some bits in 'icache_instr_window_out' are not set. First unset bit index is 0. 
RTL Name 'icache_instr_window_out', Hierarchy 'riscv_cpu', File 'riscv_cpu.v', Line 77.
WARNING: [Synth 37-124] [ASSIGN-5]Some bits in 'icache_mem_data' are not set. First unset bit index is 0. 
RTL Name 'icache_mem_data', Hierarchy 'riscv_cpu', File 'riscv_cpu.v', Line 74.
WARNING: [Synth 37-95] [ASSIGN-5]Found scalar variable(s) 'icache_mem_ready' declared and are not set.
RTL Name 'icache_mem_ready', Hierarchy 'riscv_cpu', File 'Z:/Vega_cpu/src/cpu/riscv_cpu.v', Line 76.
WARNING: [Synth 37-95] [ASSIGN-5]Found scalar variable(s) 'icache_req' declared and are not set.
RTL Name 'icache_req', Hierarchy 'riscv_cpu', File 'Z:/Vega_cpu/src/cpu/riscv_cpu.v', Line 70.
WARNING: [Synth 37-95] [ASSIGN-5]Found scalar variable(s) 'icache_window_valid' declared and are not set.
RTL Name 'icache_window_valid', Hierarchy 'riscv_cpu', File 'Z:/Vega_cpu/src/cpu/riscv_cpu.v', Line 78.
WARNING: [Synth 37-124] [ASSIGN-5]Some bits in 'mem_access_wdata' are not set. First unset bit index is 0. 
RTL Name 'mem_access_wdata', Hierarchy 'riscv_cpu', File 'riscv_cpu.v', Line 389.
WARNING: [Synth 37-93] [ASSIGN-6]Signal 'dcache_addr' was assigned but not read. 
RTL Name 'dcache_addr', Hierarchy 'riscv_cpu', File 'Z:/Vega_cpu/src/cpu/riscv_cpu.v', Line 97.
WARNING: [Synth 37-93] [ASSIGN-6]Signal 'dcache_mem_ready' was assigned but not read. 
RTL Name 'dcache_mem_ready', Hierarchy 'riscv_cpu', File 'Z:/Vega_cpu/src/cpu/riscv_cpu.v', Line 115.
WARNING: [Synth 37-93] [ASSIGN-6]Signal 'dcache_req' was assigned but not read. 
RTL Name 'dcache_req', Hierarchy 'riscv_cpu', File 'Z:/Vega_cpu/src/cpu/riscv_cpu.v', Line 100.
WARNING: [Synth 37-93] [ASSIGN-6]Signal 'dcache_size' was assigned but not read. 
RTL Name 'dcache_size', Hierarchy 'riscv_cpu', File 'Z:/Vega_cpu/src/cpu/riscv_cpu.v', Line 102.
WARNING: [Synth 37-93] [ASSIGN-6]Signal 'dcache_wdata' was assigned but not read. 
RTL Name 'dcache_wdata', Hierarchy 'riscv_cpu', File 'Z:/Vega_cpu/src/cpu/riscv_cpu.v', Line 98.
WARNING: [Synth 37-93] [ASSIGN-6]Signal 'dcache_we' was assigned but not read. 
RTL Name 'dcache_we', Hierarchy 'riscv_cpu', File 'Z:/Vega_cpu/src/cpu/riscv_cpu.v', Line 101.
WARNING: [Synth 37-93] [ASSIGN-6]Signal 'exmem_mr_w2' was assigned but not read. 
RTL Name 'exmem_mr_w2', Hierarchy 'riscv_cpu', File 'Z:/Vega_cpu/src/cpu/riscv_cpu.v', Line 327.
WARNING: [Synth 37-93] [ASSIGN-6]Signal 'exmem_msz_w2' was assigned but not read. 
RTL Name 'exmem_msz_w2', Hierarchy 'riscv_cpu', File 'Z:/Vega_cpu/src/cpu/riscv_cpu.v', Line 328.
WARNING: [Synth 37-93] [ASSIGN-6]Signal 'exmem_mw_w2' was assigned but not read. 
RTL Name 'exmem_mw_w2', Hierarchy 'riscv_cpu', File 'Z:/Vega_cpu/src/cpu/riscv_cpu.v', Line 327.
WARNING: [Synth 37-93] [ASSIGN-6]Signal 'exmem_pc_w2' was assigned but not read. 
RTL Name 'exmem_pc_w2', Hierarchy 'riscv_cpu', File 'Z:/Vega_cpu/src/cpu/riscv_cpu.v', Line 323.
WARNING: [Synth 37-93] [ASSIGN-6]Signal 'exmem_rs2_w2' was assigned but not read. 
RTL Name 'exmem_rs2_w2', Hierarchy 'riscv_cpu', File 'Z:/Vega_cpu/src/cpu/riscv_cpu.v', Line 325.
WARNING: [Synth 37-93] [ASSIGN-6]Signal 'icache_data_out' was assigned but not read. 
RTL Name 'icache_data_out', Hierarchy 'riscv_cpu', File 'Z:/Vega_cpu/src/cpu/riscv_cpu.v', Line 71.
WARNING: [Synth 37-93] [ASSIGN-6]Signal 'icache_hit' was assigned but not read. 
RTL Name 'icache_hit', Hierarchy 'riscv_cpu', File 'Z:/Vega_cpu/src/cpu/riscv_cpu.v', Line 72.
WARNING: [Synth 37-93] [ASSIGN-6]Signal 'icache_mem_addr' was assigned but not read. 
RTL Name 'icache_mem_addr', Hierarchy 'riscv_cpu', File 'Z:/Vega_cpu/src/cpu/riscv_cpu.v', Line 73.
WARNING: [Synth 37-93] [ASSIGN-6]Signal 'icache_mem_req' was assigned but not read. 
RTL Name 'icache_mem_req', Hierarchy 'riscv_cpu', File 'Z:/Vega_cpu/src/cpu/riscv_cpu.v', Line 75.
WARNING: [Synth 37-123] [ASSIGN-6]Some bits in 'mem_access_wdata' are not read. First unread bit index is 64. 
RTL Name 'mem_access_wdata', Hierarchy 'riscv_cpu', File 'riscv_cpu.v', Line 389.
WARNING: [Synth 37-93] [ASSIGN-6]Signal 'memwb_wbs_w2' was assigned but not read. 
RTL Name 'memwb_wbs_w2', Hierarchy 'riscv_cpu', File 'Z:/Vega_cpu/src/cpu/riscv_cpu.v', Line 412.
WARNING: [Synth 37-125] [ASSIGN-10]Some bits in IO 'debug_req' are not read. First unread bit index is 0. 
RTL Name 'debug_req', Hierarchy 'riscv_cpu', File 'riscv_cpu.v', Line 35.
WARNING: [Synth 37-125] [ASSIGN-10]Some bits in IO 'irq_external' are not read. First unread bit index is 0. 
RTL Name 'irq_external', Hierarchy 'riscv_cpu', File 'riscv_cpu.v', Line 29.
WARNING: [Synth 37-125] [ASSIGN-10]Some bits in IO 'irq_software' are not read. First unread bit index is 0. 
RTL Name 'irq_software', Hierarchy 'riscv_cpu', File 'riscv_cpu.v', Line 31.
WARNING: [Synth 37-125] [ASSIGN-10]Some bits in IO 'irq_timer' are not read. First unread bit index is 0. 
RTL Name 'irq_timer', Hierarchy 'riscv_cpu', File 'riscv_cpu.v', Line 30.
WARNING: [Synth 37-93] [ASSIGN-6]Signal 'axi_arready' was assigned but not read. 
RTL Name 'axi_arready', Hierarchy 'uart_adapter', File 'Z:/Vega_cpu/Project/Vega/Vega.srcs/sources_1/new/uart_adapter.v', Line 39.
WARNING: [Synth 37-93] [ASSIGN-6]Signal 'axi_awready' was assigned but not read. 
RTL Name 'axi_awready', Hierarchy 'uart_adapter', File 'Z:/Vega_cpu/Project/Vega/Vega.srcs/sources_1/new/uart_adapter.v', Line 23.
WARNING: [Synth 37-93] [ASSIGN-6]Signal 'axi_bresp' was assigned but not read. 
RTL Name 'axi_bresp', Hierarchy 'uart_adapter', File 'Z:/Vega_cpu/Project/Vega/Vega.srcs/sources_1/new/uart_adapter.v', Line 32.
WARNING: [Synth 37-93] [ASSIGN-6]Signal 'axi_rresp' was assigned but not read. 
RTL Name 'axi_rresp', Hierarchy 'uart_adapter', File 'Z:/Vega_cpu/Project/Vega/Vega.srcs/sources_1/new/uart_adapter.v', Line 43.
WARNING: [Synth 37-93] [ASSIGN-6]Signal 'axi_wready' was assigned but not read. 
RTL Name 'axi_wready', Hierarchy 'uart_adapter', File 'Z:/Vega_cpu/Project/Vega/Vega.srcs/sources_1/new/uart_adapter.v', Line 29.
WARNING: [Synth 37-93] [ASSIGN-6]Signal 'clk' was assigned but not read. 
RTL Name 'clk', Hierarchy 'vega_soc_top', File 'Z:/Vega_cpu/src/soc/vega_soc_top.v', Line 15.
WARNING: [Synth 37-123] [ASSIGN-6]Some bits in 'instr_addr' are not read. First unread bit index is 0. 
RTL Name 'instr_addr', Hierarchy 'vega_soc_top', File 'vega_soc_top.v', Line 17.
INFO: [Synth 37-85] Total of 114 linter message(s) generated.
INFO: [Synth 37-45] Linter Run Finished!
Synthesis Optimization Runtime : Time (s): cpu = 00:00:17 ; elapsed = 00:00:15 . Memory (MB): peak = 6123.293 ; gain = 0.000
INFO: [Common 17-83] Releasing license: Synthesis
52 Infos, 345 Warnings, 9 Critical Warnings and 0 Errors encountered.
synth_design completed successfully
synth_design: Time (s): cpu = 00:00:18 ; elapsed = 00:00:15 . Memory (MB): peak = 6123.293 ; gain = 0.000
reset_run synth_1
INFO: [Project 1-1161] Replacing file Z:/Vega_cpu/Project/Vega/Vega.srcs/utils_1/imports/synth_1/vega_soc_top.dcp with file Z:/Vega_cpu/Project/Vega/Vega.runs/synth_1/vega_soc_top.dcp
launch_runs synth_1 -jobs 24
INFO: [Vivado 12-4149] The synthesis checkpoint for IP 'z:/Vega_cpu/Project/Vega/Vega.srcs/sources_1/ip/axi_uartlite_0/axi_uartlite_0.xci' is already up-to-date
[Thu Apr 23 16:47:37 2026] Launched synth_1...
Run output will be captured here: Z:/Vega_cpu/Project/Vega/Vega.runs/synth_1/runme.log
reset_run synth_1
WARNING: [Vivado 12-1017] Problems encountered:
1. Failed to delete one or more files in run directory Z:/Vega_cpu/Project/Vega/Vega.runs/synth_1

launch_runs synth_1 -jobs 24
INFO: [Vivado 12-4149] The synthesis checkpoint for IP 'z:/Vega_cpu/Project/Vega/Vega.srcs/sources_1/ip/axi_uartlite_0/axi_uartlite_0.xci' is already up-to-date
[Thu Apr 23 16:52:13 2026] Launched synth_1...
Run output will be captured here: Z:/Vega_cpu/Project/Vega/Vega.runs/synth_1/runme.log
create_clock -period 10.000 -waveform {0.000 5.000} [get_ports clk_in]
save_constraints -force
close_design
reset_run synth_1
INFO: [Project 1-1161] Replacing file Z:/Vega_cpu/Project/Vega/Vega.srcs/utils_1/imports/synth_1/vega_soc_top.dcp with file Z:/Vega_cpu/Project/Vega/Vega.runs/synth_1/vega_soc_top.dcp
launch_runs synth_1 -jobs 24
INFO: [Vivado 12-4149] The synthesis checkpoint for IP 'z:/Vega_cpu/Project/Vega/Vega.srcs/sources_1/ip/axi_uartlite_0/axi_uartlite_0.xci' is already up-to-date
[Thu Apr 23 17:00:11 2026] Launched synth_1...
Run output will be captured here: Z:/Vega_cpu/Project/Vega/Vega.runs/synth_1/runme.log
reset_run synth_1
WARNING: [Vivado 12-1017] Problems encountered:
1. PID not specified

synth_design -top vega_soc_top -part xc7a200tfbg676-3 -lint 
Command: synth_design -top vega_soc_top -part xc7a200tfbg676-3 -lint
Starting synth_design
Attempting to get a license for feature 'Synthesis' and/or device 'xc7a200t'
INFO: [Common 17-349] Got license for feature 'Synthesis' and/or device 'xc7a200t'
INFO: [Synth 8-7079] Multithreading enabled for synth_design using a maximum of 2 processes.
---------------------------------------------------------------------------------
Starting Synthesize : Time (s): cpu = 00:00:10 ; elapsed = 00:00:09 . Memory (MB): peak = 6123.293 ; gain = 0.000
---------------------------------------------------------------------------------
Clean up Linter database...
WARNING: [Synth 8-6901] identifier 'way2_fetch_valid' is used before its declaration [Z:/Vega_cpu/src/cpu/core/if_stage/if_stage.v:108]
WARNING: [Synth 8-6901] identifier 'load_data' is used before its declaration [Z:/Vega_cpu/src/cpu/core/mem_stage/mem_stage.v:86]
WARNING: [Synth 8-6901] identifier 'load_data' is used before its declaration [Z:/Vega_cpu/src/cpu/core/mem_stage/mem_stage.v:88]
INFO: [Synth 8-6157] synthesizing module 'vega_soc_top' [Z:/Vega_cpu/src/soc/vega_soc_top.v:1]
INFO: [Synth 8-6157] synthesizing module 'reset_sync' [Z:/Vega_cpu/src/soc/reset/reset_sync.v:1]
INFO: [Synth 8-6155] done synthesizing module 'reset_sync' (1#1) [Z:/Vega_cpu/src/soc/reset/reset_sync.v:1]
INFO: [Synth 8-6157] synthesizing module 'boot_rom_ip' [Z:/Vega_cpu/Project/Vega/.Xil/Vivado-22444-Station/realtime/boot_rom_ip_stub.v:6]
INFO: [Synth 8-6155] done synthesizing module 'boot_rom_ip' (2#1) [Z:/Vega_cpu/Project/Vega/.Xil/Vivado-22444-Station/realtime/boot_rom_ip_stub.v:6]
WARNING: [Synth 8-689] width (32) of port connection 'addrb' does not match port width (12) of module 'boot_rom_ip' [Z:/Vega_cpu/src/soc/vega_soc_top.v:63]
INFO: [Synth 8-6157] synthesizing module 'data_ram_b' [Z:/Vega_cpu/Project/Vega/.Xil/Vivado-22444-Station/realtime/data_ram_b_stub.v:6]
INFO: [Synth 8-6155] done synthesizing module 'data_ram_b' (3#1) [Z:/Vega_cpu/Project/Vega/.Xil/Vivado-22444-Station/realtime/data_ram_b_stub.v:6]
INFO: [Synth 8-6157] synthesizing module 'uart_adapter' [Z:/Vega_cpu/Project/Vega/Vega.srcs/sources_1/new/uart_adapter.v:1]
INFO: [Synth 8-6157] synthesizing module 'axi_uartlite_0' [Z:/Vega_cpu/Project/Vega/.Xil/Vivado-22444-Station/realtime/axi_uartlite_0_stub.v:6]
INFO: [Synth 8-6155] done synthesizing module 'axi_uartlite_0' (4#1) [Z:/Vega_cpu/Project/Vega/.Xil/Vivado-22444-Station/realtime/axi_uartlite_0_stub.v:6]
WARNING: [Synth 8-689] width (32) of port connection 's_axi_awaddr' does not match port width (4) of module 'axi_uartlite_0' [Z:/Vega_cpu/Project/Vega/Vega.srcs/sources_1/new/uart_adapter.v:53]
WARNING: [Synth 8-689] width (32) of port connection 's_axi_araddr' does not match port width (4) of module 'axi_uartlite_0' [Z:/Vega_cpu/Project/Vega/Vega.srcs/sources_1/new/uart_adapter.v:69]
WARNING: [Synth 8-7137] Register axi_wdata_reg in module uart_adapter has both Set and reset with same priority. This may cause simulation mismatches. Consider rewriting code  [Z:/Vega_cpu/Project/Vega/Vega.srcs/sources_1/new/uart_adapter.v:58]
WARNING: [Synth 8-7137] Register axi_wstrb_reg in module uart_adapter has both Set and reset with same priority. This may cause simulation mismatches. Consider rewriting code  [Z:/Vega_cpu/Project/Vega/Vega.srcs/sources_1/new/uart_adapter.v:59]
WARNING: [Synth 8-7137] Register axi_wdata_reg in module uart_adapter has both Set and reset with same priority. This may cause simulation mismatches. Consider rewriting code  [Z:/Vega_cpu/Project/Vega/Vega.srcs/sources_1/new/uart_adapter.v:58]
WARNING: [Synth 8-7137] Register axi_wstrb_reg in module uart_adapter has both Set and reset with same priority. This may cause simulation mismatches. Consider rewriting code  [Z:/Vega_cpu/Project/Vega/Vega.srcs/sources_1/new/uart_adapter.v:59]
INFO: [Synth 8-6155] done synthesizing module 'uart_adapter' (5#1) [Z:/Vega_cpu/Project/Vega/Vega.srcs/sources_1/new/uart_adapter.v:1]
INFO: [Synth 8-6157] synthesizing module 'riscv_cpu' [Z:/Vega_cpu/src/cpu/riscv_cpu.v:8]
INFO: [Synth 8-6157] synthesizing module 'icache' [Z:/Vega_cpu/src/cpu/core/if_stage/icache.v:6]
WARNING: [Synth 8-6014] Unused sequential element found_reg was removed.  [Z:/Vega_cpu/src/cpu/core/if_stage/icache.v:63]
WARNING: [Synth 8-6014] Unused sequential element match_way_reg was removed.  [Z:/Vega_cpu/src/cpu/core/if_stage/icache.v:64]
WARNING: [Synth 8-7137] Register hit_reg in module icache has both Set and reset with same priority. This may cause simulation mismatches. Consider rewriting code  [Z:/Vega_cpu/src/cpu/core/if_stage/icache.v:60]
WARNING: [Synth 8-7137] Register data_out_reg in module icache has both Set and reset with same priority. This may cause simulation mismatches. Consider rewriting code  [Z:/Vega_cpu/src/cpu/core/if_stage/icache.v:73]
WARNING: [Synth 8-7137] Register instr_window_out_reg in module icache has both Set and reset with same priority. This may cause simulation mismatches. Consider rewriting code  [Z:/Vega_cpu/src/cpu/core/if_stage/icache.v:76]
WARNING: [Synth 8-7137] Register window_valid_reg in module icache has both Set and reset with same priority. This may cause simulation mismatches. Consider rewriting code  [Z:/Vega_cpu/src/cpu/core/if_stage/icache.v:85]
WARNING: [Synth 8-7137] Register mem_req_reg in module icache has both Set and reset with same priority. This may cause simulation mismatches. Consider rewriting code  [Z:/Vega_cpu/src/cpu/core/if_stage/icache.v:90]
WARNING: [Synth 8-7137] Register mem_addr_reg in module icache has both Set and reset with same priority. This may cause simulation mismatches. Consider rewriting code  [Z:/Vega_cpu/src/cpu/core/if_stage/icache.v:91]
WARNING: [Synth 8-7137] Register hit_reg in module icache has both Set and reset with same priority. This may cause simulation mismatches. Consider rewriting code  [Z:/Vega_cpu/src/cpu/core/if_stage/icache.v:60]
WARNING: [Synth 8-7137] Register data_out_reg in module icache has both Set and reset with same priority. This may cause simulation mismatches. Consider rewriting code  [Z:/Vega_cpu/src/cpu/core/if_stage/icache.v:73]
WARNING: [Synth 8-7137] Register instr_window_out_reg in module icache has both Set and reset with same priority. This may cause simulation mismatches. Consider rewriting code  [Z:/Vega_cpu/src/cpu/core/if_stage/icache.v:76]
WARNING: [Synth 8-7137] Register window_valid_reg in module icache has both Set and reset with same priority. This may cause simulation mismatches. Consider rewriting code  [Z:/Vega_cpu/src/cpu/core/if_stage/icache.v:85]
WARNING: [Synth 8-7137] Register mem_req_reg in module icache has both Set and reset with same priority. This may cause simulation mismatches. Consider rewriting code  [Z:/Vega_cpu/src/cpu/core/if_stage/icache.v:90]
WARNING: [Synth 8-7137] Register mem_addr_reg in module icache has both Set and reset with same priority. This may cause simulation mismatches. Consider rewriting code  [Z:/Vega_cpu/src/cpu/core/if_stage/icache.v:91]
INFO: [Synth 8-6155] done synthesizing module 'icache' (6#1) [Z:/Vega_cpu/src/cpu/core/if_stage/icache.v:6]
WARNING: [Synth 8-7071] port 'instr_window_out' of module 'icache' is unconnected for instance 'u_icache' [Z:/Vega_cpu/src/cpu/riscv_cpu.v:82]
WARNING: [Synth 8-7071] port 'window_valid' of module 'icache' is unconnected for instance 'u_icache' [Z:/Vega_cpu/src/cpu/riscv_cpu.v:82]
WARNING: [Synth 8-7023] instance 'u_icache' of module 'icache' has 12 connections declared, but only 10 given [Z:/Vega_cpu/src/cpu/riscv_cpu.v:82]
INFO: [Synth 8-6157] synthesizing module 'if_stage' [Z:/Vega_cpu/src/cpu/core/if_stage/if_stage.v:7]
	Parameter ADDR_WIDTH bound to: 64 - type: integer 
	Parameter DATA_WIDTH bound to: 32 - type: integer 
INFO: [Synth 8-6157] synthesizing module 'btb' [Z:/Vega_cpu/src/cpu/core/if_stage/btb.v:6]
WARNING: [Synth 8-6014] Unused sequential element found_reg was removed.  [Z:/Vega_cpu/src/cpu/core/if_stage/btb.v:55]
WARNING: [Synth 8-6014] Unused sequential element match_way_reg was removed.  [Z:/Vega_cpu/src/cpu/core/if_stage/btb.v:56]
INFO: [Synth 8-6155] done synthesizing module 'btb' (7#1) [Z:/Vega_cpu/src/cpu/core/if_stage/btb.v:6]
INFO: [Synth 8-6157] synthesizing module 'bht' [Z:/Vega_cpu/src/cpu/core/if_stage/bht.v:6]
INFO: [Synth 8-6155] done synthesizing module 'bht' (8#1) [Z:/Vega_cpu/src/cpu/core/if_stage/bht.v:6]
INFO: [Synth 8-6155] done synthesizing module 'if_stage' (9#1) [Z:/Vega_cpu/src/cpu/core/if_stage/if_stage.v:7]
INFO: [Synth 8-6157] synthesizing module 'id_stage' [Z:/Vega_cpu/src/cpu/core/id_stage/id_stage.v:7]
	Parameter DATA_WIDTH bound to: 64 - type: integer 
	Parameter ADDR_WIDTH bound to: 64 - type: integer 
	Parameter REG_ADDR_WIDTH bound to: 5 - type: integer 
INFO: [Synth 8-6157] synthesizing module 'decoder' [Z:/Vega_cpu/src/cpu/core/id_stage/decoder.v:6]
INFO: [Synth 8-226] default block is never used [Z:/Vega_cpu/src/cpu/core/id_stage/decoder.v:119]
INFO: [Synth 8-155] case statement is not full and has no default [Z:/Vega_cpu/src/cpu/core/id_stage/decoder.v:70]
INFO: [Synth 8-6155] done synthesizing module 'decoder' (10#1) [Z:/Vega_cpu/src/cpu/core/id_stage/decoder.v:6]
INFO: [Synth 8-6155] done synthesizing module 'id_stage' (11#1) [Z:/Vega_cpu/src/cpu/core/id_stage/id_stage.v:7]
INFO: [Synth 8-6157] synthesizing module 'register_file' [Z:/Vega_cpu/src/cpu/core/id_stage/register_file.v:7]
	Parameter DATA_WIDTH bound to: 64 - type: integer 
	Parameter REG_COUNT bound to: 32 - type: integer 
	Parameter ADDR_WIDTH bound to: 5 - type: integer 
INFO: [Synth 8-6155] done synthesizing module 'register_file' (12#1) [Z:/Vega_cpu/src/cpu/core/id_stage/register_file.v:7]
INFO: [Synth 8-6157] synthesizing module 'ii_stage' [Z:/Vega_cpu/src/cpu/core/ii_stage/ii_stage.v:6]
	Parameter DATA_WIDTH bound to: 64 - type: integer 
	Parameter ADDR_WIDTH bound to: 64 - type: integer 
INFO: [Synth 8-6155] done synthesizing module 'ii_stage' (13#1) [Z:/Vega_cpu/src/cpu/core/ii_stage/ii_stage.v:6]
WARNING: [Synth 8-689] width (1) of port connection 'predict_target_o' does not match port width (64) of module 'ii_stage' [Z:/Vega_cpu/src/cpu/riscv_cpu.v:317]
INFO: [Synth 8-6157] synthesizing module 'ex_stage' [Z:/Vega_cpu/src/cpu/core/ex_stage/ex_stage.v:6]
	Parameter DATA_WIDTH bound to: 64 - type: integer 
	Parameter ADDR_WIDTH bound to: 64 - type: integer 
INFO: [Synth 8-226] default block is never used [Z:/Vega_cpu/src/cpu/core/ex_stage/ex_stage.v:142]
INFO: [Synth 8-6157] synthesizing module 'alu' [Z:/Vega_cpu/src/cpu/core/ex_stage/alu.v:12]
INFO: [Synth 8-6155] done synthesizing module 'alu' (14#1) [Z:/Vega_cpu/src/cpu/core/ex_stage/alu.v:12]
INFO: [Synth 8-6155] done synthesizing module 'ex_stage' (15#1) [Z:/Vega_cpu/src/cpu/core/ex_stage/ex_stage.v:6]
WARNING: [Synth 8-689] width (1) of port connection 'predict_target_i' does not match port width (64) of module 'ex_stage' [Z:/Vega_cpu/src/cpu/riscv_cpu.v:372]
INFO: [Synth 8-6157] synthesizing module 'mem_stage' [Z:/Vega_cpu/src/cpu/core/mem_stage/mem_stage.v:7]
	Parameter DATA_WIDTH bound to: 64 - type: integer 
	Parameter ADDR_WIDTH bound to: 64 - type: integer 
INFO: [Synth 8-6157] synthesizing module 'dcache' [Z:/Vega_cpu/src/cpu/core/mem_stage/dcache.v:6]
INFO: [Synth 8-155] case statement is not full and has no default [Z:/Vega_cpu/src/cpu/core/mem_stage/dcache.v:67]
WARNING: [Synth 8-6014] Unused sequential element way_valid_reg[0][0] was removed.  [Z:/Vega_cpu/src/cpu/core/mem_stage/dcache.v:110]
WARNING: [Synth 8-6014] Unused sequential element way_valid_reg[0][1] was removed.  [Z:/Vega_cpu/src/cpu/core/mem_stage/dcache.v:110]
WARNING: [Synth 8-6014] Unused sequential element way_valid_reg[0][2] was removed.  [Z:/Vega_cpu/src/cpu/core/mem_stage/dcache.v:110]
WARNING: [Synth 8-6014] Unused sequential element way_valid_reg[0][3] was removed.  [Z:/Vega_cpu/src/cpu/core/mem_stage/dcache.v:110]
WARNING: [Synth 8-6014] Unused sequential element way_valid_reg[0][4] was removed.  [Z:/Vega_cpu/src/cpu/core/mem_stage/dcache.v:110]
WARNING: [Synth 8-6014] Unused sequential element way_valid_reg[0][5] was removed.  [Z:/Vega_cpu/src/cpu/core/mem_stage/dcache.v:110]
WARNING: [Synth 8-6014] Unused sequential element way_valid_reg[0][6] was removed.  [Z:/Vega_cpu/src/cpu/core/mem_stage/dcache.v:110]
WARNING: [Synth 8-6014] Unused sequential element way_valid_reg[0][7] was removed.  [Z:/Vega_cpu/src/cpu/core/mem_stage/dcache.v:110]
WARNING: [Synth 8-6014] Unused sequential element way_valid_reg[0][8] was removed.  [Z:/Vega_cpu/src/cpu/core/mem_stage/dcache.v:110]
WARNING: [Synth 8-6014] Unused sequential element way_valid_reg[0][9] was removed.  [Z:/Vega_cpu/src/cpu/core/mem_stage/dcache.v:110]
WARNING: [Synth 8-6014] Unused sequential element way_valid_reg[0][10] was removed.  [Z:/Vega_cpu/src/cpu/core/mem_stage/dcache.v:110]
WARNING: [Synth 8-6014] Unused sequential element way_valid_reg[0][11] was removed.  [Z:/Vega_cpu/src/cpu/core/mem_stage/dcache.v:110]
WARNING: [Synth 8-6014] Unused sequential element way_valid_reg[0][12] was removed.  [Z:/Vega_cpu/src/cpu/core/mem_stage/dcache.v:110]
WARNING: [Synth 8-6014] Unused sequential element way_valid_reg[0][13] was removed.  [Z:/Vega_cpu/src/cpu/core/mem_stage/dcache.v:110]
WARNING: [Synth 8-6014] Unused sequential element way_valid_reg[0][14] was removed.  [Z:/Vega_cpu/src/cpu/core/mem_stage/dcache.v:110]
WARNING: [Synth 8-6014] Unused sequential element way_valid_reg[0][15] was removed.  [Z:/Vega_cpu/src/cpu/core/mem_stage/dcache.v:110]
WARNING: [Synth 8-6014] Unused sequential element way_valid_reg[0][16] was removed.  [Z:/Vega_cpu/src/cpu/core/mem_stage/dcache.v:110]
WARNING: [Synth 8-6014] Unused sequential element way_valid_reg[0][17] was removed.  [Z:/Vega_cpu/src/cpu/core/mem_stage/dcache.v:110]
WARNING: [Synth 8-6014] Unused sequential element way_valid_reg[0][18] was removed.  [Z:/Vega_cpu/src/cpu/core/mem_stage/dcache.v:110]
WARNING: [Synth 8-6014] Unused sequential element way_valid_reg[0][19] was removed.  [Z:/Vega_cpu/src/cpu/core/mem_stage/dcache.v:110]
WARNING: [Synth 8-6014] Unused sequential element way_valid_reg[0][20] was removed.  [Z:/Vega_cpu/src/cpu/core/mem_stage/dcache.v:110]
WARNING: [Synth 8-6014] Unused sequential element way_valid_reg[0][21] was removed.  [Z:/Vega_cpu/src/cpu/core/mem_stage/dcache.v:110]
WARNING: [Synth 8-6014] Unused sequential element way_valid_reg[0][22] was removed.  [Z:/Vega_cpu/src/cpu/core/mem_stage/dcache.v:110]
WARNING: [Synth 8-6014] Unused sequential element way_valid_reg[0][23] was removed.  [Z:/Vega_cpu/src/cpu/core/mem_stage/dcache.v:110]
WARNING: [Synth 8-6014] Unused sequential element way_valid_reg[0][24] was removed.  [Z:/Vega_cpu/src/cpu/core/mem_stage/dcache.v:110]
WARNING: [Synth 8-6014] Unused sequential element way_valid_reg[0][25] was removed.  [Z:/Vega_cpu/src/cpu/core/mem_stage/dcache.v:110]
WARNING: [Synth 8-6014] Unused sequential element way_valid_reg[0][26] was removed.  [Z:/Vega_cpu/src/cpu/core/mem_stage/dcache.v:110]
WARNING: [Synth 8-6014] Unused sequential element way_valid_reg[0][27] was removed.  [Z:/Vega_cpu/src/cpu/core/mem_stage/dcache.v:110]
WARNING: [Synth 8-6014] Unused sequential element way_valid_reg[0][28] was removed.  [Z:/Vega_cpu/src/cpu/core/mem_stage/dcache.v:110]
WARNING: [Synth 8-6014] Unused sequential element way_valid_reg[0][29] was removed.  [Z:/Vega_cpu/src/cpu/core/mem_stage/dcache.v:110]
WARNING: [Synth 8-6014] Unused sequential element way_valid_reg[0][30] was removed.  [Z:/Vega_cpu/src/cpu/core/mem_stage/dcache.v:110]
WARNING: [Synth 8-6014] Unused sequential element way_valid_reg[0][31] was removed.  [Z:/Vega_cpu/src/cpu/core/mem_stage/dcache.v:110]
WARNING: [Synth 8-6014] Unused sequential element way_valid_reg[0][32] was removed.  [Z:/Vega_cpu/src/cpu/core/mem_stage/dcache.v:110]
WARNING: [Synth 8-6014] Unused sequential element way_valid_reg[0][33] was removed.  [Z:/Vega_cpu/src/cpu/core/mem_stage/dcache.v:110]
WARNING: [Synth 8-6014] Unused sequential element way_valid_reg[0][34] was removed.  [Z:/Vega_cpu/src/cpu/core/mem_stage/dcache.v:110]
WARNING: [Synth 8-6014] Unused sequential element way_valid_reg[0][35] was removed.  [Z:/Vega_cpu/src/cpu/core/mem_stage/dcache.v:110]
WARNING: [Synth 8-6014] Unused sequential element way_valid_reg[0][36] was removed.  [Z:/Vega_cpu/src/cpu/core/mem_stage/dcache.v:110]
WARNING: [Synth 8-6014] Unused sequential element way_valid_reg[0][37] was removed.  [Z:/Vega_cpu/src/cpu/core/mem_stage/dcache.v:110]
WARNING: [Synth 8-6014] Unused sequential element way_valid_reg[0][38] was removed.  [Z:/Vega_cpu/src/cpu/core/mem_stage/dcache.v:110]
WARNING: [Synth 8-6014] Unused sequential element way_valid_reg[0][39] was removed.  [Z:/Vega_cpu/src/cpu/core/mem_stage/dcache.v:110]
WARNING: [Synth 8-6014] Unused sequential element way_valid_reg[0][40] was removed.  [Z:/Vega_cpu/src/cpu/core/mem_stage/dcache.v:110]
WARNING: [Synth 8-6014] Unused sequential element way_valid_reg[0][41] was removed.  [Z:/Vega_cpu/src/cpu/core/mem_stage/dcache.v:110]
WARNING: [Synth 8-6014] Unused sequential element way_valid_reg[0][42] was removed.  [Z:/Vega_cpu/src/cpu/core/mem_stage/dcache.v:110]
WARNING: [Synth 8-6014] Unused sequential element way_valid_reg[0][43] was removed.  [Z:/Vega_cpu/src/cpu/core/mem_stage/dcache.v:110]
WARNING: [Synth 8-6014] Unused sequential element way_valid_reg[0][44] was removed.  [Z:/Vega_cpu/src/cpu/core/mem_stage/dcache.v:110]
WARNING: [Synth 8-6014] Unused sequential element way_valid_reg[0][45] was removed.  [Z:/Vega_cpu/src/cpu/core/mem_stage/dcache.v:110]
WARNING: [Synth 8-6014] Unused sequential element way_valid_reg[0][46] was removed.  [Z:/Vega_cpu/src/cpu/core/mem_stage/dcache.v:110]
WARNING: [Synth 8-6014] Unused sequential element way_valid_reg[0][47] was removed.  [Z:/Vega_cpu/src/cpu/core/mem_stage/dcache.v:110]
WARNING: [Synth 8-6014] Unused sequential element way_valid_reg[0][48] was removed.  [Z:/Vega_cpu/src/cpu/core/mem_stage/dcache.v:110]
WARNING: [Synth 8-6014] Unused sequential element way_valid_reg[0][49] was removed.  [Z:/Vega_cpu/src/cpu/core/mem_stage/dcache.v:110]
WARNING: [Synth 8-6014] Unused sequential element way_valid_reg[0][50] was removed.  [Z:/Vega_cpu/src/cpu/core/mem_stage/dcache.v:110]
WARNING: [Synth 8-6014] Unused sequential element way_valid_reg[0][51] was removed.  [Z:/Vega_cpu/src/cpu/core/mem_stage/dcache.v:110]
WARNING: [Synth 8-6014] Unused sequential element way_valid_reg[0][52] was removed.  [Z:/Vega_cpu/src/cpu/core/mem_stage/dcache.v:110]
WARNING: [Synth 8-6014] Unused sequential element way_valid_reg[0][53] was removed.  [Z:/Vega_cpu/src/cpu/core/mem_stage/dcache.v:110]
WARNING: [Synth 8-6014] Unused sequential element way_valid_reg[0][54] was removed.  [Z:/Vega_cpu/src/cpu/core/mem_stage/dcache.v:110]
WARNING: [Synth 8-6014] Unused sequential element way_valid_reg[0][55] was removed.  [Z:/Vega_cpu/src/cpu/core/mem_stage/dcache.v:110]
WARNING: [Synth 8-6014] Unused sequential element way_valid_reg[0][56] was removed.  [Z:/Vega_cpu/src/cpu/core/mem_stage/dcache.v:110]
WARNING: [Synth 8-6014] Unused sequential element way_valid_reg[0][57] was removed.  [Z:/Vega_cpu/src/cpu/core/mem_stage/dcache.v:110]
WARNING: [Synth 8-6014] Unused sequential element way_valid_reg[0][58] was removed.  [Z:/Vega_cpu/src/cpu/core/mem_stage/dcache.v:110]
WARNING: [Synth 8-6014] Unused sequential element way_valid_reg[0][59] was removed.  [Z:/Vega_cpu/src/cpu/core/mem_stage/dcache.v:110]
WARNING: [Synth 8-6014] Unused sequential element way_valid_reg[0][60] was removed.  [Z:/Vega_cpu/src/cpu/core/mem_stage/dcache.v:110]
WARNING: [Synth 8-6014] Unused sequential element way_valid_reg[0][61] was removed.  [Z:/Vega_cpu/src/cpu/core/mem_stage/dcache.v:110]
WARNING: [Synth 8-6014] Unused sequential element way_valid_reg[0][62] was removed.  [Z:/Vega_cpu/src/cpu/core/mem_stage/dcache.v:110]
WARNING: [Synth 8-6014] Unused sequential element way_valid_reg[0][63] was removed.  [Z:/Vega_cpu/src/cpu/core/mem_stage/dcache.v:110]
WARNING: [Synth 8-6014] Unused sequential element way_valid_reg[1][0] was removed.  [Z:/Vega_cpu/src/cpu/core/mem_stage/dcache.v:110]
WARNING: [Synth 8-6014] Unused sequential element way_valid_reg[1][1] was removed.  [Z:/Vega_cpu/src/cpu/core/mem_stage/dcache.v:110]
WARNING: [Synth 8-6014] Unused sequential element way_valid_reg[1][2] was removed.  [Z:/Vega_cpu/src/cpu/core/mem_stage/dcache.v:110]
WARNING: [Synth 8-6014] Unused sequential element way_valid_reg[1][3] was removed.  [Z:/Vega_cpu/src/cpu/core/mem_stage/dcache.v:110]
WARNING: [Synth 8-6014] Unused sequential element way_valid_reg[1][4] was removed.  [Z:/Vega_cpu/src/cpu/core/mem_stage/dcache.v:110]
WARNING: [Synth 8-6014] Unused sequential element way_valid_reg[1][5] was removed.  [Z:/Vega_cpu/src/cpu/core/mem_stage/dcache.v:110]
WARNING: [Synth 8-6014] Unused sequential element way_valid_reg[1][6] was removed.  [Z:/Vega_cpu/src/cpu/core/mem_stage/dcache.v:110]
WARNING: [Synth 8-6014] Unused sequential element way_valid_reg[1][7] was removed.  [Z:/Vega_cpu/src/cpu/core/mem_stage/dcache.v:110]
WARNING: [Synth 8-6014] Unused sequential element way_valid_reg[1][8] was removed.  [Z:/Vega_cpu/src/cpu/core/mem_stage/dcache.v:110]
WARNING: [Synth 8-6014] Unused sequential element way_valid_reg[1][9] was removed.  [Z:/Vega_cpu/src/cpu/core/mem_stage/dcache.v:110]
WARNING: [Synth 8-6014] Unused sequential element way_valid_reg[1][10] was removed.  [Z:/Vega_cpu/src/cpu/core/mem_stage/dcache.v:110]
WARNING: [Synth 8-6014] Unused sequential element way_valid_reg[1][11] was removed.  [Z:/Vega_cpu/src/cpu/core/mem_stage/dcache.v:110]
WARNING: [Synth 8-6014] Unused sequential element way_valid_reg[1][12] was removed.  [Z:/Vega_cpu/src/cpu/core/mem_stage/dcache.v:110]
WARNING: [Synth 8-6014] Unused sequential element way_valid_reg[1][13] was removed.  [Z:/Vega_cpu/src/cpu/core/mem_stage/dcache.v:110]
WARNING: [Synth 8-6014] Unused sequential element way_valid_reg[1][14] was removed.  [Z:/Vega_cpu/src/cpu/core/mem_stage/dcache.v:110]
WARNING: [Synth 8-6014] Unused sequential element way_valid_reg[1][15] was removed.  [Z:/Vega_cpu/src/cpu/core/mem_stage/dcache.v:110]
WARNING: [Synth 8-6014] Unused sequential element way_valid_reg[1][16] was removed.  [Z:/Vega_cpu/src/cpu/core/mem_stage/dcache.v:110]
WARNING: [Synth 8-6014] Unused sequential element way_valid_reg[1][17] was removed.  [Z:/Vega_cpu/src/cpu/core/mem_stage/dcache.v:110]
WARNING: [Synth 8-6014] Unused sequential element way_valid_reg[1][18] was removed.  [Z:/Vega_cpu/src/cpu/core/mem_stage/dcache.v:110]
WARNING: [Synth 8-6014] Unused sequential element way_valid_reg[1][19] was removed.  [Z:/Vega_cpu/src/cpu/core/mem_stage/dcache.v:110]
WARNING: [Synth 8-6014] Unused sequential element way_valid_reg[1][20] was removed.  [Z:/Vega_cpu/src/cpu/core/mem_stage/dcache.v:110]
WARNING: [Synth 8-6014] Unused sequential element way_valid_reg[1][21] was removed.  [Z:/Vega_cpu/src/cpu/core/mem_stage/dcache.v:110]
WARNING: [Synth 8-6014] Unused sequential element way_valid_reg[1][22] was removed.  [Z:/Vega_cpu/src/cpu/core/mem_stage/dcache.v:110]
WARNING: [Synth 8-6014] Unused sequential element way_valid_reg[1][23] was removed.  [Z:/Vega_cpu/src/cpu/core/mem_stage/dcache.v:110]
WARNING: [Synth 8-6014] Unused sequential element way_valid_reg[1][24] was removed.  [Z:/Vega_cpu/src/cpu/core/mem_stage/dcache.v:110]
WARNING: [Synth 8-6014] Unused sequential element way_valid_reg[1][25] was removed.  [Z:/Vega_cpu/src/cpu/core/mem_stage/dcache.v:110]
WARNING: [Synth 8-6014] Unused sequential element way_valid_reg[1][26] was removed.  [Z:/Vega_cpu/src/cpu/core/mem_stage/dcache.v:110]
WARNING: [Synth 8-6014] Unused sequential element way_valid_reg[1][27] was removed.  [Z:/Vega_cpu/src/cpu/core/mem_stage/dcache.v:110]
WARNING: [Synth 8-6014] Unused sequential element way_valid_reg[1][28] was removed.  [Z:/Vega_cpu/src/cpu/core/mem_stage/dcache.v:110]
WARNING: [Synth 8-6014] Unused sequential element way_valid_reg[1][29] was removed.  [Z:/Vega_cpu/src/cpu/core/mem_stage/dcache.v:110]
WARNING: [Synth 8-6014] Unused sequential element way_valid_reg[1][30] was removed.  [Z:/Vega_cpu/src/cpu/core/mem_stage/dcache.v:110]
WARNING: [Synth 8-6014] Unused sequential element way_valid_reg[1][31] was removed.  [Z:/Vega_cpu/src/cpu/core/mem_stage/dcache.v:110]
INFO: [Common 17-14] Message 'Synth 8-6014' appears 100 times and further instances of the messages will be disabled. Use the Tcl command set_msg_config to change the current settings.
WARNING: [Synth 8-7137] Register way_dirty_reg[0][0] in module dcache has both Set and reset with same priority. This may cause simulation mismatches. Consider rewriting code  [Z:/Vega_cpu/src/cpu/core/mem_stage/dcache.v:82]
WARNING: [Synth 8-7137] Register way_dirty_reg[0][1] in module dcache has both Set and reset with same priority. This may cause simulation mismatches. Consider rewriting code  [Z:/Vega_cpu/src/cpu/core/mem_stage/dcache.v:82]
WARNING: [Synth 8-7137] Register way_dirty_reg[0][2] in module dcache has both Set and reset with same priority. This may cause simulation mismatches. Consider rewriting code  [Z:/Vega_cpu/src/cpu/core/mem_stage/dcache.v:82]
WARNING: [Synth 8-7137] Register way_dirty_reg[0][3] in module dcache has both Set and reset with same priority. This may cause simulation mismatches. Consider rewriting code  [Z:/Vega_cpu/src/cpu/core/mem_stage/dcache.v:82]
WARNING: [Synth 8-7137] Register way_dirty_reg[0][4] in module dcache has both Set and reset with same priority. This may cause simulation mismatches. Consider rewriting code  [Z:/Vega_cpu/src/cpu/core/mem_stage/dcache.v:82]
WARNING: [Synth 8-7137] Register way_dirty_reg[0][5] in module dcache has both Set and reset with same priority. This may cause simulation mismatches. Consider rewriting code  [Z:/Vega_cpu/src/cpu/core/mem_stage/dcache.v:82]
WARNING: [Synth 8-7137] Register way_dirty_reg[0][6] in module dcache has both Set and reset with same priority. This may cause simulation mismatches. Consider rewriting code  [Z:/Vega_cpu/src/cpu/core/mem_stage/dcache.v:82]
WARNING: [Synth 8-7137] Register way_dirty_reg[0][7] in module dcache has both Set and reset with same priority. This may cause simulation mismatches. Consider rewriting code  [Z:/Vega_cpu/src/cpu/core/mem_stage/dcache.v:82]
WARNING: [Synth 8-7137] Register way_dirty_reg[0][8] in module dcache has both Set and reset with same priority. This may cause simulation mismatches. Consider rewriting code  [Z:/Vega_cpu/src/cpu/core/mem_stage/dcache.v:82]
WARNING: [Synth 8-7137] Register way_dirty_reg[0][9] in module dcache has both Set and reset with same priority. This may cause simulation mismatches. Consider rewriting code  [Z:/Vega_cpu/src/cpu/core/mem_stage/dcache.v:82]
WARNING: [Synth 8-7137] Register way_dirty_reg[0][10] in module dcache has both Set and reset with same priority. This may cause simulation mismatches. Consider rewriting code  [Z:/Vega_cpu/src/cpu/core/mem_stage/dcache.v:82]
WARNING: [Synth 8-7137] Register way_dirty_reg[0][11] in module dcache has both Set and reset with same priority. This may cause simulation mismatches. Consider rewriting code  [Z:/Vega_cpu/src/cpu/core/mem_stage/dcache.v:82]
WARNING: [Synth 8-7137] Register way_dirty_reg[0][12] in module dcache has both Set and reset with same priority. This may cause simulation mismatches. Consider rewriting code  [Z:/Vega_cpu/src/cpu/core/mem_stage/dcache.v:82]
WARNING: [Synth 8-7137] Register way_dirty_reg[0][13] in module dcache has both Set and reset with same priority. This may cause simulation mismatches. Consider rewriting code  [Z:/Vega_cpu/src/cpu/core/mem_stage/dcache.v:82]
WARNING: [Synth 8-7137] Register way_dirty_reg[0][14] in module dcache has both Set and reset with same priority. This may cause simulation mismatches. Consider rewriting code  [Z:/Vega_cpu/src/cpu/core/mem_stage/dcache.v:82]
WARNING: [Synth 8-7137] Register way_dirty_reg[0][15] in module dcache has both Set and reset with same priority. This may cause simulation mismatches. Consider rewriting code  [Z:/Vega_cpu/src/cpu/core/mem_stage/dcache.v:82]
WARNING: [Synth 8-7137] Register way_dirty_reg[0][16] in module dcache has both Set and reset with same priority. This may cause simulation mismatches. Consider rewriting code  [Z:/Vega_cpu/src/cpu/core/mem_stage/dcache.v:82]
WARNING: [Synth 8-7137] Register way_dirty_reg[0][17] in module dcache has both Set and reset with same priority. This may cause simulation mismatches. Consider rewriting code  [Z:/Vega_cpu/src/cpu/core/mem_stage/dcache.v:82]
WARNING: [Synth 8-7137] Register way_dirty_reg[0][18] in module dcache has both Set and reset with same priority. This may cause simulation mismatches. Consider rewriting code  [Z:/Vega_cpu/src/cpu/core/mem_stage/dcache.v:82]
WARNING: [Synth 8-7137] Register way_dirty_reg[0][19] in module dcache has both Set and reset with same priority. This may cause simulation mismatches. Consider rewriting code  [Z:/Vega_cpu/src/cpu/core/mem_stage/dcache.v:82]
WARNING: [Synth 8-7137] Register way_dirty_reg[0][20] in module dcache has both Set and reset with same priority. This may cause simulation mismatches. Consider rewriting code  [Z:/Vega_cpu/src/cpu/core/mem_stage/dcache.v:82]
WARNING: [Synth 8-7137] Register way_dirty_reg[0][21] in module dcache has both Set and reset with same priority. This may cause simulation mismatches. Consider rewriting code  [Z:/Vega_cpu/src/cpu/core/mem_stage/dcache.v:82]
WARNING: [Synth 8-7137] Register way_dirty_reg[0][22] in module dcache has both Set and reset with same priority. This may cause simulation mismatches. Consider rewriting code  [Z:/Vega_cpu/src/cpu/core/mem_stage/dcache.v:82]
WARNING: [Synth 8-7137] Register way_dirty_reg[0][23] in module dcache has both Set and reset with same priority. This may cause simulation mismatches. Consider rewriting code  [Z:/Vega_cpu/src/cpu/core/mem_stage/dcache.v:82]
WARNING: [Synth 8-7137] Register way_dirty_reg[0][24] in module dcache has both Set and reset with same priority. This may cause simulation mismatches. Consider rewriting code  [Z:/Vega_cpu/src/cpu/core/mem_stage/dcache.v:82]
WARNING: [Synth 8-7137] Register way_dirty_reg[0][25] in module dcache has both Set and reset with same priority. This may cause simulation mismatches. Consider rewriting code  [Z:/Vega_cpu/src/cpu/core/mem_stage/dcache.v:82]
WARNING: [Synth 8-7137] Register way_dirty_reg[0][26] in module dcache has both Set and reset with same priority. This may cause simulation mismatches. Consider rewriting code  [Z:/Vega_cpu/src/cpu/core/mem_stage/dcache.v:82]
WARNING: [Synth 8-7137] Register way_dirty_reg[0][27] in module dcache has both Set and reset with same priority. This may cause simulation mismatches. Consider rewriting code  [Z:/Vega_cpu/src/cpu/core/mem_stage/dcache.v:82]
WARNING: [Synth 8-7137] Register way_dirty_reg[0][28] in module dcache has both Set and reset with same priority. This may cause simulation mismatches. Consider rewriting code  [Z:/Vega_cpu/src/cpu/core/mem_stage/dcache.v:82]
WARNING: [Synth 8-7137] Register way_dirty_reg[0][29] in module dcache has both Set and reset with same priority. This may cause simulation mismatches. Consider rewriting code  [Z:/Vega_cpu/src/cpu/core/mem_stage/dcache.v:82]
WARNING: [Synth 8-7137] Register way_dirty_reg[0][30] in module dcache has both Set and reset with same priority. This may cause simulation mismatches. Consider rewriting code  [Z:/Vega_cpu/src/cpu/core/mem_stage/dcache.v:82]
WARNING: [Synth 8-7137] Register way_dirty_reg[0][31] in module dcache has both Set and reset with same priority. This may cause simulation mismatches. Consider rewriting code  [Z:/Vega_cpu/src/cpu/core/mem_stage/dcache.v:82]
WARNING: [Synth 8-7137] Register way_dirty_reg[0][32] in module dcache has both Set and reset with same priority. This may cause simulation mismatches. Consider rewriting code  [Z:/Vega_cpu/src/cpu/core/mem_stage/dcache.v:82]
WARNING: [Synth 8-7137] Register way_dirty_reg[0][33] in module dcache has both Set and reset with same priority. This may cause simulation mismatches. Consider rewriting code  [Z:/Vega_cpu/src/cpu/core/mem_stage/dcache.v:82]
WARNING: [Synth 8-7137] Register way_dirty_reg[0][34] in module dcache has both Set and reset with same priority. This may cause simulation mismatches. Consider rewriting code  [Z:/Vega_cpu/src/cpu/core/mem_stage/dcache.v:82]
WARNING: [Synth 8-7137] Register way_dirty_reg[0][35] in module dcache has both Set and reset with same priority. This may cause simulation mismatches. Consider rewriting code  [Z:/Vega_cpu/src/cpu/core/mem_stage/dcache.v:82]
WARNING: [Synth 8-7137] Register way_dirty_reg[0][36] in module dcache has both Set and reset with same priority. This may cause simulation mismatches. Consider rewriting code  [Z:/Vega_cpu/src/cpu/core/mem_stage/dcache.v:82]
WARNING: [Synth 8-7137] Register way_dirty_reg[0][37] in module dcache has both Set and reset with same priority. This may cause simulation mismatches. Consider rewriting code  [Z:/Vega_cpu/src/cpu/core/mem_stage/dcache.v:82]
WARNING: [Synth 8-7137] Register way_dirty_reg[0][38] in module dcache has both Set and reset with same priority. This may cause simulation mismatches. Consider rewriting code  [Z:/Vega_cpu/src/cpu/core/mem_stage/dcache.v:82]
WARNING: [Synth 8-7137] Register way_dirty_reg[0][39] in module dcache has both Set and reset with same priority. This may cause simulation mismatches. Consider rewriting code  [Z:/Vega_cpu/src/cpu/core/mem_stage/dcache.v:82]
WARNING: [Synth 8-7137] Register way_dirty_reg[0][40] in module dcache has both Set and reset with same priority. This may cause simulation mismatches. Consider rewriting code  [Z:/Vega_cpu/src/cpu/core/mem_stage/dcache.v:82]
WARNING: [Synth 8-7137] Register way_dirty_reg[0][41] in module dcache has both Set and reset with same priority. This may cause simulation mismatches. Consider rewriting code  [Z:/Vega_cpu/src/cpu/core/mem_stage/dcache.v:82]
WARNING: [Synth 8-7137] Register way_dirty_reg[0][42] in module dcache has both Set and reset with same priority. This may cause simulation mismatches. Consider rewriting code  [Z:/Vega_cpu/src/cpu/core/mem_stage/dcache.v:82]
WARNING: [Synth 8-7137] Register way_dirty_reg[0][43] in module dcache has both Set and reset with same priority. This may cause simulation mismatches. Consider rewriting code  [Z:/Vega_cpu/src/cpu/core/mem_stage/dcache.v:82]
WARNING: [Synth 8-7137] Register way_dirty_reg[0][44] in module dcache has both Set and reset with same priority. This may cause simulation mismatches. Consider rewriting code  [Z:/Vega_cpu/src/cpu/core/mem_stage/dcache.v:82]
WARNING: [Synth 8-7137] Register way_dirty_reg[0][45] in module dcache has both Set and reset with same priority. This may cause simulation mismatches. Consider rewriting code  [Z:/Vega_cpu/src/cpu/core/mem_stage/dcache.v:82]
WARNING: [Synth 8-7137] Register way_dirty_reg[0][46] in module dcache has both Set and reset with same priority. This may cause simulation mismatches. Consider rewriting code  [Z:/Vega_cpu/src/cpu/core/mem_stage/dcache.v:82]
WARNING: [Synth 8-7137] Register way_dirty_reg[0][47] in module dcache has both Set and reset with same priority. This may cause simulation mismatches. Consider rewriting code  [Z:/Vega_cpu/src/cpu/core/mem_stage/dcache.v:82]
WARNING: [Synth 8-7137] Register way_dirty_reg[0][48] in module dcache has both Set and reset with same priority. This may cause simulation mismatches. Consider rewriting code  [Z:/Vega_cpu/src/cpu/core/mem_stage/dcache.v:82]
WARNING: [Synth 8-7137] Register way_dirty_reg[0][49] in module dcache has both Set and reset with same priority. This may cause simulation mismatches. Consider rewriting code  [Z:/Vega_cpu/src/cpu/core/mem_stage/dcache.v:82]
WARNING: [Synth 8-7137] Register way_dirty_reg[0][50] in module dcache has both Set and reset with same priority. This may cause simulation mismatches. Consider rewriting code  [Z:/Vega_cpu/src/cpu/core/mem_stage/dcache.v:82]
WARNING: [Synth 8-7137] Register way_dirty_reg[0][51] in module dcache has both Set and reset with same priority. This may cause simulation mismatches. Consider rewriting code  [Z:/Vega_cpu/src/cpu/core/mem_stage/dcache.v:82]
WARNING: [Synth 8-7137] Register way_dirty_reg[0][52] in module dcache has both Set and reset with same priority. This may cause simulation mismatches. Consider rewriting code  [Z:/Vega_cpu/src/cpu/core/mem_stage/dcache.v:82]
WARNING: [Synth 8-7137] Register way_dirty_reg[0][53] in module dcache has both Set and reset with same priority. This may cause simulation mismatches. Consider rewriting code  [Z:/Vega_cpu/src/cpu/core/mem_stage/dcache.v:82]
WARNING: [Synth 8-7137] Register way_dirty_reg[0][54] in module dcache has both Set and reset with same priority. This may cause simulation mismatches. Consider rewriting code  [Z:/Vega_cpu/src/cpu/core/mem_stage/dcache.v:82]
WARNING: [Synth 8-7137] Register way_dirty_reg[0][55] in module dcache has both Set and reset with same priority. This may cause simulation mismatches. Consider rewriting code  [Z:/Vega_cpu/src/cpu/core/mem_stage/dcache.v:82]
WARNING: [Synth 8-7137] Register way_dirty_reg[0][56] in module dcache has both Set and reset with same priority. This may cause simulation mismatches. Consider rewriting code  [Z:/Vega_cpu/src/cpu/core/mem_stage/dcache.v:82]
WARNING: [Synth 8-7137] Register way_dirty_reg[0][57] in module dcache has both Set and reset with same priority. This may cause simulation mismatches. Consider rewriting code  [Z:/Vega_cpu/src/cpu/core/mem_stage/dcache.v:82]
WARNING: [Synth 8-7137] Register way_dirty_reg[0][58] in module dcache has both Set and reset with same priority. This may cause simulation mismatches. Consider rewriting code  [Z:/Vega_cpu/src/cpu/core/mem_stage/dcache.v:82]
WARNING: [Synth 8-7137] Register way_dirty_reg[0][59] in module dcache has both Set and reset with same priority. This may cause simulation mismatches. Consider rewriting code  [Z:/Vega_cpu/src/cpu/core/mem_stage/dcache.v:82]
WARNING: [Synth 8-7137] Register way_dirty_reg[0][60] in module dcache has both Set and reset with same priority. This may cause simulation mismatches. Consider rewriting code  [Z:/Vega_cpu/src/cpu/core/mem_stage/dcache.v:82]
WARNING: [Synth 8-7137] Register way_dirty_reg[0][61] in module dcache has both Set and reset with same priority. This may cause simulation mismatches. Consider rewriting code  [Z:/Vega_cpu/src/cpu/core/mem_stage/dcache.v:82]
WARNING: [Synth 8-7137] Register way_dirty_reg[0][62] in module dcache has both Set and reset with same priority. This may cause simulation mismatches. Consider rewriting code  [Z:/Vega_cpu/src/cpu/core/mem_stage/dcache.v:82]
WARNING: [Synth 8-7137] Register way_dirty_reg[0][63] in module dcache has both Set and reset with same priority. This may cause simulation mismatches. Consider rewriting code  [Z:/Vega_cpu/src/cpu/core/mem_stage/dcache.v:82]
WARNING: [Synth 8-7137] Register way_dirty_reg[1][0] in module dcache has both Set and reset with same priority. This may cause simulation mismatches. Consider rewriting code  [Z:/Vega_cpu/src/cpu/core/mem_stage/dcache.v:82]
WARNING: [Synth 8-7137] Register way_dirty_reg[1][1] in module dcache has both Set and reset with same priority. This may cause simulation mismatches. Consider rewriting code  [Z:/Vega_cpu/src/cpu/core/mem_stage/dcache.v:82]
WARNING: [Synth 8-7137] Register way_dirty_reg[1][2] in module dcache has both Set and reset with same priority. This may cause simulation mismatches. Consider rewriting code  [Z:/Vega_cpu/src/cpu/core/mem_stage/dcache.v:82]
WARNING: [Synth 8-7137] Register way_dirty_reg[1][3] in module dcache has both Set and reset with same priority. This may cause simulation mismatches. Consider rewriting code  [Z:/Vega_cpu/src/cpu/core/mem_stage/dcache.v:82]
WARNING: [Synth 8-7137] Register way_dirty_reg[1][4] in module dcache has both Set and reset with same priority. This may cause simulation mismatches. Consider rewriting code  [Z:/Vega_cpu/src/cpu/core/mem_stage/dcache.v:82]
WARNING: [Synth 8-7137] Register way_dirty_reg[1][5] in module dcache has both Set and reset with same priority. This may cause simulation mismatches. Consider rewriting code  [Z:/Vega_cpu/src/cpu/core/mem_stage/dcache.v:82]
WARNING: [Synth 8-7137] Register way_dirty_reg[1][6] in module dcache has both Set and reset with same priority. This may cause simulation mismatches. Consider rewriting code  [Z:/Vega_cpu/src/cpu/core/mem_stage/dcache.v:82]
WARNING: [Synth 8-7137] Register way_dirty_reg[1][7] in module dcache has both Set and reset with same priority. This may cause simulation mismatches. Consider rewriting code  [Z:/Vega_cpu/src/cpu/core/mem_stage/dcache.v:82]
WARNING: [Synth 8-7137] Register way_dirty_reg[1][8] in module dcache has both Set and reset with same priority. This may cause simulation mismatches. Consider rewriting code  [Z:/Vega_cpu/src/cpu/core/mem_stage/dcache.v:82]
WARNING: [Synth 8-7137] Register way_dirty_reg[1][9] in module dcache has both Set and reset with same priority. This may cause simulation mismatches. Consider rewriting code  [Z:/Vega_cpu/src/cpu/core/mem_stage/dcache.v:82]
WARNING: [Synth 8-7137] Register way_dirty_reg[1][10] in module dcache has both Set and reset with same priority. This may cause simulation mismatches. Consider rewriting code  [Z:/Vega_cpu/src/cpu/core/mem_stage/dcache.v:82]
WARNING: [Synth 8-7137] Register way_dirty_reg[1][11] in module dcache has both Set and reset with same priority. This may cause simulation mismatches. Consider rewriting code  [Z:/Vega_cpu/src/cpu/core/mem_stage/dcache.v:82]
WARNING: [Synth 8-7137] Register way_dirty_reg[1][12] in module dcache has both Set and reset with same priority. This may cause simulation mismatches. Consider rewriting code  [Z:/Vega_cpu/src/cpu/core/mem_stage/dcache.v:82]
WARNING: [Synth 8-7137] Register way_dirty_reg[1][13] in module dcache has both Set and reset with same priority. This may cause simulation mismatches. Consider rewriting code  [Z:/Vega_cpu/src/cpu/core/mem_stage/dcache.v:82]
WARNING: [Synth 8-7137] Register way_dirty_reg[1][14] in module dcache has both Set and reset with same priority. This may cause simulation mismatches. Consider rewriting code  [Z:/Vega_cpu/src/cpu/core/mem_stage/dcache.v:82]
WARNING: [Synth 8-7137] Register way_dirty_reg[1][15] in module dcache has both Set and reset with same priority. This may cause simulation mismatches. Consider rewriting code  [Z:/Vega_cpu/src/cpu/core/mem_stage/dcache.v:82]
WARNING: [Synth 8-7137] Register way_dirty_reg[1][16] in module dcache has both Set and reset with same priority. This may cause simulation mismatches. Consider rewriting code  [Z:/Vega_cpu/src/cpu/core/mem_stage/dcache.v:82]
WARNING: [Synth 8-7137] Register way_dirty_reg[1][17] in module dcache has both Set and reset with same priority. This may cause simulation mismatches. Consider rewriting code  [Z:/Vega_cpu/src/cpu/core/mem_stage/dcache.v:82]
WARNING: [Synth 8-7137] Register way_dirty_reg[1][18] in module dcache has both Set and reset with same priority. This may cause simulation mismatches. Consider rewriting code  [Z:/Vega_cpu/src/cpu/core/mem_stage/dcache.v:82]
WARNING: [Synth 8-7137] Register way_dirty_reg[1][19] in module dcache has both Set and reset with same priority. This may cause simulation mismatches. Consider rewriting code  [Z:/Vega_cpu/src/cpu/core/mem_stage/dcache.v:82]
INFO: [Common 17-14] Message 'Synth 8-7137' appears 100 times and further instances of the messages will be disabled. Use the Tcl command set_msg_config to change the current settings.
WARNING: [Synth 8-3848] Net data_out in module/entity dcache does not have driver. [Z:/Vega_cpu/src/cpu/core/mem_stage/dcache.v:17]
WARNING: [Synth 8-3848] Net hit in module/entity dcache does not have driver. [Z:/Vega_cpu/src/cpu/core/mem_stage/dcache.v:18]
WARNING: [Synth 8-3848] Net found in module/entity dcache does not have driver. [Z:/Vega_cpu/src/cpu/core/mem_stage/dcache.v:58]
WARNING: [Synth 8-3848] Net match_way in module/entity dcache does not have driver. [Z:/Vega_cpu/src/cpu/core/mem_stage/dcache.v:59]
WARNING: [Synth 8-3848] Net mem_wdata in module/entity dcache does not have driver. [Z:/Vega_cpu/src/cpu/core/mem_stage/dcache.v:21]
WARNING: [Synth 8-3848] Net mem_we in module/entity dcache does not have driver. [Z:/Vega_cpu/src/cpu/core/mem_stage/dcache.v:24]
INFO: [Synth 8-6155] done synthesizing module 'dcache' (16#1) [Z:/Vega_cpu/src/cpu/core/mem_stage/dcache.v:6]
WARNING: [Synth 8-6104] Input port 'dcache_data_out' has an internal driver [Z:/Vega_cpu/src/cpu/core/mem_stage/mem_stage.v:110]
WARNING: [Synth 8-6104] Input port 'dcache_hit' has an internal driver [Z:/Vega_cpu/src/cpu/core/mem_stage/mem_stage.v:111]
WARNING: [Synth 8-6104] Input port 'dcache_refill_done' has an internal driver [Z:/Vega_cpu/src/cpu/core/mem_stage/mem_stage.v:112]
WARNING: [Synth 8-6104] Input port 'dcache_writeback_req' has an internal driver [Z:/Vega_cpu/src/cpu/core/mem_stage/mem_stage.v:113]
WARNING: [Synth 8-6104] Input port 'dcache_writeback_addr' has an internal driver [Z:/Vega_cpu/src/cpu/core/mem_stage/mem_stage.v:114]
WARNING: [Synth 8-6104] Input port 'dcache_writeback_data' has an internal driver [Z:/Vega_cpu/src/cpu/core/mem_stage/mem_stage.v:115]
WARNING: [Synth 8-6104] Input port 'dcache_cache_stall' has an internal driver [Z:/Vega_cpu/src/cpu/core/mem_stage/mem_stage.v:116]
WARNING: [Synth 8-6104] Input port 'dcache_mem_req' has an internal driver [Z:/Vega_cpu/src/cpu/core/mem_stage/mem_stage.v:120]
WARNING: [Synth 8-6104] Input port 'dcache_mem_we' has an internal driver [Z:/Vega_cpu/src/cpu/core/mem_stage/mem_stage.v:121]
WARNING: [Synth 8-3848] Net dcache_mem_ready in module/entity mem_stage does not have driver. [Z:/Vega_cpu/src/cpu/core/mem_stage/mem_stage.v:67]
INFO: [Synth 8-6155] done synthesizing module 'mem_stage' (17#1) [Z:/Vega_cpu/src/cpu/core/mem_stage/mem_stage.v:7]
INFO: [Synth 8-6157] synthesizing module 'hazard_unit' [Z:/Vega_cpu/src/cpu/core/hazard_unit.v:6]
INFO: [Synth 8-6155] done synthesizing module 'hazard_unit' (18#1) [Z:/Vega_cpu/src/cpu/core/hazard_unit.v:6]
WARNING: [Synth 8-3848] Net dcache_writeback_addr in module/entity riscv_cpu does not have driver. [Z:/Vega_cpu/src/cpu/riscv_cpu.v:107]
WARNING: [Synth 8-3848] Net dcache_writeback_req in module/entity riscv_cpu does not have driver. [Z:/Vega_cpu/src/cpu/riscv_cpu.v:106]
WARNING: [Synth 8-3848] Net dcache_writeback_data in module/entity riscv_cpu does not have driver. [Z:/Vega_cpu/src/cpu/riscv_cpu.v:108]
WARNING: [Synth 8-3848] Net dcache_mem_req in module/entity riscv_cpu does not have driver. [Z:/Vega_cpu/src/cpu/riscv_cpu.v:113]
WARNING: [Synth 8-3848] Net dcache_mem_we in module/entity riscv_cpu does not have driver. [Z:/Vega_cpu/src/cpu/riscv_cpu.v:114]
WARNING: [Synth 8-3848] Net dcache_data_out in module/entity riscv_cpu does not have driver. [Z:/Vega_cpu/src/cpu/riscv_cpu.v:103]
WARNING: [Synth 8-3848] Net dcache_hit in module/entity riscv_cpu does not have driver. [Z:/Vega_cpu/src/cpu/riscv_cpu.v:104]
WARNING: [Synth 8-3848] Net dcache_refill_done in module/entity riscv_cpu does not have driver. [Z:/Vega_cpu/src/cpu/riscv_cpu.v:105]
WARNING: [Synth 8-3848] Net dcache_cache_stall in module/entity riscv_cpu does not have driver. [Z:/Vega_cpu/src/cpu/riscv_cpu.v:109]
WARNING: [Synth 8-3848] Net icache_addr in module/entity riscv_cpu does not have driver. [Z:/Vega_cpu/src/cpu/riscv_cpu.v:69]
WARNING: [Synth 8-3848] Net icache_req in module/entity riscv_cpu does not have driver. [Z:/Vega_cpu/src/cpu/riscv_cpu.v:70]
WARNING: [Synth 8-3848] Net icache_mem_data in module/entity riscv_cpu does not have driver. [Z:/Vega_cpu/src/cpu/riscv_cpu.v:74]
WARNING: [Synth 8-3848] Net icache_mem_ready in module/entity riscv_cpu does not have driver. [Z:/Vega_cpu/src/cpu/riscv_cpu.v:76]
INFO: [Synth 8-6155] done synthesizing module 'riscv_cpu' (19#1) [Z:/Vega_cpu/src/cpu/riscv_cpu.v:8]
INFO: [Synth 8-6155] done synthesizing module 'vega_soc_top' (20#1) [Z:/Vega_cpu/src/soc/vega_soc_top.v:1]
---------------------------------------------------------------------------------
Finished Synthesize : Time (s): cpu = 00:00:17 ; elapsed = 00:00:16 . Memory (MB): peak = 6123.293 ; gain = 0.000
---------------------------------------------------------------------------------
Copyright 1986-2022 Xilinx, Inc. All Rights Reserved. Copyright 2022-2025 Advanced Micro Devices, Inc. All Rights Reserved.
---------------------------------------------------------------------------------------------------------------------------------------------
| Tool Version : Vivado v.2025.2 (win64) Build 6299465 Fri Nov 14 19:35:11 GMT 2025
| Date         : Thu Apr 23 17:15:37 2026
| Host         : Station running 64-bit major release  (build 9200)
---------------------------------------------------------------------------------------------------------------------------------------------

RTL Linter Report

Table of Contents
-----------------
1. Summary

1. Summary
----------

+-----------+------------------+--------------+----------+
| Rule ID   | Severity         | # Violations | # Waived |
+-----------+------------------+--------------+----------+
| ASSIGN-5  | WARNING          | 23           | 0        |
| ASSIGN-6  | WARNING          | 41           | 0        |
| ASSIGN-7  | CRITICAL WARNING | 6            | 0        |
| ASSIGN-9  | WARNING          | 6            | 0        |
| ASSIGN-10 | WARNING          | 33           | 0        |
| INFER-2   | CRITICAL WARNING | 1            | 0        |
| RESET-2   | WARNING          | 2            | 0        |
+-----------+------------------+--------------+----------+


WARNING: [Synth 37-93] [ASSIGN-6]Signal 'signed_result' was assigned but not read. 
RTL Name 'signed_result', Hierarchy 'alu', File 'Z:/Vega_cpu/src/cpu/core/ex_stage/alu.v', Line 24.
WARNING: [Synth 37-125] [ASSIGN-10]Some bits in IO 'pc' are not read. First unread bit index is 0. 
RTL Name 'pc', Hierarchy 'bht', File 'bht.v', Line 10.
WARNING: [Synth 37-125] [ASSIGN-10]Some bits in IO 'read_en' are not read. First unread bit index is 0. 
RTL Name 'read_en', Hierarchy 'bht', File 'bht.v', Line 9.
WARNING: [Synth 37-125] [ASSIGN-10]Some bits in IO 'update_pc' are not read. First unread bit index is 0. 
RTL Name 'update_pc', Hierarchy 'bht', File 'bht.v', Line 17.
WARNING: [Synth 37-125] [ASSIGN-10]Some bits in IO 'pc' are not read. First unread bit index is 0. 
RTL Name 'pc', Hierarchy 'btb', File 'btb.v', Line 10.
WARNING: [Synth 37-125] [ASSIGN-10]Some bits in IO 'update_pc' are not read. First unread bit index is 0. 
RTL Name 'update_pc', Hierarchy 'btb', File 'btb.v', Line 17.
WARNING: [Synth 37-95] [ASSIGN-5]Found scalar variable(s) 'found' declared and are not set.
RTL Name 'found', Hierarchy 'dcache', File 'Z:/Vega_cpu/src/cpu/core/mem_stage/dcache.v', Line 58.
WARNING: [Synth 37-124] [ASSIGN-5]Some bits in 'ii' are not set. First unset bit index is 0. 
RTL Name 'ii', Hierarchy 'dcache', File 'dcache.v', Line 60.
WARNING: [Synth 37-124] [ASSIGN-5]Some bits in 'jj' are not set. First unset bit index is 0. 
RTL Name 'jj', Hierarchy 'dcache', File 'dcache.v', Line 60.
WARNING: [Synth 37-124] [ASSIGN-5]Some bits in 'kk' are not set. First unset bit index is 0. 
RTL Name 'kk', Hierarchy 'dcache', File 'dcache.v', Line 60.
WARNING: [Synth 37-124] [ASSIGN-5]Some bits in 'match_way' are not set. First unset bit index is 0. 
RTL Name 'match_way', Hierarchy 'dcache', File 'dcache.v', Line 59.
WARNING: [Synth 37-93] [ASSIGN-6]Signal 'offset' was assigned but not read. 
RTL Name 'offset', Hierarchy 'dcache', File 'Z:/Vega_cpu/src/cpu/core/mem_stage/dcache.v', Line 50.
WARNING: [Synth 37-126] [ASSIGN-9]Some bits in IO 'data_out' are not set. First unset bit index is 0. 
RTL Name 'data_out', Hierarchy 'dcache', File 'dcache.v', Line 17.
WARNING: [Synth 37-126] [ASSIGN-9]Some bits in IO 'hit' are not set. First unset bit index is 0. 
RTL Name 'hit', Hierarchy 'dcache', File 'dcache.v', Line 18.
WARNING: [Synth 37-126] [ASSIGN-9]Some bits in IO 'mem_wdata' are not set. First unset bit index is 0. 
RTL Name 'mem_wdata', Hierarchy 'dcache', File 'dcache.v', Line 21.
WARNING: [Synth 37-126] [ASSIGN-9]Some bits in IO 'mem_we' are not set. First unset bit index is 0. 
RTL Name 'mem_we', Hierarchy 'dcache', File 'dcache.v', Line 24.
WARNING: [Synth 37-125] [ASSIGN-10]Some bits in IO 'addr' are not read. First unread bit index is 0. 
RTL Name 'addr', Hierarchy 'dcache', File 'dcache.v', Line 10.
WARNING: [Synth 37-125] [ASSIGN-10]Some bits in IO 'be' are not read. First unread bit index is 0. 
RTL Name 'be', Hierarchy 'dcache', File 'dcache.v', Line 12.
WARNING: [Synth 37-125] [ASSIGN-10]Some bits in IO 'size' are not read. First unread bit index is 0. 
RTL Name 'size', Hierarchy 'dcache', File 'dcache.v', Line 15.
WARNING: [Synth 37-125] [ASSIGN-10]Some bits in IO 'wdata' are not read. First unread bit index is 0. 
RTL Name 'wdata', Hierarchy 'dcache', File 'dcache.v', Line 11.
CRITICAL WARNING: [Synth 37-75] [INFER-2]Case statement items not fully specified and does not have a default item. 
Hierarchy 'decoder', File 'Z:/Vega_cpu/src/cpu/core/id_stage/decoder.v', Line 70.
WARNING: [Synth 37-93] [ASSIGN-6]Signal 'alu_neg_w1' was assigned but not read. 
RTL Name 'alu_neg_w1', Hierarchy 'ex_stage', File 'Z:/Vega_cpu/src/cpu/core/ex_stage/ex_stage.v', Line 197.
WARNING: [Synth 37-93] [ASSIGN-6]Signal 'alu_neg_w2' was assigned but not read. 
RTL Name 'alu_neg_w2', Hierarchy 'ex_stage', File 'Z:/Vega_cpu/src/cpu/core/ex_stage/ex_stage.v', Line 198.
WARNING: [Synth 37-93] [ASSIGN-6]Signal 'alu_ovf_w1' was assigned but not read. 
RTL Name 'alu_ovf_w1', Hierarchy 'ex_stage', File 'Z:/Vega_cpu/src/cpu/core/ex_stage/ex_stage.v', Line 197.
WARNING: [Synth 37-93] [ASSIGN-6]Signal 'alu_ovf_w2' was assigned but not read. 
RTL Name 'alu_ovf_w2', Hierarchy 'ex_stage', File 'Z:/Vega_cpu/src/cpu/core/ex_stage/ex_stage.v', Line 198.
WARNING: [Synth 37-93] [ASSIGN-6]Signal 'alu_zero_w1' was assigned but not read. 
RTL Name 'alu_zero_w1', Hierarchy 'ex_stage', File 'Z:/Vega_cpu/src/cpu/core/ex_stage/ex_stage.v', Line 197.
WARNING: [Synth 37-93] [ASSIGN-6]Signal 'alu_zero_w2' was assigned but not read. 
RTL Name 'alu_zero_w2', Hierarchy 'ex_stage', File 'Z:/Vega_cpu/src/cpu/core/ex_stage/ex_stage.v', Line 198.
WARNING: [Synth 37-125] [ASSIGN-10]Some bits in IO 'is_branch_w2_i' are not read. First unread bit index is 0. 
RTL Name 'is_branch_w2_i', Hierarchy 'ex_stage', File 'ex_stage.v', Line 52.
WARNING: [Synth 37-125] [ASSIGN-10]Some bits in IO 'is_jump_w2_i' are not read. First unread bit index is 0. 
RTL Name 'is_jump_w2_i', Hierarchy 'ex_stage', File 'ex_stage.v', Line 53.
WARNING: [Synth 37-103] [RESET-2]Register valid_w1_o_reg in always/process block does not have asynchronous reset when one or more other signals do.
RTL Name 'valid_w1_o_reg', Hierarchy 'ex_stage', File 'Z:/Vega_cpu/src/cpu/core/ex_stage/ex_stage.v', Line 249.
WARNING: [Synth 37-125] [ASSIGN-10]Some bits in IO 'branch_taken_ex' are not read. First unread bit index is 0. 
RTL Name 'branch_taken_ex', Hierarchy 'hazard_unit', File 'hazard_unit.v', Line 37.
WARNING: [Synth 37-125] [ASSIGN-10]Some bits in IO 'clk' are not read. First unread bit index is 0. 
RTL Name 'clk', Hierarchy 'hazard_unit', File 'hazard_unit.v', Line 7.
WARNING: [Synth 37-125] [ASSIGN-10]Some bits in IO 'rd_addr_mem_w1' are not read. First unread bit index is 0. 
RTL Name 'rd_addr_mem_w1', Hierarchy 'hazard_unit', File 'hazard_unit.v', Line 31.
WARNING: [Synth 37-125] [ASSIGN-10]Some bits in IO 'rd_addr_mem_w2' are not read. First unread bit index is 0. 
RTL Name 'rd_addr_mem_w2', Hierarchy 'hazard_unit', File 'hazard_unit.v', Line 33.
WARNING: [Synth 37-125] [ASSIGN-10]Some bits in IO 'reg_write_en_ex_w1' are not read. First unread bit index is 0. 
RTL Name 'reg_write_en_ex_w1', Hierarchy 'hazard_unit', File 'hazard_unit.v', Line 24.
WARNING: [Synth 37-125] [ASSIGN-10]Some bits in IO 'reg_write_en_ex_w2' are not read. First unread bit index is 0. 
RTL Name 'reg_write_en_ex_w2', Hierarchy 'hazard_unit', File 'hazard_unit.v', Line 27.
WARNING: [Synth 37-125] [ASSIGN-10]Some bits in IO 'reg_write_en_mem_w1' are not read. First unread bit index is 0. 
RTL Name 'reg_write_en_mem_w1', Hierarchy 'hazard_unit', File 'hazard_unit.v', Line 32.
WARNING: [Synth 37-125] [ASSIGN-10]Some bits in IO 'reg_write_en_mem_w2' are not read. First unread bit index is 0. 
RTL Name 'reg_write_en_mem_w2', Hierarchy 'hazard_unit', File 'hazard_unit.v', Line 34.
WARNING: [Synth 37-125] [ASSIGN-10]Some bits in IO 'rst_n' are not read. First unread bit index is 0. 
RTL Name 'rst_n', Hierarchy 'hazard_unit', File 'hazard_unit.v', Line 8.
WARNING: [Synth 37-125] [ASSIGN-10]Some bits in IO 'addr' are not read. First unread bit index is 0. 
RTL Name 'addr', Hierarchy 'icache', File 'icache.v', Line 10.
WARNING: [Synth 37-123] [ASSIGN-6]Some bits in 'funct7_w1' are not read. First unread bit index is 0. 
RTL Name 'funct7_w1', Hierarchy 'id_stage', File 'id_stage.v', Line 88.
WARNING: [Synth 37-123] [ASSIGN-6]Some bits in 'funct7_w2' are not read. First unread bit index is 0. 
RTL Name 'funct7_w2', Hierarchy 'id_stage', File 'id_stage.v', Line 113.
WARNING: [Synth 37-93] [ASSIGN-6]Signal 'is_alu_imm_w1' was assigned but not read. 
RTL Name 'is_alu_imm_w1', Hierarchy 'id_stage', File 'Z:/Vega_cpu/src/cpu/core/id_stage/id_stage.v', Line 90.
WARNING: [Synth 37-93] [ASSIGN-6]Signal 'is_alu_imm_w2' was assigned but not read. 
RTL Name 'is_alu_imm_w2', Hierarchy 'id_stage', File 'Z:/Vega_cpu/src/cpu/core/id_stage/id_stage.v', Line 115.
WARNING: [Synth 37-93] [ASSIGN-6]Signal 'is_compressed_w1' was assigned but not read. 
RTL Name 'is_compressed_w1', Hierarchy 'id_stage', File 'Z:/Vega_cpu/src/cpu/core/id_stage/id_stage.v', Line 93.
WARNING: [Synth 37-93] [ASSIGN-6]Signal 'is_compressed_w2' was assigned but not read. 
RTL Name 'is_compressed_w2', Hierarchy 'id_stage', File 'Z:/Vega_cpu/src/cpu/core/id_stage/id_stage.v', Line 118.
WARNING: [Synth 37-103] [RESET-2]Register valid_w1_o_reg in always/process block does not have asynchronous reset when one or more other signals do.
RTL Name 'valid_w1_o_reg', Hierarchy 'id_stage', File 'Z:/Vega_cpu/src/cpu/core/id_stage/id_stage.v', Line 273.
WARNING: [Synth 37-93] [ASSIGN-6]Signal 'bht_counter' was assigned but not read. 
RTL Name 'bht_counter', Hierarchy 'if_stage', File 'Z:/Vega_cpu/src/cpu/core/if_stage/if_stage.v', Line 69.
WARNING: [Synth 37-123] [ASSIGN-6]Some bits in 'inst2_hw' are not read. First unread bit index is 2. 
RTL Name 'inst2_hw', Hierarchy 'if_stage', File 'if_stage.v', Line 93.
WARNING: [Synth 37-125] [ASSIGN-10]Some bits in IO 'uses_rs1_w1_i' are not read. First unread bit index is 0. 
RTL Name 'uses_rs1_w1_i', Hierarchy 'ii_stage', File 'ii_stage.v', Line 34.
WARNING: [Synth 37-125] [ASSIGN-10]Some bits in IO 'uses_rs2_w1_i' are not read. First unread bit index is 0. 
RTL Name 'uses_rs2_w1_i', Hierarchy 'ii_stage', File 'ii_stage.v', Line 35.
WARNING: [Synth 37-93] [ASSIGN-6]Signal 'size' was assigned but not read. 
RTL Name 'size', Hierarchy 'mem_stage', File 'Z:/Vega_cpu/src/cpu/core/mem_stage/mem_stage.v', Line 70.
CRITICAL WARNING: [Synth 37-96] [ASSIGN-7]Multiple assignments detected on signal 'dcache_cache_stall'.
RTL Name 'dcache_cache_stall', Hierarchy 'mem_stage', File 'Z:/Vega_cpu/src/cpu/core/mem_stage/mem_stage.v', Line 61.
CRITICAL WARNING: [Synth 37-96] [ASSIGN-7]Multiple assignments detected on signal 'dcache_mem_req'.
RTL Name 'dcache_mem_req', Hierarchy 'mem_stage', File 'Z:/Vega_cpu/src/cpu/core/mem_stage/mem_stage.v', Line 65.
CRITICAL WARNING: [Synth 37-96] [ASSIGN-7]Multiple assignments detected on signal 'dcache_refill_done'.
RTL Name 'dcache_refill_done', Hierarchy 'mem_stage', File 'Z:/Vega_cpu/src/cpu/core/mem_stage/mem_stage.v', Line 57.
CRITICAL WARNING: [Synth 37-90] [ASSIGN-7]Multiple assignments detected on array dcache_writeback_addr, first multi-driven bit index is 0.
RTL Name 'dcache_writeback_addr', Hierarchy 'mem_stage', File 'Z:/Vega_cpu/src/cpu/core/mem_stage/mem_stage.v', Line 59.
CRITICAL WARNING: [Synth 37-90] [ASSIGN-7]Multiple assignments detected on array dcache_writeback_data, first multi-driven bit index is 0.
RTL Name 'dcache_writeback_data', Hierarchy 'mem_stage', File 'Z:/Vega_cpu/src/cpu/core/mem_stage/mem_stage.v', Line 60.
CRITICAL WARNING: [Synth 37-96] [ASSIGN-7]Multiple assignments detected on signal 'dcache_writeback_req'.
RTL Name 'dcache_writeback_req', Hierarchy 'mem_stage', File 'Z:/Vega_cpu/src/cpu/core/mem_stage/mem_stage.v', Line 58.
WARNING: [Synth 37-126] [ASSIGN-9]Some bits in IO 'dcache_mem_ready' are not set. First unset bit index is 0. 
RTL Name 'dcache_mem_ready', Hierarchy 'mem_stage', File 'mem_stage.v', Line 67.
WARNING: [Synth 37-126] [ASSIGN-9]Some bits in IO 'dcache_mem_wdata' are not set. First unset bit index is 0. 
RTL Name 'dcache_mem_wdata', Hierarchy 'mem_stage', File 'mem_stage.v', Line 63.
WARNING: [Synth 37-125] [ASSIGN-10]Some bits in IO 'dcache_mem_req' are not read. First unread bit index is 0. 
RTL Name 'dcache_mem_req', Hierarchy 'mem_stage', File 'mem_stage.v', Line 65.
WARNING: [Synth 37-125] [ASSIGN-10]Some bits in IO 'dcache_mem_we' are not read. First unread bit index is 0. 
RTL Name 'dcache_mem_we', Hierarchy 'mem_stage', File 'mem_stage.v', Line 66.
WARNING: [Synth 37-125] [ASSIGN-10]Some bits in IO 'dcache_writeback_addr' are not read. First unread bit index is 0. 
RTL Name 'dcache_writeback_addr', Hierarchy 'mem_stage', File 'mem_stage.v', Line 59.
WARNING: [Synth 37-125] [ASSIGN-10]Some bits in IO 'dcache_writeback_data' are not read. First unread bit index is 0. 
RTL Name 'dcache_writeback_data', Hierarchy 'mem_stage', File 'mem_stage.v', Line 60.
WARNING: [Synth 37-125] [ASSIGN-10]Some bits in IO 'dcache_writeback_req' are not read. First unread bit index is 0. 
RTL Name 'dcache_writeback_req', Hierarchy 'mem_stage', File 'mem_stage.v', Line 58.
WARNING: [Synth 37-125] [ASSIGN-10]Some bits in IO 'pc_w1_i' are not read. First unread bit index is 0. 
RTL Name 'pc_w1_i', Hierarchy 'mem_stage', File 'mem_stage.v', Line 15.
WARNING: [Synth 37-95] [ASSIGN-5]Found scalar variable(s) 'dcache_cache_stall' declared and are not set.
RTL Name 'dcache_cache_stall', Hierarchy 'riscv_cpu', File 'Z:/Vega_cpu/src/cpu/riscv_cpu.v', Line 109.
WARNING: [Synth 37-124] [ASSIGN-5]Some bits in 'dcache_data_out' are not set. First unset bit index is 0. 
RTL Name 'dcache_data_out', Hierarchy 'riscv_cpu', File 'riscv_cpu.v', Line 103.
WARNING: [Synth 37-95] [ASSIGN-5]Found scalar variable(s) 'dcache_hit' declared and are not set.
RTL Name 'dcache_hit', Hierarchy 'riscv_cpu', File 'Z:/Vega_cpu/src/cpu/riscv_cpu.v', Line 104.
WARNING: [Synth 37-95] [ASSIGN-5]Found scalar variable(s) 'dcache_mem_req' declared and are not set.
RTL Name 'dcache_mem_req', Hierarchy 'riscv_cpu', File 'Z:/Vega_cpu/src/cpu/riscv_cpu.v', Line 113.
WARNING: [Synth 37-124] [ASSIGN-5]Some bits in 'dcache_mem_wdata' are not set. First unset bit index is 0. 
RTL Name 'dcache_mem_wdata', Hierarchy 'riscv_cpu', File 'riscv_cpu.v', Line 111.
WARNING: [Synth 37-95] [ASSIGN-5]Found scalar variable(s) 'dcache_mem_we' declared and are not set.
RTL Name 'dcache_mem_we', Hierarchy 'riscv_cpu', File 'Z:/Vega_cpu/src/cpu/riscv_cpu.v', Line 114.
WARNING: [Synth 37-95] [ASSIGN-5]Found scalar variable(s) 'dcache_refill_done' declared and are not set.
RTL Name 'dcache_refill_done', Hierarchy 'riscv_cpu', File 'Z:/Vega_cpu/src/cpu/riscv_cpu.v', Line 105.
WARNING: [Synth 37-124] [ASSIGN-5]Some bits in 'dcache_writeback_addr' are not set. First unset bit index is 0. 
RTL Name 'dcache_writeback_addr', Hierarchy 'riscv_cpu', File 'riscv_cpu.v', Line 107.
WARNING: [Synth 37-124] [ASSIGN-5]Some bits in 'dcache_writeback_data' are not set. First unset bit index is 0. 
RTL Name 'dcache_writeback_data', Hierarchy 'riscv_cpu', File 'riscv_cpu.v', Line 108.
WARNING: [Synth 37-95] [ASSIGN-5]Found scalar variable(s) 'dcache_writeback_req' declared and are not set.
RTL Name 'dcache_writeback_req', Hierarchy 'riscv_cpu', File 'Z:/Vega_cpu/src/cpu/riscv_cpu.v', Line 106.
WARNING: [Synth 37-124] [ASSIGN-5]Some bits in 'icache_addr' are not set. First unset bit index is 0. 
RTL Name 'icache_addr', Hierarchy 'riscv_cpu', File 'riscv_cpu.v', Line 69.
WARNING: [Synth 37-95] [ASSIGN-5]Found scalar variable(s) 'icache_hit_reg' declared and are not set.
RTL Name 'icache_hit_reg', Hierarchy 'riscv_cpu', File 'Z:/Vega_cpu/src/cpu/riscv_cpu.v', Line 79.
WARNING: [Synth 37-124] [ASSIGN-5]Some bits in 'icache_instr_window_out' are not set. First unset bit index is 0. 
RTL Name 'icache_instr_window_out', Hierarchy 'riscv_cpu', File 'riscv_cpu.v', Line 77.
WARNING: [Synth 37-124] [ASSIGN-5]Some bits in 'icache_mem_data' are not set. First unset bit index is 0. 
RTL Name 'icache_mem_data', Hierarchy 'riscv_cpu', File 'riscv_cpu.v', Line 74.
WARNING: [Synth 37-95] [ASSIGN-5]Found scalar variable(s) 'icache_mem_ready' declared and are not set.
RTL Name 'icache_mem_ready', Hierarchy 'riscv_cpu', File 'Z:/Vega_cpu/src/cpu/riscv_cpu.v', Line 76.
WARNING: [Synth 37-95] [ASSIGN-5]Found scalar variable(s) 'icache_req' declared and are not set.
RTL Name 'icache_req', Hierarchy 'riscv_cpu', File 'Z:/Vega_cpu/src/cpu/riscv_cpu.v', Line 70.
WARNING: [Synth 37-95] [ASSIGN-5]Found scalar variable(s) 'icache_window_valid' declared and are not set.
RTL Name 'icache_window_valid', Hierarchy 'riscv_cpu', File 'Z:/Vega_cpu/src/cpu/riscv_cpu.v', Line 78.
WARNING: [Synth 37-124] [ASSIGN-5]Some bits in 'mem_access_wdata' are not set. First unset bit index is 0. 
RTL Name 'mem_access_wdata', Hierarchy 'riscv_cpu', File 'riscv_cpu.v', Line 389.
WARNING: [Synth 37-93] [ASSIGN-6]Signal 'dcache_addr' was assigned but not read. 
RTL Name 'dcache_addr', Hierarchy 'riscv_cpu', File 'Z:/Vega_cpu/src/cpu/riscv_cpu.v', Line 97.
WARNING: [Synth 37-93] [ASSIGN-6]Signal 'dcache_mem_ready' was assigned but not read. 
RTL Name 'dcache_mem_ready', Hierarchy 'riscv_cpu', File 'Z:/Vega_cpu/src/cpu/riscv_cpu.v', Line 115.
WARNING: [Synth 37-93] [ASSIGN-6]Signal 'dcache_req' was assigned but not read. 
RTL Name 'dcache_req', Hierarchy 'riscv_cpu', File 'Z:/Vega_cpu/src/cpu/riscv_cpu.v', Line 100.
WARNING: [Synth 37-93] [ASSIGN-6]Signal 'dcache_size' was assigned but not read. 
RTL Name 'dcache_size', Hierarchy 'riscv_cpu', File 'Z:/Vega_cpu/src/cpu/riscv_cpu.v', Line 102.
WARNING: [Synth 37-93] [ASSIGN-6]Signal 'dcache_wdata' was assigned but not read. 
RTL Name 'dcache_wdata', Hierarchy 'riscv_cpu', File 'Z:/Vega_cpu/src/cpu/riscv_cpu.v', Line 98.
WARNING: [Synth 37-93] [ASSIGN-6]Signal 'dcache_we' was assigned but not read. 
RTL Name 'dcache_we', Hierarchy 'riscv_cpu', File 'Z:/Vega_cpu/src/cpu/riscv_cpu.v', Line 101.
WARNING: [Synth 37-93] [ASSIGN-6]Signal 'exmem_mr_w2' was assigned but not read. 
RTL Name 'exmem_mr_w2', Hierarchy 'riscv_cpu', File 'Z:/Vega_cpu/src/cpu/riscv_cpu.v', Line 327.
WARNING: [Synth 37-93] [ASSIGN-6]Signal 'exmem_msz_w2' was assigned but not read. 
RTL Name 'exmem_msz_w2', Hierarchy 'riscv_cpu', File 'Z:/Vega_cpu/src/cpu/riscv_cpu.v', Line 328.
WARNING: [Synth 37-93] [ASSIGN-6]Signal 'exmem_mw_w2' was assigned but not read. 
RTL Name 'exmem_mw_w2', Hierarchy 'riscv_cpu', File 'Z:/Vega_cpu/src/cpu/riscv_cpu.v', Line 327.
WARNING: [Synth 37-93] [ASSIGN-6]Signal 'exmem_pc_w2' was assigned but not read. 
RTL Name 'exmem_pc_w2', Hierarchy 'riscv_cpu', File 'Z:/Vega_cpu/src/cpu/riscv_cpu.v', Line 323.
WARNING: [Synth 37-93] [ASSIGN-6]Signal 'exmem_rs2_w2' was assigned but not read. 
RTL Name 'exmem_rs2_w2', Hierarchy 'riscv_cpu', File 'Z:/Vega_cpu/src/cpu/riscv_cpu.v', Line 325.
WARNING: [Synth 37-93] [ASSIGN-6]Signal 'icache_data_out' was assigned but not read. 
RTL Name 'icache_data_out', Hierarchy 'riscv_cpu', File 'Z:/Vega_cpu/src/cpu/riscv_cpu.v', Line 71.
WARNING: [Synth 37-93] [ASSIGN-6]Signal 'icache_hit' was assigned but not read. 
RTL Name 'icache_hit', Hierarchy 'riscv_cpu', File 'Z:/Vega_cpu/src/cpu/riscv_cpu.v', Line 72.
WARNING: [Synth 37-93] [ASSIGN-6]Signal 'icache_mem_addr' was assigned but not read. 
RTL Name 'icache_mem_addr', Hierarchy 'riscv_cpu', File 'Z:/Vega_cpu/src/cpu/riscv_cpu.v', Line 73.
WARNING: [Synth 37-93] [ASSIGN-6]Signal 'icache_mem_req' was assigned but not read. 
RTL Name 'icache_mem_req', Hierarchy 'riscv_cpu', File 'Z:/Vega_cpu/src/cpu/riscv_cpu.v', Line 75.
WARNING: [Synth 37-123] [ASSIGN-6]Some bits in 'mem_access_wdata' are not read. First unread bit index is 64. 
RTL Name 'mem_access_wdata', Hierarchy 'riscv_cpu', File 'riscv_cpu.v', Line 389.
WARNING: [Synth 37-93] [ASSIGN-6]Signal 'memwb_wbs_w2' was assigned but not read. 
RTL Name 'memwb_wbs_w2', Hierarchy 'riscv_cpu', File 'Z:/Vega_cpu/src/cpu/riscv_cpu.v', Line 412.
WARNING: [Synth 37-125] [ASSIGN-10]Some bits in IO 'debug_req' are not read. First unread bit index is 0. 
RTL Name 'debug_req', Hierarchy 'riscv_cpu', File 'riscv_cpu.v', Line 35.
WARNING: [Synth 37-125] [ASSIGN-10]Some bits in IO 'irq_external' are not read. First unread bit index is 0. 
RTL Name 'irq_external', Hierarchy 'riscv_cpu', File 'riscv_cpu.v', Line 29.
WARNING: [Synth 37-125] [ASSIGN-10]Some bits in IO 'irq_software' are not read. First unread bit index is 0. 
RTL Name 'irq_software', Hierarchy 'riscv_cpu', File 'riscv_cpu.v', Line 31.
WARNING: [Synth 37-125] [ASSIGN-10]Some bits in IO 'irq_timer' are not read. First unread bit index is 0. 
RTL Name 'irq_timer', Hierarchy 'riscv_cpu', File 'riscv_cpu.v', Line 30.
WARNING: [Synth 37-93] [ASSIGN-6]Signal 'axi_arready' was assigned but not read. 
RTL Name 'axi_arready', Hierarchy 'uart_adapter', File 'Z:/Vega_cpu/Project/Vega/Vega.srcs/sources_1/new/uart_adapter.v', Line 39.
WARNING: [Synth 37-93] [ASSIGN-6]Signal 'axi_awready' was assigned but not read. 
RTL Name 'axi_awready', Hierarchy 'uart_adapter', File 'Z:/Vega_cpu/Project/Vega/Vega.srcs/sources_1/new/uart_adapter.v', Line 23.
WARNING: [Synth 37-93] [ASSIGN-6]Signal 'axi_bresp' was assigned but not read. 
RTL Name 'axi_bresp', Hierarchy 'uart_adapter', File 'Z:/Vega_cpu/Project/Vega/Vega.srcs/sources_1/new/uart_adapter.v', Line 32.
WARNING: [Synth 37-93] [ASSIGN-6]Signal 'axi_rresp' was assigned but not read. 
RTL Name 'axi_rresp', Hierarchy 'uart_adapter', File 'Z:/Vega_cpu/Project/Vega/Vega.srcs/sources_1/new/uart_adapter.v', Line 43.
WARNING: [Synth 37-93] [ASSIGN-6]Signal 'axi_wready' was assigned but not read. 
RTL Name 'axi_wready', Hierarchy 'uart_adapter', File 'Z:/Vega_cpu/Project/Vega/Vega.srcs/sources_1/new/uart_adapter.v', Line 29.
WARNING: [Synth 37-93] [ASSIGN-6]Signal 'clk' was assigned but not read. 
RTL Name 'clk', Hierarchy 'vega_soc_top', File 'Z:/Vega_cpu/src/soc/vega_soc_top.v', Line 15.
WARNING: [Synth 37-123] [ASSIGN-6]Some bits in 'instr_addr' are not read. First unread bit index is 0. 
RTL Name 'instr_addr', Hierarchy 'vega_soc_top', File 'vega_soc_top.v', Line 17.
INFO: [Synth 37-85] Total of 112 linter message(s) generated.
INFO: [Synth 37-45] Linter Run Finished!
Synthesis Optimization Runtime : Time (s): cpu = 00:00:17 ; elapsed = 00:00:16 . Memory (MB): peak = 6123.293 ; gain = 0.000
INFO: [Common 17-83] Releasing license: Synthesis
51 Infos, 345 Warnings, 7 Critical Warnings and 0 Errors encountered.
synth_design completed successfully
synth_design: Time (s): cpu = 00:00:17 ; elapsed = 00:00:16 . Memory (MB): peak = 6123.293 ; gain = 0.000
launch_runs synth_1 -jobs 24
INFO: [Vivado 12-4149] The synthesis checkpoint for IP 'z:/Vega_cpu/Project/Vega/Vega.srcs/sources_1/ip/axi_uartlite_0/axi_uartlite_0.xci' is already up-to-date
[Thu Apr 23 17:15:43 2026] Launched synth_1...
Run output will be captured here: Z:/Vega_cpu/Project/Vega/Vega.runs/synth_1/runme.log
launch_runs impl_1 -jobs 24
INFO: [Vivado 12-4149] The synthesis checkpoint for IP 'z:/Vega_cpu/Project/Vega/Vega.srcs/sources_1/ip/axi_uartlite_0/axi_uartlite_0.xci' is already up-to-date
[Thu Apr 23 17:23:13 2026] Launched impl_1...
Run output will be captured here: Z:/Vega_cpu/Project/Vega/Vega.runs/impl_1/runme.log
open_run impl_1
Netlist sorting complete. Time (s): cpu = 00:00:00 ; elapsed = 00:00:00.390 . Memory (MB): peak = 6123.293 ; gain = 0.000
INFO: [Netlist 29-17] Analyzing 8102 Unisim elements for replacement
INFO: [Netlist 29-28] Unisim Transformation completed in 0 CPU seconds
INFO: [Project 1-479] Netlist was created with Vivado 2025.2
INFO: [Project 1-570] Preparing netlist for logic optimization
Read ShapeDB Complete: Time (s): cpu = 00:00:00 ; elapsed = 00:00:00.087 . Memory (MB): peak = 6123.293 ; gain = 0.000
INFO: [Timing 38-478] Restoring timing data from binary archive.
INFO: [Timing 38-479] Binary timing data restore complete.
INFO: [Project 1-856] Restoring constraints from binary archive.
INFO: [Project 1-853] Binary constraint restore complete.
INFO: [Designutils 20-5722] Start Reading Physical Databases.
Reading placement.
Read Netlist Cache: Time (s): cpu = 00:00:00 ; elapsed = 00:00:00.118 . Memory (MB): peak = 6123.293 ; gain = 0.000
Reading placer database...
Read Device Cache: Time (s): cpu = 00:00:00 ; elapsed = 00:00:00.027 . Memory (MB): peak = 6123.293 ; gain = 0.000
Read PlaceDB: Time (s): cpu = 00:00:00 ; elapsed = 00:00:00 . Memory (MB): peak = 6123.293 ; gain = 0.000
Read placeStorage: Time (s): cpu = 00:00:02 ; elapsed = 00:00:02 . Memory (MB): peak = 6123.293 ; gain = 0.000
Read PulsedLatchDB: Time (s): cpu = 00:00:00 ; elapsed = 00:00:00.001 . Memory (MB): peak = 6123.293 ; gain = 0.000
Reading routing.
Read RouteStorage: Time (s): cpu = 00:00:02 ; elapsed = 00:00:00.985 . Memory (MB): peak = 6123.293 ; gain = 0.000
Read Physdb Files: Time (s): cpu = 00:00:04 ; elapsed = 00:00:04 . Memory (MB): peak = 6123.293 ; gain = 0.000
Restored from archive | CPU: 5.000000 secs | Memory: 0.000000 MB |
Finished XDEF File Restore: Time (s): cpu = 00:00:04 ; elapsed = 00:00:04 . Memory (MB): peak = 6123.293 ; gain = 0.000
Netlist sorting complete. Time (s): cpu = 00:00:00 ; elapsed = 00:00:00.033 . Memory (MB): peak = 6123.293 ; gain = 0.000
INFO: [Project 1-111] Unisim Transformation Summary:
No Unisim elements were transformed.

open_run: Time (s): cpu = 00:00:37 ; elapsed = 00:00:28 . Memory (MB): peak = 6123.293 ; gain = 0.000
open_report: Time (s): cpu = 00:00:34 ; elapsed = 00:00:14 . Memory (MB): peak = 6123.293 ; gain = 0.000
CRITICAL WARNING: [Timing 38-282] The design failed to meet the timing requirements. Please see the timing summary report for details on the timing violations.
reset_run synth_1
INFO: [Project 1-1161] Replacing file Z:/Vega_cpu/Project/Vega/Vega.srcs/utils_1/imports/synth_1/vega_soc_top.dcp with file Z:/Vega_cpu/Project/Vega/Vega.runs/synth_1/vega_soc_top.dcp
launch_runs synth_1 -jobs 24
INFO: [Vivado 12-4149] The synthesis checkpoint for IP 'z:/Vega_cpu/Project/Vega/Vega.srcs/sources_1/ip/axi_uartlite_0/axi_uartlite_0.xci' is already up-to-date
[Thu Apr 23 18:10:28 2026] Launched synth_1...
Run output will be captured here: Z:/Vega_cpu/Project/Vega/Vega.runs/synth_1/runme.log
close_design
launch_runs impl_1 -jobs 24
INFO: [Vivado 12-4149] The synthesis checkpoint for IP 'z:/Vega_cpu/Project/Vega/Vega.srcs/sources_1/ip/axi_uartlite_0/axi_uartlite_0.xci' is already up-to-date
[Thu Apr 23 18:28:03 2026] Launched impl_1...
Run output will be captured here: Z:/Vega_cpu/Project/Vega/Vega.runs/impl_1/runme.log
reset_run impl_1
WARNING: [Vivado 12-1017] Problems encountered:
1. Couldn't access process for termination

reset_run synth_1
INFO: [Project 1-1161] Replacing file Z:/Vega_cpu/Project/Vega/Vega.srcs/utils_1/imports/synth_1/vega_soc_top.dcp with file Z:/Vega_cpu/Project/Vega/Vega.runs/synth_1/vega_soc_top.dcp
launch_runs synth_1 -jobs 24
INFO: [Vivado 12-4149] The synthesis checkpoint for IP 'z:/Vega_cpu/Project/Vega/Vega.srcs/sources_1/ip/axi_uartlite_0/axi_uartlite_0.xci' is already up-to-date
[Thu Apr 23 20:03:36 2026] Launched synth_1...
Run output will be captured here: Z:/Vega_cpu/Project/Vega/Vega.runs/synth_1/runme.log
reset_run synth_1
launch_runs synth_1 -jobs 24
CRITICAL WARNING: [HDL 9-1206] Syntax error near 'inside' [Z:/Vega_cpu/src/cpu/core/mem_stage/dcache.v:136]
INFO: [Vivado 12-4149] The synthesis checkpoint for IP 'z:/Vega_cpu/Project/Vega/Vega.srcs/sources_1/ip/axi_uartlite_0/axi_uartlite_0.xci' is already up-to-date
[Thu Apr 23 20:15:32 2026] Launched synth_1...
Run output will be captured here: Z:/Vega_cpu/Project/Vega/Vega.runs/synth_1/runme.log
set_msg_config -suppress -id {Synth 8-2716} -string {{ERROR: [Synth 8-2716] syntax error near 'inside' [Z:/Vega_cpu/src/cpu/core/mem_stage/dcache.v:136]} } 
reset_run synth_1
launch_runs synth_1 -jobs 24
INFO: [Vivado 12-4149] The synthesis checkpoint for IP 'z:/Vega_cpu/Project/Vega/Vega.srcs/sources_1/ip/axi_uartlite_0/axi_uartlite_0.xci' is already up-to-date
[Thu Apr 23 20:36:33 2026] Launched synth_1...
Run output will be captured here: Z:/Vega_cpu/Project/Vega/Vega.runs/synth_1/runme.log
reset_run synth_1
launch_runs synth_1 -jobs 24
INFO: [Vivado 12-4149] The synthesis checkpoint for IP 'z:/Vega_cpu/Project/Vega/Vega.srcs/sources_1/ip/axi_uartlite_0/axi_uartlite_0.xci' is already up-to-date
[Thu Apr 23 21:40:38 2026] Launched synth_1...
Run output will be captured here: Z:/Vega_cpu/Project/Vega/Vega.runs/synth_1/runme.log
launch_runs impl_1 -jobs 24
INFO: [Vivado 12-4149] The synthesis checkpoint for IP 'z:/Vega_cpu/Project/Vega/Vega.srcs/sources_1/ip/axi_uartlite_0/axi_uartlite_0.xci' is already up-to-date
[Fri Apr 24 11:39:00 2026] Launched impl_1...
Run output will be captured here: Z:/Vega_cpu/Project/Vega/Vega.runs/impl_1/runme.log
open_run impl_1
Netlist sorting complete. Time (s): cpu = 00:00:00 ; elapsed = 00:00:00.357 . Memory (MB): peak = 6123.293 ; gain = 0.000
INFO: [Netlist 29-17] Analyzing 6425 Unisim elements for replacement
INFO: [Netlist 29-28] Unisim Transformation completed in 0 CPU seconds
INFO: [Project 1-479] Netlist was created with Vivado 2025.2
INFO: [Project 1-570] Preparing netlist for logic optimization
Read ShapeDB Complete: Time (s): cpu = 00:00:00 ; elapsed = 00:00:00.067 . Memory (MB): peak = 6123.293 ; gain = 0.000
INFO: [Timing 38-478] Restoring timing data from binary archive.
INFO: [Timing 38-479] Binary timing data restore complete.
INFO: [Project 1-856] Restoring constraints from binary archive.
INFO: [Project 1-853] Binary constraint restore complete.
INFO: [Designutils 20-5722] Start Reading Physical Databases.
Reading placement.
Read Netlist Cache: Time (s): cpu = 00:00:00 ; elapsed = 00:00:00.096 . Memory (MB): peak = 6123.293 ; gain = 0.000
Reading placer database...
Read Device Cache: Time (s): cpu = 00:00:00 ; elapsed = 00:00:00.018 . Memory (MB): peak = 6123.293 ; gain = 0.000
Read PlaceDB: Time (s): cpu = 00:00:00 ; elapsed = 00:00:00 . Memory (MB): peak = 6123.293 ; gain = 0.000
Read placeStorage: Time (s): cpu = 00:00:02 ; elapsed = 00:00:02 . Memory (MB): peak = 6123.293 ; gain = 0.000
Read PulsedLatchDB: Time (s): cpu = 00:00:00 ; elapsed = 00:00:00 . Memory (MB): peak = 6123.293 ; gain = 0.000
Reading routing.
Read RouteStorage: Time (s): cpu = 00:00:01 ; elapsed = 00:00:00.747 . Memory (MB): peak = 6123.293 ; gain = 0.000
Read Physdb Files: Time (s): cpu = 00:00:03 ; elapsed = 00:00:03 . Memory (MB): peak = 6123.293 ; gain = 0.000
Restored from archive | CPU: 3.000000 secs | Memory: 0.000000 MB |
Finished XDEF File Restore: Time (s): cpu = 00:00:03 ; elapsed = 00:00:03 . Memory (MB): peak = 6123.293 ; gain = 0.000
Netlist sorting complete. Time (s): cpu = 00:00:00 ; elapsed = 00:00:00.024 . Memory (MB): peak = 6123.293 ; gain = 0.000
INFO: [Project 1-111] Unisim Transformation Summary:
No Unisim elements were transformed.

open_run: Time (s): cpu = 00:00:48 ; elapsed = 00:00:29 . Memory (MB): peak = 6123.293 ; gain = 0.000
open_report: Time (s): cpu = 00:00:22 ; elapsed = 00:00:14 . Memory (MB): peak = 6123.293 ; gain = 0.000
CRITICAL WARNING: [Timing 38-282] The design failed to meet the timing requirements. Please see the timing summary report for details on the timing violations.
update_compile_order -fileset sources_1
synth_design -top vega_soc_top -part xc7a200tfbg676-3 -lint 
Command: synth_design -top vega_soc_top -part xc7a200tfbg676-3 -lint
Starting synth_design
Attempting to get a license for feature 'Synthesis' and/or device 'xc7a200t'
INFO: [Common 17-349] Got license for feature 'Synthesis' and/or device 'xc7a200t'
INFO: [Synth 8-7079] Multithreading enabled for synth_design using a maximum of 2 processes.
---------------------------------------------------------------------------------
Starting Synthesize : Time (s): cpu = 00:00:18 ; elapsed = 00:00:13 . Memory (MB): peak = 6123.293 ; gain = 0.000
---------------------------------------------------------------------------------
Clean up Linter database...
WARNING: [Synth 8-6901] identifier 'way2_fetch_valid' is used before its declaration [Z:/Vega_cpu/src/cpu/core/if_stage/if_stage.v:108]
INFO: [Synth 8-6157] synthesizing module 'vega_soc_top' [Z:/Vega_cpu/src/soc/vega_soc_top.v:1]
INFO: [Synth 8-6157] synthesizing module 'reset_sync' [Z:/Vega_cpu/src/soc/reset/reset_sync.v:1]
INFO: [Synth 8-6155] done synthesizing module 'reset_sync' (1#1) [Z:/Vega_cpu/src/soc/reset/reset_sync.v:1]
INFO: [Synth 8-6157] synthesizing module 'boot_rom_ip' [Z:/Vega_cpu/Project/Vega/.Xil/Vivado-22444-Station/realtime/boot_rom_ip_stub.v:6]
INFO: [Synth 8-6155] done synthesizing module 'boot_rom_ip' (2#1) [Z:/Vega_cpu/Project/Vega/.Xil/Vivado-22444-Station/realtime/boot_rom_ip_stub.v:6]
WARNING: [Synth 8-689] width (32) of port connection 'addrb' does not match port width (12) of module 'boot_rom_ip' [Z:/Vega_cpu/src/soc/vega_soc_top.v:63]
INFO: [Synth 8-6157] synthesizing module 'data_ram_b' [Z:/Vega_cpu/Project/Vega/.Xil/Vivado-22444-Station/realtime/data_ram_b_stub.v:6]
INFO: [Synth 8-6155] done synthesizing module 'data_ram_b' (3#1) [Z:/Vega_cpu/Project/Vega/.Xil/Vivado-22444-Station/realtime/data_ram_b_stub.v:6]
INFO: [Synth 8-6157] synthesizing module 'uart_adapter' [Z:/Vega_cpu/Project/Vega/Vega.srcs/sources_1/new/uart_adapter.v:1]
INFO: [Synth 8-6157] synthesizing module 'axi_uartlite_0' [Z:/Vega_cpu/Project/Vega/.Xil/Vivado-22444-Station/realtime/axi_uartlite_0_stub.v:6]
INFO: [Synth 8-6155] done synthesizing module 'axi_uartlite_0' (4#1) [Z:/Vega_cpu/Project/Vega/.Xil/Vivado-22444-Station/realtime/axi_uartlite_0_stub.v:6]
WARNING: [Synth 8-689] width (32) of port connection 's_axi_awaddr' does not match port width (4) of module 'axi_uartlite_0' [Z:/Vega_cpu/Project/Vega/Vega.srcs/sources_1/new/uart_adapter.v:53]
WARNING: [Synth 8-689] width (32) of port connection 's_axi_araddr' does not match port width (4) of module 'axi_uartlite_0' [Z:/Vega_cpu/Project/Vega/Vega.srcs/sources_1/new/uart_adapter.v:69]
WARNING: [Synth 8-7137] Register axi_wdata_reg in module uart_adapter has both Set and reset with same priority. This may cause simulation mismatches. Consider rewriting code  [Z:/Vega_cpu/Project/Vega/Vega.srcs/sources_1/new/uart_adapter.v:58]
WARNING: [Synth 8-7137] Register axi_wstrb_reg in module uart_adapter has both Set and reset with same priority. This may cause simulation mismatches. Consider rewriting code  [Z:/Vega_cpu/Project/Vega/Vega.srcs/sources_1/new/uart_adapter.v:59]
WARNING: [Synth 8-7137] Register axi_wdata_reg in module uart_adapter has both Set and reset with same priority. This may cause simulation mismatches. Consider rewriting code  [Z:/Vega_cpu/Project/Vega/Vega.srcs/sources_1/new/uart_adapter.v:58]
WARNING: [Synth 8-7137] Register axi_wstrb_reg in module uart_adapter has both Set and reset with same priority. This may cause simulation mismatches. Consider rewriting code  [Z:/Vega_cpu/Project/Vega/Vega.srcs/sources_1/new/uart_adapter.v:59]
INFO: [Synth 8-6155] done synthesizing module 'uart_adapter' (5#1) [Z:/Vega_cpu/Project/Vega/Vega.srcs/sources_1/new/uart_adapter.v:1]
INFO: [Synth 8-6157] synthesizing module 'riscv_cpu' [Z:/Vega_cpu/src/cpu/riscv_cpu.v:8]
INFO: [Synth 8-6157] synthesizing module 'icache' [Z:/Vega_cpu/src/cpu/core/if_stage/icache.v:6]
WARNING: [Synth 8-6014] Unused sequential element found_reg was removed.  [Z:/Vega_cpu/src/cpu/core/if_stage/icache.v:63]
WARNING: [Synth 8-6014] Unused sequential element match_way_reg was removed.  [Z:/Vega_cpu/src/cpu/core/if_stage/icache.v:64]
WARNING: [Synth 8-7137] Register hit_reg in module icache has both Set and reset with same priority. This may cause simulation mismatches. Consider rewriting code  [Z:/Vega_cpu/src/cpu/core/if_stage/icache.v:60]
WARNING: [Synth 8-7137] Register data_out_reg in module icache has both Set and reset with same priority. This may cause simulation mismatches. Consider rewriting code  [Z:/Vega_cpu/src/cpu/core/if_stage/icache.v:73]
WARNING: [Synth 8-7137] Register instr_window_out_reg in module icache has both Set and reset with same priority. This may cause simulation mismatches. Consider rewriting code  [Z:/Vega_cpu/src/cpu/core/if_stage/icache.v:76]
WARNING: [Synth 8-7137] Register window_valid_reg in module icache has both Set and reset with same priority. This may cause simulation mismatches. Consider rewriting code  [Z:/Vega_cpu/src/cpu/core/if_stage/icache.v:85]
WARNING: [Synth 8-7137] Register mem_req_reg in module icache has both Set and reset with same priority. This may cause simulation mismatches. Consider rewriting code  [Z:/Vega_cpu/src/cpu/core/if_stage/icache.v:90]
WARNING: [Synth 8-7137] Register mem_addr_reg in module icache has both Set and reset with same priority. This may cause simulation mismatches. Consider rewriting code  [Z:/Vega_cpu/src/cpu/core/if_stage/icache.v:91]
WARNING: [Synth 8-7137] Register hit_reg in module icache has both Set and reset with same priority. This may cause simulation mismatches. Consider rewriting code  [Z:/Vega_cpu/src/cpu/core/if_stage/icache.v:60]
WARNING: [Synth 8-7137] Register data_out_reg in module icache has both Set and reset with same priority. This may cause simulation mismatches. Consider rewriting code  [Z:/Vega_cpu/src/cpu/core/if_stage/icache.v:73]
WARNING: [Synth 8-7137] Register instr_window_out_reg in module icache has both Set and reset with same priority. This may cause simulation mismatches. Consider rewriting code  [Z:/Vega_cpu/src/cpu/core/if_stage/icache.v:76]
WARNING: [Synth 8-7137] Register window_valid_reg in module icache has both Set and reset with same priority. This may cause simulation mismatches. Consider rewriting code  [Z:/Vega_cpu/src/cpu/core/if_stage/icache.v:85]
WARNING: [Synth 8-7137] Register mem_req_reg in module icache has both Set and reset with same priority. This may cause simulation mismatches. Consider rewriting code  [Z:/Vega_cpu/src/cpu/core/if_stage/icache.v:90]
WARNING: [Synth 8-7137] Register mem_addr_reg in module icache has both Set and reset with same priority. This may cause simulation mismatches. Consider rewriting code  [Z:/Vega_cpu/src/cpu/core/if_stage/icache.v:91]
INFO: [Synth 8-6155] done synthesizing module 'icache' (6#1) [Z:/Vega_cpu/src/cpu/core/if_stage/icache.v:6]
WARNING: [Synth 8-7071] port 'instr_window_out' of module 'icache' is unconnected for instance 'u_icache' [Z:/Vega_cpu/src/cpu/riscv_cpu.v:82]
WARNING: [Synth 8-7071] port 'window_valid' of module 'icache' is unconnected for instance 'u_icache' [Z:/Vega_cpu/src/cpu/riscv_cpu.v:82]
WARNING: [Synth 8-7023] instance 'u_icache' of module 'icache' has 12 connections declared, but only 10 given [Z:/Vega_cpu/src/cpu/riscv_cpu.v:82]
INFO: [Synth 8-6157] synthesizing module 'if_stage' [Z:/Vega_cpu/src/cpu/core/if_stage/if_stage.v:7]
	Parameter ADDR_WIDTH bound to: 64 - type: integer 
	Parameter DATA_WIDTH bound to: 32 - type: integer 
INFO: [Synth 8-6157] synthesizing module 'btb' [Z:/Vega_cpu/src/cpu/core/if_stage/btb.v:6]
WARNING: [Synth 8-6014] Unused sequential element found_reg was removed.  [Z:/Vega_cpu/src/cpu/core/if_stage/btb.v:55]
WARNING: [Synth 8-6014] Unused sequential element match_way_reg was removed.  [Z:/Vega_cpu/src/cpu/core/if_stage/btb.v:56]
INFO: [Synth 8-6155] done synthesizing module 'btb' (7#1) [Z:/Vega_cpu/src/cpu/core/if_stage/btb.v:6]
INFO: [Synth 8-6157] synthesizing module 'bht' [Z:/Vega_cpu/src/cpu/core/if_stage/bht.v:6]
INFO: [Synth 8-6155] done synthesizing module 'bht' (8#1) [Z:/Vega_cpu/src/cpu/core/if_stage/bht.v:6]
INFO: [Synth 8-6155] done synthesizing module 'if_stage' (9#1) [Z:/Vega_cpu/src/cpu/core/if_stage/if_stage.v:7]
INFO: [Synth 8-6157] synthesizing module 'id_stage' [Z:/Vega_cpu/src/cpu/core/id_stage/id_stage.v:7]
	Parameter DATA_WIDTH bound to: 64 - type: integer 
	Parameter ADDR_WIDTH bound to: 64 - type: integer 
	Parameter REG_ADDR_WIDTH bound to: 5 - type: integer 
ERROR: [Synth 8-439] module 'decoder' not found [Z:/Vega_cpu/src/cpu/core/id_stage/id_stage.v:95]
ERROR: [Synth 8-6156] failed synthesizing module 'id_stage' [Z:/Vega_cpu/src/cpu/core/id_stage/id_stage.v:7]
ERROR: [Synth 8-6156] failed synthesizing module 'riscv_cpu' [Z:/Vega_cpu/src/cpu/riscv_cpu.v:8]
ERROR: [Synth 8-6156] failed synthesizing module 'vega_soc_top' [Z:/Vega_cpu/src/soc/vega_soc_top.v:1]
---------------------------------------------------------------------------------
Finished Synthesize : Time (s): cpu = 00:00:25 ; elapsed = 00:00:20 . Memory (MB): peak = 6123.293 ; gain = 0.000
---------------------------------------------------------------------------------
synthesize failed
INFO: [Common 17-83] Releasing license: Synthesis
24 Infos, 27 Warnings, 0 Critical Warnings and 4 Errors encountered.
synth_design completed successfully
synth_design: Time (s): cpu = 00:00:25 ; elapsed = 00:00:20 . Memory (MB): peak = 6123.293 ; gain = 0.000
ERROR: [Common 17-39] 'synth_design' failed due to earlier errors.
update_compile_order -fileset sources_1
WARNING: [filemgmt 56-199] Attempt to get parsing info during refresh. "On-the-fly" syntax checking information may be incorrect. [Z:\Vega_cpu\src\cpu\core\ex_stage\ex_stage.v:]
WARNING: [filemgmt 56-199] Attempt to get parsing info during refresh. "On-the-fly" syntax checking information may be incorrect. [Z:\Vega_cpu\src\cpu\core\ex_stage\alu.v:]
WARNING: [filemgmt 56-199] Attempt to get parsing info during refresh. "On-the-fly" syntax checking information may be incorrect. [Z:\Vega_cpu\src\cpu\core\ex_stage\alu.v:]
WARNING: [filemgmt 56-199] Attempt to get parsing info during refresh. "On-the-fly" syntax checking information may be incorrect. [Z:\Vega_cpu\src\cpu\core\ex_stage\alu.v:]
WARNING: [filemgmt 56-199] Attempt to get parsing info during refresh. "On-the-fly" syntax checking information may be incorrect. [Z:\Vega_cpu\src\cpu\core\ex_stage\ex_stage.v:]
WARNING: [filemgmt 56-199] Attempt to get parsing info during refresh. "On-the-fly" syntax checking information may be incorrect. [Z:\Vega_cpu\src\cpu\core\ex_stage\alu.v:]
WARNING: [filemgmt 56-199] Attempt to get parsing info during refresh. "On-the-fly" syntax checking information may be incorrect. [Z:\Vega_cpu\src\cpu\core\ex_stage\alu.v:]
WARNING: [filemgmt 56-199] Attempt to get parsing info during refresh. "On-the-fly" syntax checking information may be incorrect. [Z:\Vega_cpu\src\cpu\core\ex_stage\alu.v:]
WARNING: [filemgmt 56-199] Attempt to get parsing info during refresh. "On-the-fly" syntax checking information may be incorrect. [Z:\Vega_cpu\src\cpu\core\ex_stage\ex_stage.v:]
WARNING: [filemgmt 56-199] Attempt to get parsing info during refresh. "On-the-fly" syntax checking information may be incorrect. [Z:\Vega_cpu\src\cpu\core\ex_stage\alu.v:]
WARNING: [filemgmt 56-199] Attempt to get parsing info during refresh. "On-the-fly" syntax checking information may be incorrect. [Z:\Vega_cpu\src\cpu\core\ex_stage\ex_stage.v:]
WARNING: [filemgmt 56-199] Attempt to get parsing info during refresh. "On-the-fly" syntax checking information may be incorrect. [Z:\Vega_cpu\src\cpu\core\ex_stage\ex_stage.v:]
ERROR: [Common 17-180] Spawn failed: 操作成功完成。

open_run synth_1 -name synth_1
Design is defaulting to impl run constrset: constrs_1
Design is defaulting to synth run part: xc7a200tfbg676-3
INFO: [Project 1-5699] Read binary netlist with skipMacroContent - 1
INFO: [Project 1-454] Reading design checkpoint 'z:/Vega_cpu/Project/Vega/Vega.gen/sources_1/ip/boot_rom_ip/boot_rom_ip.dcp' for cell 'u_boot_rom_ip'
INFO: [Project 1-454] Reading design checkpoint 'z:/Vega_cpu/Project/Vega/Vega.gen/sources_1/ip/data_ram_b/data_ram_b.dcp' for cell 'u_data_ram'
INFO: [Project 1-454] Reading design checkpoint 'z:/Vega_cpu/Project/Vega/Vega.gen/sources_1/ip/axi_uartlite_0/axi_uartlite_0.dcp' for cell 'u_uart_adapter/u_axi_uart'
Netlist sorting complete. Time (s): cpu = 00:00:00 ; elapsed = 00:00:00.459 . Memory (MB): peak = 7205.875 ; gain = 0.000
INFO: [Netlist 29-17] Analyzing 7111 Unisim elements for replacement
INFO: [Netlist 29-28] Unisim Transformation completed in 0 CPU seconds
INFO: [Project 1-479] Netlist was created with Vivado 2025.2
INFO: [Project 1-570] Preparing netlist for logic optimization
Parsing XDC File [z:/Vega_cpu/Project/Vega/Vega.gen/sources_1/ip/axi_uartlite_0/axi_uartlite_0_board.xdc] for cell 'u_uart_adapter/u_axi_uart/U0'
Finished Parsing XDC File [z:/Vega_cpu/Project/Vega/Vega.gen/sources_1/ip/axi_uartlite_0/axi_uartlite_0_board.xdc] for cell 'u_uart_adapter/u_axi_uart/U0'
Parsing XDC File [Z:/Vega_cpu/Project/Vega/Vega.srcs/constrs_1/new/Pin1.xdc]
Finished Parsing XDC File [Z:/Vega_cpu/Project/Vega/Vega.srcs/constrs_1/new/Pin1.xdc]
INFO: [Project 1-1714] 1 XPM XDC files have been applied to the design.
INFO: [Opt 31-138] Pushed 0 inverter(s) to 0 load pin(s).
Netlist sorting complete. Time (s): cpu = 00:00:00 ; elapsed = 00:00:00.030 . Memory (MB): peak = 7205.875 ; gain = 0.000
INFO: [Project 1-111] Unisim Transformation Summary:
No Unisim elements were transformed.

open_run: Time (s): cpu = 00:00:38 ; elapsed = 00:00:31 . Memory (MB): peak = 7205.875 ; gain = 0.000
report_timing_summary -delay_type min_max -report_unconstrained -check_timing_verbose -max_paths 10 -input_pins -routable_nets -name timing_1
INFO: [Timing 38-35] Done setting XDC timing constraints.
INFO: [Timing 38-91] UpdateTimingParams: Speed grade: -3, Delay Type: min_max.
INFO: [Timing 38-191] Multithreading enabled for timing update using a maximum of 2 CPUs
report_timing_summary: Time (s): cpu = 00:00:37 ; elapsed = 00:00:21 . Memory (MB): peak = 7205.875 ; gain = 0.000
synth_design -top vega_soc_top -part xc7a200tfbg676-3 -lint 
Command: synth_design -top vega_soc_top -part xc7a200tfbg676-3 -lint
Starting synth_design
Attempting to get a license for feature 'Synthesis' and/or device 'xc7a200t'
INFO: [Common 17-349] Got license for feature 'Synthesis' and/or device 'xc7a200t'
INFO: [Synth 8-7079] Multithreading enabled for synth_design using a maximum of 2 processes.
---------------------------------------------------------------------------------
Starting Synthesize : Time (s): cpu = 00:00:08 ; elapsed = 00:00:07 . Memory (MB): peak = 7205.875 ; gain = 0.000
---------------------------------------------------------------------------------
Clean up Linter database...
WARNING: [Synth 8-6901] identifier 'way2_fetch_valid' is used before its declaration [Z:/Vega_cpu/src/cpu/core/if_stage/if_stage.v:108]
INFO: [Synth 8-6157] synthesizing module 'vega_soc_top' [Z:/Vega_cpu/src/soc/vega_soc_top.v:1]
INFO: [Synth 8-6157] synthesizing module 'reset_sync' [Z:/Vega_cpu/src/soc/reset/reset_sync.v:1]
INFO: [Synth 8-6155] done synthesizing module 'reset_sync' (1#1) [Z:/Vega_cpu/src/soc/reset/reset_sync.v:1]
INFO: [Synth 8-6157] synthesizing module 'boot_rom_ip' [Z:/Vega_cpu/Project/Vega/.Xil/Vivado-22444-Station/realtime/boot_rom_ip_stub.v:6]
INFO: [Synth 8-6155] done synthesizing module 'boot_rom_ip' (2#1) [Z:/Vega_cpu/Project/Vega/.Xil/Vivado-22444-Station/realtime/boot_rom_ip_stub.v:6]
WARNING: [Synth 8-689] width (32) of port connection 'addrb' does not match port width (12) of module 'boot_rom_ip' [Z:/Vega_cpu/src/soc/vega_soc_top.v:63]
INFO: [Synth 8-6157] synthesizing module 'data_ram_b' [Z:/Vega_cpu/Project/Vega/.Xil/Vivado-22444-Station/realtime/data_ram_b_stub.v:6]
INFO: [Synth 8-6155] done synthesizing module 'data_ram_b' (3#1) [Z:/Vega_cpu/Project/Vega/.Xil/Vivado-22444-Station/realtime/data_ram_b_stub.v:6]
INFO: [Synth 8-6157] synthesizing module 'uart_adapter' [Z:/Vega_cpu/Project/Vega/Vega.srcs/sources_1/new/uart_adapter.v:1]
INFO: [Synth 8-6157] synthesizing module 'axi_uartlite_0' [Z:/Vega_cpu/Project/Vega/.Xil/Vivado-22444-Station/realtime/axi_uartlite_0_stub.v:6]
INFO: [Synth 8-6155] done synthesizing module 'axi_uartlite_0' (4#1) [Z:/Vega_cpu/Project/Vega/.Xil/Vivado-22444-Station/realtime/axi_uartlite_0_stub.v:6]
WARNING: [Synth 8-689] width (32) of port connection 's_axi_awaddr' does not match port width (4) of module 'axi_uartlite_0' [Z:/Vega_cpu/Project/Vega/Vega.srcs/sources_1/new/uart_adapter.v:53]
WARNING: [Synth 8-689] width (32) of port connection 's_axi_araddr' does not match port width (4) of module 'axi_uartlite_0' [Z:/Vega_cpu/Project/Vega/Vega.srcs/sources_1/new/uart_adapter.v:69]
WARNING: [Synth 8-7137] Register axi_wdata_reg in module uart_adapter has both Set and reset with same priority. This may cause simulation mismatches. Consider rewriting code  [Z:/Vega_cpu/Project/Vega/Vega.srcs/sources_1/new/uart_adapter.v:58]
WARNING: [Synth 8-7137] Register axi_wstrb_reg in module uart_adapter has both Set and reset with same priority. This may cause simulation mismatches. Consider rewriting code  [Z:/Vega_cpu/Project/Vega/Vega.srcs/sources_1/new/uart_adapter.v:59]
WARNING: [Synth 8-7137] Register axi_wdata_reg in module uart_adapter has both Set and reset with same priority. This may cause simulation mismatches. Consider rewriting code  [Z:/Vega_cpu/Project/Vega/Vega.srcs/sources_1/new/uart_adapter.v:58]
WARNING: [Synth 8-7137] Register axi_wstrb_reg in module uart_adapter has both Set and reset with same priority. This may cause simulation mismatches. Consider rewriting code  [Z:/Vega_cpu/Project/Vega/Vega.srcs/sources_1/new/uart_adapter.v:59]
INFO: [Synth 8-6155] done synthesizing module 'uart_adapter' (5#1) [Z:/Vega_cpu/Project/Vega/Vega.srcs/sources_1/new/uart_adapter.v:1]
INFO: [Synth 8-6157] synthesizing module 'riscv_cpu' [Z:/Vega_cpu/src/cpu/riscv_cpu.v:8]
INFO: [Synth 8-6157] synthesizing module 'icache' [Z:/Vega_cpu/src/cpu/core/if_stage/icache.v:6]
WARNING: [Synth 8-6014] Unused sequential element found_reg was removed.  [Z:/Vega_cpu/src/cpu/core/if_stage/icache.v:63]
WARNING: [Synth 8-6014] Unused sequential element match_way_reg was removed.  [Z:/Vega_cpu/src/cpu/core/if_stage/icache.v:64]
WARNING: [Synth 8-7137] Register hit_reg in module icache has both Set and reset with same priority. This may cause simulation mismatches. Consider rewriting code  [Z:/Vega_cpu/src/cpu/core/if_stage/icache.v:60]
WARNING: [Synth 8-7137] Register data_out_reg in module icache has both Set and reset with same priority. This may cause simulation mismatches. Consider rewriting code  [Z:/Vega_cpu/src/cpu/core/if_stage/icache.v:73]
WARNING: [Synth 8-7137] Register instr_window_out_reg in module icache has both Set and reset with same priority. This may cause simulation mismatches. Consider rewriting code  [Z:/Vega_cpu/src/cpu/core/if_stage/icache.v:76]
WARNING: [Synth 8-7137] Register window_valid_reg in module icache has both Set and reset with same priority. This may cause simulation mismatches. Consider rewriting code  [Z:/Vega_cpu/src/cpu/core/if_stage/icache.v:85]
WARNING: [Synth 8-7137] Register mem_req_reg in module icache has both Set and reset with same priority. This may cause simulation mismatches. Consider rewriting code  [Z:/Vega_cpu/src/cpu/core/if_stage/icache.v:90]
WARNING: [Synth 8-7137] Register mem_addr_reg in module icache has both Set and reset with same priority. This may cause simulation mismatches. Consider rewriting code  [Z:/Vega_cpu/src/cpu/core/if_stage/icache.v:91]
WARNING: [Synth 8-7137] Register hit_reg in module icache has both Set and reset with same priority. This may cause simulation mismatches. Consider rewriting code  [Z:/Vega_cpu/src/cpu/core/if_stage/icache.v:60]
WARNING: [Synth 8-7137] Register data_out_reg in module icache has both Set and reset with same priority. This may cause simulation mismatches. Consider rewriting code  [Z:/Vega_cpu/src/cpu/core/if_stage/icache.v:73]
WARNING: [Synth 8-7137] Register instr_window_out_reg in module icache has both Set and reset with same priority. This may cause simulation mismatches. Consider rewriting code  [Z:/Vega_cpu/src/cpu/core/if_stage/icache.v:76]
WARNING: [Synth 8-7137] Register window_valid_reg in module icache has both Set and reset with same priority. This may cause simulation mismatches. Consider rewriting code  [Z:/Vega_cpu/src/cpu/core/if_stage/icache.v:85]
WARNING: [Synth 8-7137] Register mem_req_reg in module icache has both Set and reset with same priority. This may cause simulation mismatches. Consider rewriting code  [Z:/Vega_cpu/src/cpu/core/if_stage/icache.v:90]
WARNING: [Synth 8-7137] Register mem_addr_reg in module icache has both Set and reset with same priority. This may cause simulation mismatches. Consider rewriting code  [Z:/Vega_cpu/src/cpu/core/if_stage/icache.v:91]
INFO: [Synth 8-6155] done synthesizing module 'icache' (6#1) [Z:/Vega_cpu/src/cpu/core/if_stage/icache.v:6]
WARNING: [Synth 8-7071] port 'instr_window_out' of module 'icache' is unconnected for instance 'u_icache' [Z:/Vega_cpu/src/cpu/riscv_cpu.v:82]
WARNING: [Synth 8-7071] port 'window_valid' of module 'icache' is unconnected for instance 'u_icache' [Z:/Vega_cpu/src/cpu/riscv_cpu.v:82]
WARNING: [Synth 8-7023] instance 'u_icache' of module 'icache' has 12 connections declared, but only 10 given [Z:/Vega_cpu/src/cpu/riscv_cpu.v:82]
INFO: [Synth 8-6157] synthesizing module 'if_stage' [Z:/Vega_cpu/src/cpu/core/if_stage/if_stage.v:7]
	Parameter ADDR_WIDTH bound to: 64 - type: integer 
	Parameter DATA_WIDTH bound to: 32 - type: integer 
INFO: [Synth 8-6157] synthesizing module 'btb' [Z:/Vega_cpu/src/cpu/core/if_stage/btb.v:6]
WARNING: [Synth 8-6014] Unused sequential element found_reg was removed.  [Z:/Vega_cpu/src/cpu/core/if_stage/btb.v:55]
WARNING: [Synth 8-6014] Unused sequential element match_way_reg was removed.  [Z:/Vega_cpu/src/cpu/core/if_stage/btb.v:56]
INFO: [Synth 8-6155] done synthesizing module 'btb' (7#1) [Z:/Vega_cpu/src/cpu/core/if_stage/btb.v:6]
INFO: [Synth 8-6157] synthesizing module 'bht' [Z:/Vega_cpu/src/cpu/core/if_stage/bht.v:6]
INFO: [Synth 8-6155] done synthesizing module 'bht' (8#1) [Z:/Vega_cpu/src/cpu/core/if_stage/bht.v:6]
INFO: [Synth 8-6155] done synthesizing module 'if_stage' (9#1) [Z:/Vega_cpu/src/cpu/core/if_stage/if_stage.v:7]
INFO: [Synth 8-6157] synthesizing module 'id_stage' [Z:/Vega_cpu/src/cpu/core/id_stage/id_stage.v:7]
	Parameter DATA_WIDTH bound to: 64 - type: integer 
	Parameter ADDR_WIDTH bound to: 64 - type: integer 
	Parameter REG_ADDR_WIDTH bound to: 5 - type: integer 
INFO: [Synth 8-6157] synthesizing module 'decoder' [Z:/Vega_cpu/src/cpu/core/id_stage/decoder.v:6]
INFO: [Synth 8-226] default block is never used [Z:/Vega_cpu/src/cpu/core/id_stage/decoder.v:70]
INFO: [Synth 8-226] default block is never used [Z:/Vega_cpu/src/cpu/core/id_stage/decoder.v:126]
INFO: [Synth 8-6155] done synthesizing module 'decoder' (10#1) [Z:/Vega_cpu/src/cpu/core/id_stage/decoder.v:6]
INFO: [Synth 8-6155] done synthesizing module 'id_stage' (11#1) [Z:/Vega_cpu/src/cpu/core/id_stage/id_stage.v:7]
INFO: [Synth 8-6157] synthesizing module 'register_file' [Z:/Vega_cpu/src/cpu/core/id_stage/register_file.v:7]
	Parameter DATA_WIDTH bound to: 64 - type: integer 
	Parameter REG_COUNT bound to: 32 - type: integer 
	Parameter ADDR_WIDTH bound to: 5 - type: integer 
INFO: [Synth 8-6155] done synthesizing module 'register_file' (12#1) [Z:/Vega_cpu/src/cpu/core/id_stage/register_file.v:7]
INFO: [Synth 8-6157] synthesizing module 'ii_stage' [Z:/Vega_cpu/src/cpu/core/ii_stage/ii_stage.v:6]
	Parameter DATA_WIDTH bound to: 64 - type: integer 
	Parameter ADDR_WIDTH bound to: 64 - type: integer 
INFO: [Synth 8-6155] done synthesizing module 'ii_stage' (13#1) [Z:/Vega_cpu/src/cpu/core/ii_stage/ii_stage.v:6]
WARNING: [Synth 8-689] width (1) of port connection 'predict_target_o' does not match port width (64) of module 'ii_stage' [Z:/Vega_cpu/src/cpu/riscv_cpu.v:317]
INFO: [Synth 8-6157] synthesizing module 'ex_stage' [Z:/Vega_cpu/src/cpu/core/ex_stage/ex_stage.v:6]
	Parameter DATA_WIDTH bound to: 64 - type: integer 
	Parameter ADDR_WIDTH bound to: 64 - type: integer 
INFO: [Synth 8-226] default block is never used [Z:/Vega_cpu/src/cpu/core/ex_stage/ex_stage.v:207]
INFO: [Synth 8-6157] synthesizing module 'alu' [Z:/Vega_cpu/src/cpu/core/ex_stage/alu.v:12]
INFO: [Synth 8-6155] done synthesizing module 'alu' (14#1) [Z:/Vega_cpu/src/cpu/core/ex_stage/alu.v:12]
INFO: [Synth 8-6155] done synthesizing module 'ex_stage' (15#1) [Z:/Vega_cpu/src/cpu/core/ex_stage/ex_stage.v:6]
WARNING: [Synth 8-689] width (1) of port connection 'predict_target_i' does not match port width (64) of module 'ex_stage' [Z:/Vega_cpu/src/cpu/riscv_cpu.v:372]
INFO: [Synth 8-6157] synthesizing module 'mem_stage' [Z:/Vega_cpu/src/cpu/core/mem_stage/mem_stage.v:7]
	Parameter DATA_WIDTH bound to: 64 - type: integer 
	Parameter ADDR_WIDTH bound to: 64 - type: integer 
INFO: [Synth 8-6157] synthesizing module 'dcache' [Z:/Vega_cpu/src/cpu/core/mem_stage/dcache.v:6]
WARNING: [Synth 8-7137] Register way_dirty_reg[0][0] in module dcache has both Set and reset with same priority. This may cause simulation mismatches. Consider rewriting code  [Z:/Vega_cpu/src/cpu/core/mem_stage/dcache.v:91]
WARNING: [Synth 8-7137] Register way_dirty_reg[0][1] in module dcache has both Set and reset with same priority. This may cause simulation mismatches. Consider rewriting code  [Z:/Vega_cpu/src/cpu/core/mem_stage/dcache.v:91]
WARNING: [Synth 8-7137] Register way_dirty_reg[0][2] in module dcache has both Set and reset with same priority. This may cause simulation mismatches. Consider rewriting code  [Z:/Vega_cpu/src/cpu/core/mem_stage/dcache.v:91]
WARNING: [Synth 8-7137] Register way_dirty_reg[0][3] in module dcache has both Set and reset with same priority. This may cause simulation mismatches. Consider rewriting code  [Z:/Vega_cpu/src/cpu/core/mem_stage/dcache.v:91]
WARNING: [Synth 8-7137] Register way_dirty_reg[0][4] in module dcache has both Set and reset with same priority. This may cause simulation mismatches. Consider rewriting code  [Z:/Vega_cpu/src/cpu/core/mem_stage/dcache.v:91]
WARNING: [Synth 8-7137] Register way_dirty_reg[0][5] in module dcache has both Set and reset with same priority. This may cause simulation mismatches. Consider rewriting code  [Z:/Vega_cpu/src/cpu/core/mem_stage/dcache.v:91]
WARNING: [Synth 8-7137] Register way_dirty_reg[0][6] in module dcache has both Set and reset with same priority. This may cause simulation mismatches. Consider rewriting code  [Z:/Vega_cpu/src/cpu/core/mem_stage/dcache.v:91]
WARNING: [Synth 8-7137] Register way_dirty_reg[0][7] in module dcache has both Set and reset with same priority. This may cause simulation mismatches. Consider rewriting code  [Z:/Vega_cpu/src/cpu/core/mem_stage/dcache.v:91]
WARNING: [Synth 8-7137] Register way_dirty_reg[0][8] in module dcache has both Set and reset with same priority. This may cause simulation mismatches. Consider rewriting code  [Z:/Vega_cpu/src/cpu/core/mem_stage/dcache.v:91]
WARNING: [Synth 8-7137] Register way_dirty_reg[0][9] in module dcache has both Set and reset with same priority. This may cause simulation mismatches. Consider rewriting code  [Z:/Vega_cpu/src/cpu/core/mem_stage/dcache.v:91]
WARNING: [Synth 8-7137] Register way_dirty_reg[0][10] in module dcache has both Set and reset with same priority. This may cause simulation mismatches. Consider rewriting code  [Z:/Vega_cpu/src/cpu/core/mem_stage/dcache.v:91]
WARNING: [Synth 8-7137] Register way_dirty_reg[0][11] in module dcache has both Set and reset with same priority. This may cause simulation mismatches. Consider rewriting code  [Z:/Vega_cpu/src/cpu/core/mem_stage/dcache.v:91]
WARNING: [Synth 8-7137] Register way_dirty_reg[0][12] in module dcache has both Set and reset with same priority. This may cause simulation mismatches. Consider rewriting code  [Z:/Vega_cpu/src/cpu/core/mem_stage/dcache.v:91]
WARNING: [Synth 8-7137] Register way_dirty_reg[0][13] in module dcache has both Set and reset with same priority. This may cause simulation mismatches. Consider rewriting code  [Z:/Vega_cpu/src/cpu/core/mem_stage/dcache.v:91]
WARNING: [Synth 8-7137] Register way_dirty_reg[0][14] in module dcache has both Set and reset with same priority. This may cause simulation mismatches. Consider rewriting code  [Z:/Vega_cpu/src/cpu/core/mem_stage/dcache.v:91]
WARNING: [Synth 8-7137] Register way_dirty_reg[0][15] in module dcache has both Set and reset with same priority. This may cause simulation mismatches. Consider rewriting code  [Z:/Vega_cpu/src/cpu/core/mem_stage/dcache.v:91]
WARNING: [Synth 8-7137] Register way_dirty_reg[0][16] in module dcache has both Set and reset with same priority. This may cause simulation mismatches. Consider rewriting code  [Z:/Vega_cpu/src/cpu/core/mem_stage/dcache.v:91]
WARNING: [Synth 8-7137] Register way_dirty_reg[0][17] in module dcache has both Set and reset with same priority. This may cause simulation mismatches. Consider rewriting code  [Z:/Vega_cpu/src/cpu/core/mem_stage/dcache.v:91]
WARNING: [Synth 8-7137] Register way_dirty_reg[0][18] in module dcache has both Set and reset with same priority. This may cause simulation mismatches. Consider rewriting code  [Z:/Vega_cpu/src/cpu/core/mem_stage/dcache.v:91]
WARNING: [Synth 8-7137] Register way_dirty_reg[0][19] in module dcache has both Set and reset with same priority. This may cause simulation mismatches. Consider rewriting code  [Z:/Vega_cpu/src/cpu/core/mem_stage/dcache.v:91]
WARNING: [Synth 8-7137] Register way_dirty_reg[0][20] in module dcache has both Set and reset with same priority. This may cause simulation mismatches. Consider rewriting code  [Z:/Vega_cpu/src/cpu/core/mem_stage/dcache.v:91]
WARNING: [Synth 8-7137] Register way_dirty_reg[0][21] in module dcache has both Set and reset with same priority. This may cause simulation mismatches. Consider rewriting code  [Z:/Vega_cpu/src/cpu/core/mem_stage/dcache.v:91]
WARNING: [Synth 8-7137] Register way_dirty_reg[0][22] in module dcache has both Set and reset with same priority. This may cause simulation mismatches. Consider rewriting code  [Z:/Vega_cpu/src/cpu/core/mem_stage/dcache.v:91]
WARNING: [Synth 8-7137] Register way_dirty_reg[0][23] in module dcache has both Set and reset with same priority. This may cause simulation mismatches. Consider rewriting code  [Z:/Vega_cpu/src/cpu/core/mem_stage/dcache.v:91]
WARNING: [Synth 8-7137] Register way_dirty_reg[0][24] in module dcache has both Set and reset with same priority. This may cause simulation mismatches. Consider rewriting code  [Z:/Vega_cpu/src/cpu/core/mem_stage/dcache.v:91]
WARNING: [Synth 8-7137] Register way_dirty_reg[0][25] in module dcache has both Set and reset with same priority. This may cause simulation mismatches. Consider rewriting code  [Z:/Vega_cpu/src/cpu/core/mem_stage/dcache.v:91]
WARNING: [Synth 8-7137] Register way_dirty_reg[0][26] in module dcache has both Set and reset with same priority. This may cause simulation mismatches. Consider rewriting code  [Z:/Vega_cpu/src/cpu/core/mem_stage/dcache.v:91]
WARNING: [Synth 8-7137] Register way_dirty_reg[0][27] in module dcache has both Set and reset with same priority. This may cause simulation mismatches. Consider rewriting code  [Z:/Vega_cpu/src/cpu/core/mem_stage/dcache.v:91]
WARNING: [Synth 8-7137] Register way_dirty_reg[0][28] in module dcache has both Set and reset with same priority. This may cause simulation mismatches. Consider rewriting code  [Z:/Vega_cpu/src/cpu/core/mem_stage/dcache.v:91]
WARNING: [Synth 8-7137] Register way_dirty_reg[0][29] in module dcache has both Set and reset with same priority. This may cause simulation mismatches. Consider rewriting code  [Z:/Vega_cpu/src/cpu/core/mem_stage/dcache.v:91]
WARNING: [Synth 8-7137] Register way_dirty_reg[0][30] in module dcache has both Set and reset with same priority. This may cause simulation mismatches. Consider rewriting code  [Z:/Vega_cpu/src/cpu/core/mem_stage/dcache.v:91]
WARNING: [Synth 8-7137] Register way_dirty_reg[0][31] in module dcache has both Set and reset with same priority. This may cause simulation mismatches. Consider rewriting code  [Z:/Vega_cpu/src/cpu/core/mem_stage/dcache.v:91]
WARNING: [Synth 8-7137] Register way_dirty_reg[0][32] in module dcache has both Set and reset with same priority. This may cause simulation mismatches. Consider rewriting code  [Z:/Vega_cpu/src/cpu/core/mem_stage/dcache.v:91]
WARNING: [Synth 8-7137] Register way_dirty_reg[0][33] in module dcache has both Set and reset with same priority. This may cause simulation mismatches. Consider rewriting code  [Z:/Vega_cpu/src/cpu/core/mem_stage/dcache.v:91]
WARNING: [Synth 8-7137] Register way_dirty_reg[0][34] in module dcache has both Set and reset with same priority. This may cause simulation mismatches. Consider rewriting code  [Z:/Vega_cpu/src/cpu/core/mem_stage/dcache.v:91]
WARNING: [Synth 8-7137] Register way_dirty_reg[0][35] in module dcache has both Set and reset with same priority. This may cause simulation mismatches. Consider rewriting code  [Z:/Vega_cpu/src/cpu/core/mem_stage/dcache.v:91]
WARNING: [Synth 8-7137] Register way_dirty_reg[0][36] in module dcache has both Set and reset with same priority. This may cause simulation mismatches. Consider rewriting code  [Z:/Vega_cpu/src/cpu/core/mem_stage/dcache.v:91]
WARNING: [Synth 8-7137] Register way_dirty_reg[0][37] in module dcache has both Set and reset with same priority. This may cause simulation mismatches. Consider rewriting code  [Z:/Vega_cpu/src/cpu/core/mem_stage/dcache.v:91]
WARNING: [Synth 8-7137] Register way_dirty_reg[0][38] in module dcache has both Set and reset with same priority. This may cause simulation mismatches. Consider rewriting code  [Z:/Vega_cpu/src/cpu/core/mem_stage/dcache.v:91]
WARNING: [Synth 8-7137] Register way_dirty_reg[0][39] in module dcache has both Set and reset with same priority. This may cause simulation mismatches. Consider rewriting code  [Z:/Vega_cpu/src/cpu/core/mem_stage/dcache.v:91]
WARNING: [Synth 8-7137] Register way_dirty_reg[0][40] in module dcache has both Set and reset with same priority. This may cause simulation mismatches. Consider rewriting code  [Z:/Vega_cpu/src/cpu/core/mem_stage/dcache.v:91]
WARNING: [Synth 8-7137] Register way_dirty_reg[0][41] in module dcache has both Set and reset with same priority. This may cause simulation mismatches. Consider rewriting code  [Z:/Vega_cpu/src/cpu/core/mem_stage/dcache.v:91]
WARNING: [Synth 8-7137] Register way_dirty_reg[0][42] in module dcache has both Set and reset with same priority. This may cause simulation mismatches. Consider rewriting code  [Z:/Vega_cpu/src/cpu/core/mem_stage/dcache.v:91]
WARNING: [Synth 8-7137] Register way_dirty_reg[0][43] in module dcache has both Set and reset with same priority. This may cause simulation mismatches. Consider rewriting code  [Z:/Vega_cpu/src/cpu/core/mem_stage/dcache.v:91]
WARNING: [Synth 8-7137] Register way_dirty_reg[0][44] in module dcache has both Set and reset with same priority. This may cause simulation mismatches. Consider rewriting code  [Z:/Vega_cpu/src/cpu/core/mem_stage/dcache.v:91]
WARNING: [Synth 8-7137] Register way_dirty_reg[0][45] in module dcache has both Set and reset with same priority. This may cause simulation mismatches. Consider rewriting code  [Z:/Vega_cpu/src/cpu/core/mem_stage/dcache.v:91]
WARNING: [Synth 8-7137] Register way_dirty_reg[0][46] in module dcache has both Set and reset with same priority. This may cause simulation mismatches. Consider rewriting code  [Z:/Vega_cpu/src/cpu/core/mem_stage/dcache.v:91]
WARNING: [Synth 8-7137] Register way_dirty_reg[0][47] in module dcache has both Set and reset with same priority. This may cause simulation mismatches. Consider rewriting code  [Z:/Vega_cpu/src/cpu/core/mem_stage/dcache.v:91]
WARNING: [Synth 8-7137] Register way_dirty_reg[0][48] in module dcache has both Set and reset with same priority. This may cause simulation mismatches. Consider rewriting code  [Z:/Vega_cpu/src/cpu/core/mem_stage/dcache.v:91]
WARNING: [Synth 8-7137] Register way_dirty_reg[0][49] in module dcache has both Set and reset with same priority. This may cause simulation mismatches. Consider rewriting code  [Z:/Vega_cpu/src/cpu/core/mem_stage/dcache.v:91]
WARNING: [Synth 8-7137] Register way_dirty_reg[0][50] in module dcache has both Set and reset with same priority. This may cause simulation mismatches. Consider rewriting code  [Z:/Vega_cpu/src/cpu/core/mem_stage/dcache.v:91]
WARNING: [Synth 8-7137] Register way_dirty_reg[0][51] in module dcache has both Set and reset with same priority. This may cause simulation mismatches. Consider rewriting code  [Z:/Vega_cpu/src/cpu/core/mem_stage/dcache.v:91]
WARNING: [Synth 8-7137] Register way_dirty_reg[0][52] in module dcache has both Set and reset with same priority. This may cause simulation mismatches. Consider rewriting code  [Z:/Vega_cpu/src/cpu/core/mem_stage/dcache.v:91]
WARNING: [Synth 8-7137] Register way_dirty_reg[0][53] in module dcache has both Set and reset with same priority. This may cause simulation mismatches. Consider rewriting code  [Z:/Vega_cpu/src/cpu/core/mem_stage/dcache.v:91]
WARNING: [Synth 8-7137] Register way_dirty_reg[0][54] in module dcache has both Set and reset with same priority. This may cause simulation mismatches. Consider rewriting code  [Z:/Vega_cpu/src/cpu/core/mem_stage/dcache.v:91]
WARNING: [Synth 8-7137] Register way_dirty_reg[0][55] in module dcache has both Set and reset with same priority. This may cause simulation mismatches. Consider rewriting code  [Z:/Vega_cpu/src/cpu/core/mem_stage/dcache.v:91]
WARNING: [Synth 8-7137] Register way_dirty_reg[0][56] in module dcache has both Set and reset with same priority. This may cause simulation mismatches. Consider rewriting code  [Z:/Vega_cpu/src/cpu/core/mem_stage/dcache.v:91]
WARNING: [Synth 8-7137] Register way_dirty_reg[0][57] in module dcache has both Set and reset with same priority. This may cause simulation mismatches. Consider rewriting code  [Z:/Vega_cpu/src/cpu/core/mem_stage/dcache.v:91]
WARNING: [Synth 8-7137] Register way_dirty_reg[0][58] in module dcache has both Set and reset with same priority. This may cause simulation mismatches. Consider rewriting code  [Z:/Vega_cpu/src/cpu/core/mem_stage/dcache.v:91]
WARNING: [Synth 8-7137] Register way_dirty_reg[0][59] in module dcache has both Set and reset with same priority. This may cause simulation mismatches. Consider rewriting code  [Z:/Vega_cpu/src/cpu/core/mem_stage/dcache.v:91]
WARNING: [Synth 8-7137] Register way_dirty_reg[0][60] in module dcache has both Set and reset with same priority. This may cause simulation mismatches. Consider rewriting code  [Z:/Vega_cpu/src/cpu/core/mem_stage/dcache.v:91]
WARNING: [Synth 8-7137] Register way_dirty_reg[0][61] in module dcache has both Set and reset with same priority. This may cause simulation mismatches. Consider rewriting code  [Z:/Vega_cpu/src/cpu/core/mem_stage/dcache.v:91]
WARNING: [Synth 8-7137] Register way_dirty_reg[0][62] in module dcache has both Set and reset with same priority. This may cause simulation mismatches. Consider rewriting code  [Z:/Vega_cpu/src/cpu/core/mem_stage/dcache.v:91]
WARNING: [Synth 8-7137] Register way_dirty_reg[0][63] in module dcache has both Set and reset with same priority. This may cause simulation mismatches. Consider rewriting code  [Z:/Vega_cpu/src/cpu/core/mem_stage/dcache.v:91]
WARNING: [Synth 8-7137] Register way_dirty_reg[1][0] in module dcache has both Set and reset with same priority. This may cause simulation mismatches. Consider rewriting code  [Z:/Vega_cpu/src/cpu/core/mem_stage/dcache.v:91]
WARNING: [Synth 8-7137] Register way_dirty_reg[1][1] in module dcache has both Set and reset with same priority. This may cause simulation mismatches. Consider rewriting code  [Z:/Vega_cpu/src/cpu/core/mem_stage/dcache.v:91]
WARNING: [Synth 8-7137] Register way_dirty_reg[1][2] in module dcache has both Set and reset with same priority. This may cause simulation mismatches. Consider rewriting code  [Z:/Vega_cpu/src/cpu/core/mem_stage/dcache.v:91]
WARNING: [Synth 8-7137] Register way_dirty_reg[1][3] in module dcache has both Set and reset with same priority. This may cause simulation mismatches. Consider rewriting code  [Z:/Vega_cpu/src/cpu/core/mem_stage/dcache.v:91]
WARNING: [Synth 8-7137] Register way_dirty_reg[1][4] in module dcache has both Set and reset with same priority. This may cause simulation mismatches. Consider rewriting code  [Z:/Vega_cpu/src/cpu/core/mem_stage/dcache.v:91]
WARNING: [Synth 8-7137] Register way_dirty_reg[1][5] in module dcache has both Set and reset with same priority. This may cause simulation mismatches. Consider rewriting code  [Z:/Vega_cpu/src/cpu/core/mem_stage/dcache.v:91]
WARNING: [Synth 8-7137] Register way_dirty_reg[1][6] in module dcache has both Set and reset with same priority. This may cause simulation mismatches. Consider rewriting code  [Z:/Vega_cpu/src/cpu/core/mem_stage/dcache.v:91]
WARNING: [Synth 8-7137] Register way_dirty_reg[1][7] in module dcache has both Set and reset with same priority. This may cause simulation mismatches. Consider rewriting code  [Z:/Vega_cpu/src/cpu/core/mem_stage/dcache.v:91]
WARNING: [Synth 8-7137] Register way_dirty_reg[1][8] in module dcache has both Set and reset with same priority. This may cause simulation mismatches. Consider rewriting code  [Z:/Vega_cpu/src/cpu/core/mem_stage/dcache.v:91]
WARNING: [Synth 8-7137] Register way_dirty_reg[1][9] in module dcache has both Set and reset with same priority. This may cause simulation mismatches. Consider rewriting code  [Z:/Vega_cpu/src/cpu/core/mem_stage/dcache.v:91]
WARNING: [Synth 8-7137] Register way_dirty_reg[1][10] in module dcache has both Set and reset with same priority. This may cause simulation mismatches. Consider rewriting code  [Z:/Vega_cpu/src/cpu/core/mem_stage/dcache.v:91]
WARNING: [Synth 8-7137] Register way_dirty_reg[1][11] in module dcache has both Set and reset with same priority. This may cause simulation mismatches. Consider rewriting code  [Z:/Vega_cpu/src/cpu/core/mem_stage/dcache.v:91]
WARNING: [Synth 8-7137] Register way_dirty_reg[1][12] in module dcache has both Set and reset with same priority. This may cause simulation mismatches. Consider rewriting code  [Z:/Vega_cpu/src/cpu/core/mem_stage/dcache.v:91]
WARNING: [Synth 8-7137] Register way_dirty_reg[1][13] in module dcache has both Set and reset with same priority. This may cause simulation mismatches. Consider rewriting code  [Z:/Vega_cpu/src/cpu/core/mem_stage/dcache.v:91]
WARNING: [Synth 8-7137] Register way_dirty_reg[1][14] in module dcache has both Set and reset with same priority. This may cause simulation mismatches. Consider rewriting code  [Z:/Vega_cpu/src/cpu/core/mem_stage/dcache.v:91]
WARNING: [Synth 8-7137] Register way_dirty_reg[1][15] in module dcache has both Set and reset with same priority. This may cause simulation mismatches. Consider rewriting code  [Z:/Vega_cpu/src/cpu/core/mem_stage/dcache.v:91]
WARNING: [Synth 8-7137] Register way_dirty_reg[1][16] in module dcache has both Set and reset with same priority. This may cause simulation mismatches. Consider rewriting code  [Z:/Vega_cpu/src/cpu/core/mem_stage/dcache.v:91]
WARNING: [Synth 8-7137] Register way_dirty_reg[1][17] in module dcache has both Set and reset with same priority. This may cause simulation mismatches. Consider rewriting code  [Z:/Vega_cpu/src/cpu/core/mem_stage/dcache.v:91]
WARNING: [Synth 8-7137] Register way_dirty_reg[1][18] in module dcache has both Set and reset with same priority. This may cause simulation mismatches. Consider rewriting code  [Z:/Vega_cpu/src/cpu/core/mem_stage/dcache.v:91]
WARNING: [Synth 8-7137] Register way_dirty_reg[1][19] in module dcache has both Set and reset with same priority. This may cause simulation mismatches. Consider rewriting code  [Z:/Vega_cpu/src/cpu/core/mem_stage/dcache.v:91]
INFO: [Common 17-14] Message 'Synth 8-7137' appears 100 times and further instances of the messages will be disabled. Use the Tcl command set_msg_config to change the current settings.
INFO: [Synth 8-6155] done synthesizing module 'dcache' (16#1) [Z:/Vega_cpu/src/cpu/core/mem_stage/dcache.v:6]
WARNING: [Synth 8-6104] Input port 'dcache_data_out' has an internal driver [Z:/Vega_cpu/src/cpu/core/mem_stage/mem_stage.v:82]
WARNING: [Synth 8-6104] Input port 'dcache_hit' has an internal driver [Z:/Vega_cpu/src/cpu/core/mem_stage/mem_stage.v:83]
WARNING: [Synth 8-6104] Input port 'dcache_refill_done' has an internal driver [Z:/Vega_cpu/src/cpu/core/mem_stage/mem_stage.v:84]
WARNING: [Synth 8-6104] Input port 'dcache_writeback_req' has an internal driver [Z:/Vega_cpu/src/cpu/core/mem_stage/mem_stage.v:85]
WARNING: [Synth 8-6104] Input port 'dcache_writeback_addr' has an internal driver [Z:/Vega_cpu/src/cpu/core/mem_stage/mem_stage.v:86]
WARNING: [Synth 8-6104] Input port 'dcache_writeback_data' has an internal driver [Z:/Vega_cpu/src/cpu/core/mem_stage/mem_stage.v:87]
WARNING: [Synth 8-6104] Input port 'dcache_cache_stall' has an internal driver [Z:/Vega_cpu/src/cpu/core/mem_stage/mem_stage.v:88]
INFO: [Synth 8-6155] done synthesizing module 'mem_stage' (17#1) [Z:/Vega_cpu/src/cpu/core/mem_stage/mem_stage.v:7]
INFO: [Synth 8-6157] synthesizing module 'hazard_unit' [Z:/Vega_cpu/src/cpu/core/hazard_unit.v:6]
INFO: [Synth 8-6155] done synthesizing module 'hazard_unit' (18#1) [Z:/Vega_cpu/src/cpu/core/hazard_unit.v:6]
WARNING: [Synth 8-3848] Net dcache_writeback_addr in module/entity riscv_cpu does not have driver. [Z:/Vega_cpu/src/cpu/riscv_cpu.v:107]
WARNING: [Synth 8-3848] Net dcache_writeback_req in module/entity riscv_cpu does not have driver. [Z:/Vega_cpu/src/cpu/riscv_cpu.v:106]
WARNING: [Synth 8-3848] Net dcache_writeback_data in module/entity riscv_cpu does not have driver. [Z:/Vega_cpu/src/cpu/riscv_cpu.v:108]
WARNING: [Synth 8-3848] Net dcache_data_out in module/entity riscv_cpu does not have driver. [Z:/Vega_cpu/src/cpu/riscv_cpu.v:103]
WARNING: [Synth 8-3848] Net dcache_hit in module/entity riscv_cpu does not have driver. [Z:/Vega_cpu/src/cpu/riscv_cpu.v:104]
WARNING: [Synth 8-3848] Net dcache_refill_done in module/entity riscv_cpu does not have driver. [Z:/Vega_cpu/src/cpu/riscv_cpu.v:105]
WARNING: [Synth 8-3848] Net dcache_cache_stall in module/entity riscv_cpu does not have driver. [Z:/Vega_cpu/src/cpu/riscv_cpu.v:109]
WARNING: [Synth 8-3848] Net icache_addr in module/entity riscv_cpu does not have driver. [Z:/Vega_cpu/src/cpu/riscv_cpu.v:69]
WARNING: [Synth 8-3848] Net icache_req in module/entity riscv_cpu does not have driver. [Z:/Vega_cpu/src/cpu/riscv_cpu.v:70]
WARNING: [Synth 8-3848] Net icache_mem_data in module/entity riscv_cpu does not have driver. [Z:/Vega_cpu/src/cpu/riscv_cpu.v:74]
WARNING: [Synth 8-3848] Net icache_mem_ready in module/entity riscv_cpu does not have driver. [Z:/Vega_cpu/src/cpu/riscv_cpu.v:76]
INFO: [Synth 8-6155] done synthesizing module 'riscv_cpu' (19#1) [Z:/Vega_cpu/src/cpu/riscv_cpu.v:8]
INFO: [Synth 8-6155] done synthesizing module 'vega_soc_top' (20#1) [Z:/Vega_cpu/src/soc/vega_soc_top.v:1]
---------------------------------------------------------------------------------
Finished Synthesize : Time (s): cpu = 00:00:16 ; elapsed = 00:00:15 . Memory (MB): peak = 7205.875 ; gain = 0.000
---------------------------------------------------------------------------------
Copyright 1986-2022 Xilinx, Inc. All Rights Reserved. Copyright 2022-2025 Advanced Micro Devices, Inc. All Rights Reserved.
---------------------------------------------------------------------------------------------------------------------------------------------
| Tool Version : Vivado v.2025.2 (win64) Build 6299465 Fri Nov 14 19:35:11 GMT 2025
| Date         : Fri Apr 24 13:00:17 2026
| Host         : Station running 64-bit major release  (build 9200)
---------------------------------------------------------------------------------------------------------------------------------------------

RTL Linter Report

Table of Contents
-----------------
1. Summary

1. Summary
----------

+-----------+------------------+--------------+----------+
| Rule ID   | Severity         | # Violations | # Waived |
+-----------+------------------+--------------+----------+
| ASSIGN-5  | WARNING          | 14           | 0        |
| ASSIGN-6  | WARNING          | 40           | 0        |
| ASSIGN-7  | CRITICAL WARNING | 7            | 0        |
| ASSIGN-10 | WARNING          | 34           | 0        |
| RESET-2   | WARNING          | 2            | 0        |
+-----------+------------------+--------------+----------+


WARNING: [Synth 37-93] [ASSIGN-6]Signal 'signed_result' was assigned but not read. 
RTL Name 'signed_result', Hierarchy 'alu', File 'Z:/Vega_cpu/src/cpu/core/ex_stage/alu.v', Line 24.
WARNING: [Synth 37-125] [ASSIGN-10]Some bits in IO 'pc' are not read. First unread bit index is 0. 
RTL Name 'pc', Hierarchy 'bht', File 'bht.v', Line 10.
WARNING: [Synth 37-125] [ASSIGN-10]Some bits in IO 'read_en' are not read. First unread bit index is 0. 
RTL Name 'read_en', Hierarchy 'bht', File 'bht.v', Line 9.
WARNING: [Synth 37-125] [ASSIGN-10]Some bits in IO 'update_pc' are not read. First unread bit index is 0. 
RTL Name 'update_pc', Hierarchy 'bht', File 'bht.v', Line 17.
WARNING: [Synth 37-125] [ASSIGN-10]Some bits in IO 'pc' are not read. First unread bit index is 0. 
RTL Name 'pc', Hierarchy 'btb', File 'btb.v', Line 10.
WARNING: [Synth 37-125] [ASSIGN-10]Some bits in IO 'update_pc' are not read. First unread bit index is 0. 
RTL Name 'update_pc', Hierarchy 'btb', File 'btb.v', Line 17.
WARNING: [Synth 37-93] [ASSIGN-6]Signal 'offset' was assigned but not read. 
RTL Name 'offset', Hierarchy 'dcache', File 'Z:/Vega_cpu/src/cpu/core/mem_stage/dcache.v', Line 49.
WARNING: [Synth 37-125] [ASSIGN-10]Some bits in IO 'addr' are not read. First unread bit index is 0. 
RTL Name 'addr', Hierarchy 'dcache', File 'dcache.v', Line 10.
WARNING: [Synth 37-125] [ASSIGN-10]Some bits in IO 'be' are not read. First unread bit index is 0. 
RTL Name 'be', Hierarchy 'dcache', File 'dcache.v', Line 12.
WARNING: [Synth 37-125] [ASSIGN-10]Some bits in IO 'size' are not read. First unread bit index is 0. 
RTL Name 'size', Hierarchy 'dcache', File 'dcache.v', Line 15.
WARNING: [Synth 37-125] [ASSIGN-10]Some bits in IO 'wdata' are not read. First unread bit index is 0. 
RTL Name 'wdata', Hierarchy 'dcache', File 'dcache.v', Line 11.
WARNING: [Synth 37-93] [ASSIGN-6]Signal 'alu_neg_w1' was assigned but not read. 
RTL Name 'alu_neg_w1', Hierarchy 'ex_stage', File 'Z:/Vega_cpu/src/cpu/core/ex_stage/ex_stage.v', Line 176.
WARNING: [Synth 37-93] [ASSIGN-6]Signal 'alu_neg_w2' was assigned but not read. 
RTL Name 'alu_neg_w2', Hierarchy 'ex_stage', File 'Z:/Vega_cpu/src/cpu/core/ex_stage/ex_stage.v', Line 177.
WARNING: [Synth 37-93] [ASSIGN-6]Signal 'alu_ovf_w1' was assigned but not read. 
RTL Name 'alu_ovf_w1', Hierarchy 'ex_stage', File 'Z:/Vega_cpu/src/cpu/core/ex_stage/ex_stage.v', Line 176.
WARNING: [Synth 37-93] [ASSIGN-6]Signal 'alu_ovf_w2' was assigned but not read. 
RTL Name 'alu_ovf_w2', Hierarchy 'ex_stage', File 'Z:/Vega_cpu/src/cpu/core/ex_stage/ex_stage.v', Line 177.
WARNING: [Synth 37-93] [ASSIGN-6]Signal 'alu_zero_w1' was assigned but not read. 
RTL Name 'alu_zero_w1', Hierarchy 'ex_stage', File 'Z:/Vega_cpu/src/cpu/core/ex_stage/ex_stage.v', Line 176.
WARNING: [Synth 37-93] [ASSIGN-6]Signal 'alu_zero_w2' was assigned but not read. 
RTL Name 'alu_zero_w2', Hierarchy 'ex_stage', File 'Z:/Vega_cpu/src/cpu/core/ex_stage/ex_stage.v', Line 177.
WARNING: [Synth 37-125] [ASSIGN-10]Some bits in IO 'is_branch_w2_i' are not read. First unread bit index is 0. 
RTL Name 'is_branch_w2_i', Hierarchy 'ex_stage', File 'ex_stage.v', Line 52.
WARNING: [Synth 37-125] [ASSIGN-10]Some bits in IO 'is_jump_w2_i' are not read. First unread bit index is 0. 
RTL Name 'is_jump_w2_i', Hierarchy 'ex_stage', File 'ex_stage.v', Line 53.
WARNING: [Synth 37-103] [RESET-2]Register valid_w1_o_reg in always/process block does not have asynchronous reset when one or more other signals do.
RTL Name 'valid_w1_o_reg', Hierarchy 'ex_stage', File 'Z:/Vega_cpu/src/cpu/core/ex_stage/ex_stage.v', Line 257.
WARNING: [Synth 37-125] [ASSIGN-10]Some bits in IO 'branch_taken_ex' are not read. First unread bit index is 0. 
RTL Name 'branch_taken_ex', Hierarchy 'hazard_unit', File 'hazard_unit.v', Line 37.
WARNING: [Synth 37-125] [ASSIGN-10]Some bits in IO 'clk' are not read. First unread bit index is 0. 
RTL Name 'clk', Hierarchy 'hazard_unit', File 'hazard_unit.v', Line 7.
WARNING: [Synth 37-125] [ASSIGN-10]Some bits in IO 'rd_addr_mem_w1' are not read. First unread bit index is 0. 
RTL Name 'rd_addr_mem_w1', Hierarchy 'hazard_unit', File 'hazard_unit.v', Line 31.
WARNING: [Synth 37-125] [ASSIGN-10]Some bits in IO 'rd_addr_mem_w2' are not read. First unread bit index is 0. 
RTL Name 'rd_addr_mem_w2', Hierarchy 'hazard_unit', File 'hazard_unit.v', Line 33.
WARNING: [Synth 37-125] [ASSIGN-10]Some bits in IO 'reg_write_en_ex_w1' are not read. First unread bit index is 0. 
RTL Name 'reg_write_en_ex_w1', Hierarchy 'hazard_unit', File 'hazard_unit.v', Line 24.
WARNING: [Synth 37-125] [ASSIGN-10]Some bits in IO 'reg_write_en_ex_w2' are not read. First unread bit index is 0. 
RTL Name 'reg_write_en_ex_w2', Hierarchy 'hazard_unit', File 'hazard_unit.v', Line 27.
WARNING: [Synth 37-125] [ASSIGN-10]Some bits in IO 'reg_write_en_mem_w1' are not read. First unread bit index is 0. 
RTL Name 'reg_write_en_mem_w1', Hierarchy 'hazard_unit', File 'hazard_unit.v', Line 32.
WARNING: [Synth 37-125] [ASSIGN-10]Some bits in IO 'reg_write_en_mem_w2' are not read. First unread bit index is 0. 
RTL Name 'reg_write_en_mem_w2', Hierarchy 'hazard_unit', File 'hazard_unit.v', Line 34.
WARNING: [Synth 37-125] [ASSIGN-10]Some bits in IO 'rst_n' are not read. First unread bit index is 0. 
RTL Name 'rst_n', Hierarchy 'hazard_unit', File 'hazard_unit.v', Line 8.
WARNING: [Synth 37-125] [ASSIGN-10]Some bits in IO 'addr' are not read. First unread bit index is 0. 
RTL Name 'addr', Hierarchy 'icache', File 'icache.v', Line 10.
WARNING: [Synth 37-123] [ASSIGN-6]Some bits in 'funct7_w1' are not read. First unread bit index is 0. 
RTL Name 'funct7_w1', Hierarchy 'id_stage', File 'id_stage.v', Line 88.
WARNING: [Synth 37-123] [ASSIGN-6]Some bits in 'funct7_w2' are not read. First unread bit index is 0. 
RTL Name 'funct7_w2', Hierarchy 'id_stage', File 'id_stage.v', Line 113.
WARNING: [Synth 37-93] [ASSIGN-6]Signal 'is_alu_imm_w1' was assigned but not read. 
RTL Name 'is_alu_imm_w1', Hierarchy 'id_stage', File 'Z:/Vega_cpu/src/cpu/core/id_stage/id_stage.v', Line 90.
WARNING: [Synth 37-93] [ASSIGN-6]Signal 'is_alu_imm_w2' was assigned but not read. 
RTL Name 'is_alu_imm_w2', Hierarchy 'id_stage', File 'Z:/Vega_cpu/src/cpu/core/id_stage/id_stage.v', Line 115.
WARNING: [Synth 37-93] [ASSIGN-6]Signal 'is_compressed_w1' was assigned but not read. 
RTL Name 'is_compressed_w1', Hierarchy 'id_stage', File 'Z:/Vega_cpu/src/cpu/core/id_stage/id_stage.v', Line 93.
WARNING: [Synth 37-93] [ASSIGN-6]Signal 'is_compressed_w2' was assigned but not read. 
RTL Name 'is_compressed_w2', Hierarchy 'id_stage', File 'Z:/Vega_cpu/src/cpu/core/id_stage/id_stage.v', Line 118.
WARNING: [Synth 37-103] [RESET-2]Register valid_w1_o_reg in always/process block does not have asynchronous reset when one or more other signals do.
RTL Name 'valid_w1_o_reg', Hierarchy 'id_stage', File 'Z:/Vega_cpu/src/cpu/core/id_stage/id_stage.v', Line 273.
WARNING: [Synth 37-93] [ASSIGN-6]Signal 'bht_counter' was assigned but not read. 
RTL Name 'bht_counter', Hierarchy 'if_stage', File 'Z:/Vega_cpu/src/cpu/core/if_stage/if_stage.v', Line 69.
WARNING: [Synth 37-123] [ASSIGN-6]Some bits in 'inst2_hw' are not read. First unread bit index is 2. 
RTL Name 'inst2_hw', Hierarchy 'if_stage', File 'if_stage.v', Line 93.
WARNING: [Synth 37-125] [ASSIGN-10]Some bits in IO 'uses_rs1_w1_i' are not read. First unread bit index is 0. 
RTL Name 'uses_rs1_w1_i', Hierarchy 'ii_stage', File 'ii_stage.v', Line 34.
WARNING: [Synth 37-125] [ASSIGN-10]Some bits in IO 'uses_rs2_w1_i' are not read. First unread bit index is 0. 
RTL Name 'uses_rs2_w1_i', Hierarchy 'ii_stage', File 'ii_stage.v', Line 35.
WARNING: [Synth 37-93] [ASSIGN-6]Signal 'size' was assigned but not read. 
RTL Name 'size', Hierarchy 'mem_stage', File 'Z:/Vega_cpu/src/cpu/core/mem_stage/mem_stage.v', Line 70.
CRITICAL WARNING: [Synth 37-96] [ASSIGN-7]Multiple assignments detected on signal 'dcache_cache_stall'.
RTL Name 'dcache_cache_stall', Hierarchy 'mem_stage', File 'Z:/Vega_cpu/src/cpu/core/mem_stage/mem_stage.v', Line 67.
CRITICAL WARNING: [Synth 37-90] [ASSIGN-7]Multiple assignments detected on array dcache_data_out, first multi-driven bit index is 0.
RTL Name 'dcache_data_out', Hierarchy 'mem_stage', File 'Z:/Vega_cpu/src/cpu/core/mem_stage/mem_stage.v', Line 55.
CRITICAL WARNING: [Synth 37-96] [ASSIGN-7]Multiple assignments detected on signal 'dcache_hit'.
RTL Name 'dcache_hit', Hierarchy 'mem_stage', File 'Z:/Vega_cpu/src/cpu/core/mem_stage/mem_stage.v', Line 56.
CRITICAL WARNING: [Synth 37-96] [ASSIGN-7]Multiple assignments detected on signal 'dcache_refill_done'.
RTL Name 'dcache_refill_done', Hierarchy 'mem_stage', File 'Z:/Vega_cpu/src/cpu/core/mem_stage/mem_stage.v', Line 57.
CRITICAL WARNING: [Synth 37-90] [ASSIGN-7]Multiple assignments detected on array dcache_writeback_addr, first multi-driven bit index is 0.
RTL Name 'dcache_writeback_addr', Hierarchy 'mem_stage', File 'Z:/Vega_cpu/src/cpu/core/mem_stage/mem_stage.v', Line 59.
CRITICAL WARNING: [Synth 37-90] [ASSIGN-7]Multiple assignments detected on array dcache_writeback_data, first multi-driven bit index is 0.
RTL Name 'dcache_writeback_data', Hierarchy 'mem_stage', File 'Z:/Vega_cpu/src/cpu/core/mem_stage/mem_stage.v', Line 60.
CRITICAL WARNING: [Synth 37-96] [ASSIGN-7]Multiple assignments detected on signal 'dcache_writeback_req'.
RTL Name 'dcache_writeback_req', Hierarchy 'mem_stage', File 'Z:/Vega_cpu/src/cpu/core/mem_stage/mem_stage.v', Line 58.
WARNING: [Synth 37-125] [ASSIGN-10]Some bits in IO 'dcache_cache_stall' are not read. First unread bit index is 0. 
RTL Name 'dcache_cache_stall', Hierarchy 'mem_stage', File 'mem_stage.v', Line 67.
WARNING: [Synth 37-125] [ASSIGN-10]Some bits in IO 'dcache_hit' are not read. First unread bit index is 0. 
RTL Name 'dcache_hit', Hierarchy 'mem_stage', File 'mem_stage.v', Line 56.
WARNING: [Synth 37-125] [ASSIGN-10]Some bits in IO 'dcache_refill_done' are not read. First unread bit index is 0. 
RTL Name 'dcache_refill_done', Hierarchy 'mem_stage', File 'mem_stage.v', Line 57.
WARNING: [Synth 37-125] [ASSIGN-10]Some bits in IO 'dcache_writeback_addr' are not read. First unread bit index is 0. 
RTL Name 'dcache_writeback_addr', Hierarchy 'mem_stage', File 'mem_stage.v', Line 59.
WARNING: [Synth 37-125] [ASSIGN-10]Some bits in IO 'dcache_writeback_data' are not read. First unread bit index is 0. 
RTL Name 'dcache_writeback_data', Hierarchy 'mem_stage', File 'mem_stage.v', Line 60.
WARNING: [Synth 37-125] [ASSIGN-10]Some bits in IO 'dcache_writeback_req' are not read. First unread bit index is 0. 
RTL Name 'dcache_writeback_req', Hierarchy 'mem_stage', File 'mem_stage.v', Line 58.
WARNING: [Synth 37-125] [ASSIGN-10]Some bits in IO 'pc_w1_i' are not read. First unread bit index is 0. 
RTL Name 'pc_w1_i', Hierarchy 'mem_stage', File 'mem_stage.v', Line 15.
WARNING: [Synth 37-95] [ASSIGN-5]Found scalar variable(s) 'dcache_cache_stall' declared and are not set.
RTL Name 'dcache_cache_stall', Hierarchy 'riscv_cpu', File 'Z:/Vega_cpu/src/cpu/riscv_cpu.v', Line 109.
WARNING: [Synth 37-124] [ASSIGN-5]Some bits in 'dcache_data_out' are not set. First unset bit index is 0. 
RTL Name 'dcache_data_out', Hierarchy 'riscv_cpu', File 'riscv_cpu.v', Line 103.
WARNING: [Synth 37-95] [ASSIGN-5]Found scalar variable(s) 'dcache_hit' declared and are not set.
RTL Name 'dcache_hit', Hierarchy 'riscv_cpu', File 'Z:/Vega_cpu/src/cpu/riscv_cpu.v', Line 104.
WARNING: [Synth 37-95] [ASSIGN-5]Found scalar variable(s) 'dcache_refill_done' declared and are not set.
RTL Name 'dcache_refill_done', Hierarchy 'riscv_cpu', File 'Z:/Vega_cpu/src/cpu/riscv_cpu.v', Line 105.
WARNING: [Synth 37-124] [ASSIGN-5]Some bits in 'dcache_writeback_addr' are not set. First unset bit index is 0. 
RTL Name 'dcache_writeback_addr', Hierarchy 'riscv_cpu', File 'riscv_cpu.v', Line 107.
WARNING: [Synth 37-124] [ASSIGN-5]Some bits in 'dcache_writeback_data' are not set. First unset bit index is 0. 
RTL Name 'dcache_writeback_data', Hierarchy 'riscv_cpu', File 'riscv_cpu.v', Line 108.
WARNING: [Synth 37-95] [ASSIGN-5]Found scalar variable(s) 'dcache_writeback_req' declared and are not set.
RTL Name 'dcache_writeback_req', Hierarchy 'riscv_cpu', File 'Z:/Vega_cpu/src/cpu/riscv_cpu.v', Line 106.
WARNING: [Synth 37-124] [ASSIGN-5]Some bits in 'icache_addr' are not set. First unset bit index is 0. 
RTL Name 'icache_addr', Hierarchy 'riscv_cpu', File 'riscv_cpu.v', Line 69.
WARNING: [Synth 37-95] [ASSIGN-5]Found scalar variable(s) 'icache_hit_reg' declared and are not set.
RTL Name 'icache_hit_reg', Hierarchy 'riscv_cpu', File 'Z:/Vega_cpu/src/cpu/riscv_cpu.v', Line 79.
WARNING: [Synth 37-124] [ASSIGN-5]Some bits in 'icache_instr_window_out' are not set. First unset bit index is 0. 
RTL Name 'icache_instr_window_out', Hierarchy 'riscv_cpu', File 'riscv_cpu.v', Line 77.
WARNING: [Synth 37-124] [ASSIGN-5]Some bits in 'icache_mem_data' are not set. First unset bit index is 0. 
RTL Name 'icache_mem_data', Hierarchy 'riscv_cpu', File 'riscv_cpu.v', Line 74.
WARNING: [Synth 37-95] [ASSIGN-5]Found scalar variable(s) 'icache_mem_ready' declared and are not set.
RTL Name 'icache_mem_ready', Hierarchy 'riscv_cpu', File 'Z:/Vega_cpu/src/cpu/riscv_cpu.v', Line 76.
WARNING: [Synth 37-95] [ASSIGN-5]Found scalar variable(s) 'icache_req' declared and are not set.
RTL Name 'icache_req', Hierarchy 'riscv_cpu', File 'Z:/Vega_cpu/src/cpu/riscv_cpu.v', Line 70.
WARNING: [Synth 37-95] [ASSIGN-5]Found scalar variable(s) 'icache_window_valid' declared and are not set.
RTL Name 'icache_window_valid', Hierarchy 'riscv_cpu', File 'Z:/Vega_cpu/src/cpu/riscv_cpu.v', Line 78.
WARNING: [Synth 37-93] [ASSIGN-6]Signal 'dcache_addr' was assigned but not read. 
RTL Name 'dcache_addr', Hierarchy 'riscv_cpu', File 'Z:/Vega_cpu/src/cpu/riscv_cpu.v', Line 97.
WARNING: [Synth 37-93] [ASSIGN-6]Signal 'dcache_req' was assigned but not read. 
RTL Name 'dcache_req', Hierarchy 'riscv_cpu', File 'Z:/Vega_cpu/src/cpu/riscv_cpu.v', Line 100.
WARNING: [Synth 37-93] [ASSIGN-6]Signal 'dcache_size' was assigned but not read. 
RTL Name 'dcache_size', Hierarchy 'riscv_cpu', File 'Z:/Vega_cpu/src/cpu/riscv_cpu.v', Line 102.
WARNING: [Synth 37-93] [ASSIGN-6]Signal 'dcache_wdata' was assigned but not read. 
RTL Name 'dcache_wdata', Hierarchy 'riscv_cpu', File 'Z:/Vega_cpu/src/cpu/riscv_cpu.v', Line 98.
WARNING: [Synth 37-93] [ASSIGN-6]Signal 'dcache_we' was assigned but not read. 
RTL Name 'dcache_we', Hierarchy 'riscv_cpu', File 'Z:/Vega_cpu/src/cpu/riscv_cpu.v', Line 101.
WARNING: [Synth 37-93] [ASSIGN-6]Signal 'exmem_mr_w2' was assigned but not read. 
RTL Name 'exmem_mr_w2', Hierarchy 'riscv_cpu', File 'Z:/Vega_cpu/src/cpu/riscv_cpu.v', Line 327.
WARNING: [Synth 37-93] [ASSIGN-6]Signal 'exmem_msz_w2' was assigned but not read. 
RTL Name 'exmem_msz_w2', Hierarchy 'riscv_cpu', File 'Z:/Vega_cpu/src/cpu/riscv_cpu.v', Line 328.
WARNING: [Synth 37-93] [ASSIGN-6]Signal 'exmem_mw_w2' was assigned but not read. 
RTL Name 'exmem_mw_w2', Hierarchy 'riscv_cpu', File 'Z:/Vega_cpu/src/cpu/riscv_cpu.v', Line 327.
WARNING: [Synth 37-93] [ASSIGN-6]Signal 'exmem_pc_w2' was assigned but not read. 
RTL Name 'exmem_pc_w2', Hierarchy 'riscv_cpu', File 'Z:/Vega_cpu/src/cpu/riscv_cpu.v', Line 323.
WARNING: [Synth 37-93] [ASSIGN-6]Signal 'exmem_rs2_w2' was assigned but not read. 
RTL Name 'exmem_rs2_w2', Hierarchy 'riscv_cpu', File 'Z:/Vega_cpu/src/cpu/riscv_cpu.v', Line 325.
WARNING: [Synth 37-93] [ASSIGN-6]Signal 'icache_data_out' was assigned but not read. 
RTL Name 'icache_data_out', Hierarchy 'riscv_cpu', File 'Z:/Vega_cpu/src/cpu/riscv_cpu.v', Line 71.
WARNING: [Synth 37-93] [ASSIGN-6]Signal 'icache_hit' was assigned but not read. 
RTL Name 'icache_hit', Hierarchy 'riscv_cpu', File 'Z:/Vega_cpu/src/cpu/riscv_cpu.v', Line 72.
WARNING: [Synth 37-93] [ASSIGN-6]Signal 'icache_mem_addr' was assigned but not read. 
RTL Name 'icache_mem_addr', Hierarchy 'riscv_cpu', File 'Z:/Vega_cpu/src/cpu/riscv_cpu.v', Line 73.
WARNING: [Synth 37-93] [ASSIGN-6]Signal 'icache_mem_req' was assigned but not read. 
RTL Name 'icache_mem_req', Hierarchy 'riscv_cpu', File 'Z:/Vega_cpu/src/cpu/riscv_cpu.v', Line 75.
WARNING: [Synth 37-123] [ASSIGN-6]Some bits in 'mem_access_wdata' are not read. First unread bit index is 64. 
RTL Name 'mem_access_wdata', Hierarchy 'riscv_cpu', File 'riscv_cpu.v', Line 389.
WARNING: [Synth 37-93] [ASSIGN-6]Signal 'memwb_wbs_w2' was assigned but not read. 
RTL Name 'memwb_wbs_w2', Hierarchy 'riscv_cpu', File 'Z:/Vega_cpu/src/cpu/riscv_cpu.v', Line 412.
WARNING: [Synth 37-125] [ASSIGN-10]Some bits in IO 'debug_req' are not read. First unread bit index is 0. 
RTL Name 'debug_req', Hierarchy 'riscv_cpu', File 'riscv_cpu.v', Line 35.
WARNING: [Synth 37-125] [ASSIGN-10]Some bits in IO 'irq_external' are not read. First unread bit index is 0. 
RTL Name 'irq_external', Hierarchy 'riscv_cpu', File 'riscv_cpu.v', Line 29.
WARNING: [Synth 37-125] [ASSIGN-10]Some bits in IO 'irq_software' are not read. First unread bit index is 0. 
RTL Name 'irq_software', Hierarchy 'riscv_cpu', File 'riscv_cpu.v', Line 31.
WARNING: [Synth 37-125] [ASSIGN-10]Some bits in IO 'irq_timer' are not read. First unread bit index is 0. 
RTL Name 'irq_timer', Hierarchy 'riscv_cpu', File 'riscv_cpu.v', Line 30.
WARNING: [Synth 37-93] [ASSIGN-6]Signal 'axi_arready' was assigned but not read. 
RTL Name 'axi_arready', Hierarchy 'uart_adapter', File 'Z:/Vega_cpu/Project/Vega/Vega.srcs/sources_1/new/uart_adapter.v', Line 39.
WARNING: [Synth 37-93] [ASSIGN-6]Signal 'axi_awready' was assigned but not read. 
RTL Name 'axi_awready', Hierarchy 'uart_adapter', File 'Z:/Vega_cpu/Project/Vega/Vega.srcs/sources_1/new/uart_adapter.v', Line 23.
WARNING: [Synth 37-93] [ASSIGN-6]Signal 'axi_bresp' was assigned but not read. 
RTL Name 'axi_bresp', Hierarchy 'uart_adapter', File 'Z:/Vega_cpu/Project/Vega/Vega.srcs/sources_1/new/uart_adapter.v', Line 32.
WARNING: [Synth 37-93] [ASSIGN-6]Signal 'axi_rresp' was assigned but not read. 
RTL Name 'axi_rresp', Hierarchy 'uart_adapter', File 'Z:/Vega_cpu/Project/Vega/Vega.srcs/sources_1/new/uart_adapter.v', Line 43.
WARNING: [Synth 37-93] [ASSIGN-6]Signal 'axi_wready' was assigned but not read. 
RTL Name 'axi_wready', Hierarchy 'uart_adapter', File 'Z:/Vega_cpu/Project/Vega/Vega.srcs/sources_1/new/uart_adapter.v', Line 29.
WARNING: [Synth 37-93] [ASSIGN-6]Signal 'clk' was assigned but not read. 
RTL Name 'clk', Hierarchy 'vega_soc_top', File 'Z:/Vega_cpu/src/soc/vega_soc_top.v', Line 15.
WARNING: [Synth 37-123] [ASSIGN-6]Some bits in 'instr_addr' are not read. First unread bit index is 0. 
RTL Name 'instr_addr', Hierarchy 'vega_soc_top', File 'vega_soc_top.v', Line 17.
INFO: [Synth 37-85] Total of 97 linter message(s) generated.
INFO: [Synth 37-45] Linter Run Finished!
Synthesis Optimization Runtime : Time (s): cpu = 00:00:16 ; elapsed = 00:00:15 . Memory (MB): peak = 7205.875 ; gain = 0.000
INFO: [Common 17-83] Releasing license: Synthesis
49 Infos, 221 Warnings, 7 Critical Warnings and 0 Errors encountered.
synth_design completed successfully
synth_design: Time (s): cpu = 00:00:16 ; elapsed = 00:00:16 . Memory (MB): peak = 7205.875 ; gain = 0.000
reset_run synth_1
INFO: [Project 1-1161] Replacing file Z:/Vega_cpu/Project/Vega/Vega.srcs/utils_1/imports/synth_1/vega_soc_top.dcp with file Z:/Vega_cpu/Project/Vega/Vega.runs/synth_1/vega_soc_top.dcp
launch_runs synth_1 -jobs 24
INFO: [Vivado 12-4149] The synthesis checkpoint for IP 'z:/Vega_cpu/Project/Vega/Vega.srcs/sources_1/ip/axi_uartlite_0/axi_uartlite_0.xci' is already up-to-date
[Fri Apr 24 13:00:27 2026] Launched synth_1...
Run output will be captured here: Z:/Vega_cpu/Project/Vega/Vega.runs/synth_1/runme.log
synth_design -top vega_soc_top -part xc7a200tfbg676-3 -lint 
Command: synth_design -top vega_soc_top -part xc7a200tfbg676-3 -lint
Starting synth_design
Attempting to get a license for feature 'Synthesis' and/or device 'xc7a200t'
INFO: [Common 17-349] Got license for feature 'Synthesis' and/or device 'xc7a200t'
INFO: [Synth 8-7079] Multithreading enabled for synth_design using a maximum of 2 processes.
---------------------------------------------------------------------------------
Starting Synthesize : Time (s): cpu = 00:00:12 ; elapsed = 00:00:09 . Memory (MB): peak = 7205.875 ; gain = 0.000
---------------------------------------------------------------------------------
Clean up Linter database...
WARNING: [Synth 8-6901] identifier 'way2_fetch_valid' is used before its declaration [Z:/Vega_cpu/src/cpu/core/if_stage/if_stage.v:108]
INFO: [Synth 8-6157] synthesizing module 'vega_soc_top' [Z:/Vega_cpu/src/soc/vega_soc_top.v:1]
INFO: [Synth 8-6157] synthesizing module 'reset_sync' [Z:/Vega_cpu/src/soc/reset/reset_sync.v:1]
INFO: [Synth 8-6155] done synthesizing module 'reset_sync' (1#1) [Z:/Vega_cpu/src/soc/reset/reset_sync.v:1]
INFO: [Synth 8-6157] synthesizing module 'boot_rom_ip' [Z:/Vega_cpu/Project/Vega/.Xil/Vivado-22444-Station/realtime/boot_rom_ip_stub.v:6]
INFO: [Synth 8-6155] done synthesizing module 'boot_rom_ip' (2#1) [Z:/Vega_cpu/Project/Vega/.Xil/Vivado-22444-Station/realtime/boot_rom_ip_stub.v:6]
WARNING: [Synth 8-689] width (32) of port connection 'addrb' does not match port width (12) of module 'boot_rom_ip' [Z:/Vega_cpu/src/soc/vega_soc_top.v:63]
INFO: [Synth 8-6157] synthesizing module 'data_ram_b' [Z:/Vega_cpu/Project/Vega/.Xil/Vivado-22444-Station/realtime/data_ram_b_stub.v:6]
INFO: [Synth 8-6155] done synthesizing module 'data_ram_b' (3#1) [Z:/Vega_cpu/Project/Vega/.Xil/Vivado-22444-Station/realtime/data_ram_b_stub.v:6]
INFO: [Synth 8-6157] synthesizing module 'uart_adapter' [Z:/Vega_cpu/Project/Vega/Vega.srcs/sources_1/new/uart_adapter.v:1]
INFO: [Synth 8-6157] synthesizing module 'axi_uartlite_0' [Z:/Vega_cpu/Project/Vega/.Xil/Vivado-22444-Station/realtime/axi_uartlite_0_stub.v:6]
INFO: [Synth 8-6155] done synthesizing module 'axi_uartlite_0' (4#1) [Z:/Vega_cpu/Project/Vega/.Xil/Vivado-22444-Station/realtime/axi_uartlite_0_stub.v:6]
WARNING: [Synth 8-689] width (32) of port connection 's_axi_awaddr' does not match port width (4) of module 'axi_uartlite_0' [Z:/Vega_cpu/Project/Vega/Vega.srcs/sources_1/new/uart_adapter.v:53]
WARNING: [Synth 8-689] width (32) of port connection 's_axi_araddr' does not match port width (4) of module 'axi_uartlite_0' [Z:/Vega_cpu/Project/Vega/Vega.srcs/sources_1/new/uart_adapter.v:69]
WARNING: [Synth 8-7137] Register axi_wdata_reg in module uart_adapter has both Set and reset with same priority. This may cause simulation mismatches. Consider rewriting code  [Z:/Vega_cpu/Project/Vega/Vega.srcs/sources_1/new/uart_adapter.v:58]
WARNING: [Synth 8-7137] Register axi_wstrb_reg in module uart_adapter has both Set and reset with same priority. This may cause simulation mismatches. Consider rewriting code  [Z:/Vega_cpu/Project/Vega/Vega.srcs/sources_1/new/uart_adapter.v:59]
WARNING: [Synth 8-7137] Register axi_wdata_reg in module uart_adapter has both Set and reset with same priority. This may cause simulation mismatches. Consider rewriting code  [Z:/Vega_cpu/Project/Vega/Vega.srcs/sources_1/new/uart_adapter.v:58]
WARNING: [Synth 8-7137] Register axi_wstrb_reg in module uart_adapter has both Set and reset with same priority. This may cause simulation mismatches. Consider rewriting code  [Z:/Vega_cpu/Project/Vega/Vega.srcs/sources_1/new/uart_adapter.v:59]
INFO: [Synth 8-6155] done synthesizing module 'uart_adapter' (5#1) [Z:/Vega_cpu/Project/Vega/Vega.srcs/sources_1/new/uart_adapter.v:1]
INFO: [Synth 8-6157] synthesizing module 'riscv_cpu' [Z:/Vega_cpu/src/cpu/riscv_cpu.v:8]
INFO: [Synth 8-6157] synthesizing module 'icache' [Z:/Vega_cpu/src/cpu/core/if_stage/icache.v:6]
WARNING: [Synth 8-6014] Unused sequential element found_reg was removed.  [Z:/Vega_cpu/src/cpu/core/if_stage/icache.v:63]
WARNING: [Synth 8-6014] Unused sequential element match_way_reg was removed.  [Z:/Vega_cpu/src/cpu/core/if_stage/icache.v:64]
WARNING: [Synth 8-7137] Register hit_reg in module icache has both Set and reset with same priority. This may cause simulation mismatches. Consider rewriting code  [Z:/Vega_cpu/src/cpu/core/if_stage/icache.v:60]
WARNING: [Synth 8-7137] Register data_out_reg in module icache has both Set and reset with same priority. This may cause simulation mismatches. Consider rewriting code  [Z:/Vega_cpu/src/cpu/core/if_stage/icache.v:73]
WARNING: [Synth 8-7137] Register instr_window_out_reg in module icache has both Set and reset with same priority. This may cause simulation mismatches. Consider rewriting code  [Z:/Vega_cpu/src/cpu/core/if_stage/icache.v:76]
WARNING: [Synth 8-7137] Register window_valid_reg in module icache has both Set and reset with same priority. This may cause simulation mismatches. Consider rewriting code  [Z:/Vega_cpu/src/cpu/core/if_stage/icache.v:85]
WARNING: [Synth 8-7137] Register mem_req_reg in module icache has both Set and reset with same priority. This may cause simulation mismatches. Consider rewriting code  [Z:/Vega_cpu/src/cpu/core/if_stage/icache.v:90]
WARNING: [Synth 8-7137] Register mem_addr_reg in module icache has both Set and reset with same priority. This may cause simulation mismatches. Consider rewriting code  [Z:/Vega_cpu/src/cpu/core/if_stage/icache.v:91]
WARNING: [Synth 8-7137] Register hit_reg in module icache has both Set and reset with same priority. This may cause simulation mismatches. Consider rewriting code  [Z:/Vega_cpu/src/cpu/core/if_stage/icache.v:60]
WARNING: [Synth 8-7137] Register data_out_reg in module icache has both Set and reset with same priority. This may cause simulation mismatches. Consider rewriting code  [Z:/Vega_cpu/src/cpu/core/if_stage/icache.v:73]
WARNING: [Synth 8-7137] Register instr_window_out_reg in module icache has both Set and reset with same priority. This may cause simulation mismatches. Consider rewriting code  [Z:/Vega_cpu/src/cpu/core/if_stage/icache.v:76]
WARNING: [Synth 8-7137] Register window_valid_reg in module icache has both Set and reset with same priority. This may cause simulation mismatches. Consider rewriting code  [Z:/Vega_cpu/src/cpu/core/if_stage/icache.v:85]
WARNING: [Synth 8-7137] Register mem_req_reg in module icache has both Set and reset with same priority. This may cause simulation mismatches. Consider rewriting code  [Z:/Vega_cpu/src/cpu/core/if_stage/icache.v:90]
WARNING: [Synth 8-7137] Register mem_addr_reg in module icache has both Set and reset with same priority. This may cause simulation mismatches. Consider rewriting code  [Z:/Vega_cpu/src/cpu/core/if_stage/icache.v:91]
INFO: [Synth 8-6155] done synthesizing module 'icache' (6#1) [Z:/Vega_cpu/src/cpu/core/if_stage/icache.v:6]
WARNING: [Synth 8-7071] port 'instr_window_out' of module 'icache' is unconnected for instance 'u_icache' [Z:/Vega_cpu/src/cpu/riscv_cpu.v:82]
WARNING: [Synth 8-7071] port 'window_valid' of module 'icache' is unconnected for instance 'u_icache' [Z:/Vega_cpu/src/cpu/riscv_cpu.v:82]
WARNING: [Synth 8-7023] instance 'u_icache' of module 'icache' has 12 connections declared, but only 10 given [Z:/Vega_cpu/src/cpu/riscv_cpu.v:82]
INFO: [Synth 8-6157] synthesizing module 'if_stage' [Z:/Vega_cpu/src/cpu/core/if_stage/if_stage.v:7]
	Parameter ADDR_WIDTH bound to: 64 - type: integer 
	Parameter DATA_WIDTH bound to: 32 - type: integer 
INFO: [Synth 8-6157] synthesizing module 'btb' [Z:/Vega_cpu/src/cpu/core/if_stage/btb.v:6]
WARNING: [Synth 8-6014] Unused sequential element found_reg was removed.  [Z:/Vega_cpu/src/cpu/core/if_stage/btb.v:55]
WARNING: [Synth 8-6014] Unused sequential element match_way_reg was removed.  [Z:/Vega_cpu/src/cpu/core/if_stage/btb.v:56]
INFO: [Synth 8-6155] done synthesizing module 'btb' (7#1) [Z:/Vega_cpu/src/cpu/core/if_stage/btb.v:6]
INFO: [Synth 8-6157] synthesizing module 'bht' [Z:/Vega_cpu/src/cpu/core/if_stage/bht.v:6]
INFO: [Synth 8-6155] done synthesizing module 'bht' (8#1) [Z:/Vega_cpu/src/cpu/core/if_stage/bht.v:6]
INFO: [Synth 8-6155] done synthesizing module 'if_stage' (9#1) [Z:/Vega_cpu/src/cpu/core/if_stage/if_stage.v:7]
INFO: [Synth 8-6157] synthesizing module 'id_stage' [Z:/Vega_cpu/src/cpu/core/id_stage/id_stage.v:7]
	Parameter DATA_WIDTH bound to: 64 - type: integer 
	Parameter ADDR_WIDTH bound to: 64 - type: integer 
	Parameter REG_ADDR_WIDTH bound to: 5 - type: integer 
INFO: [Synth 8-6157] synthesizing module 'decoder' [Z:/Vega_cpu/src/cpu/core/id_stage/decoder.v:6]
INFO: [Synth 8-226] default block is never used [Z:/Vega_cpu/src/cpu/core/id_stage/decoder.v:70]
INFO: [Synth 8-226] default block is never used [Z:/Vega_cpu/src/cpu/core/id_stage/decoder.v:126]
INFO: [Synth 8-6155] done synthesizing module 'decoder' (10#1) [Z:/Vega_cpu/src/cpu/core/id_stage/decoder.v:6]
INFO: [Synth 8-6155] done synthesizing module 'id_stage' (11#1) [Z:/Vega_cpu/src/cpu/core/id_stage/id_stage.v:7]
INFO: [Synth 8-6157] synthesizing module 'register_file' [Z:/Vega_cpu/src/cpu/core/id_stage/register_file.v:7]
	Parameter DATA_WIDTH bound to: 64 - type: integer 
	Parameter REG_COUNT bound to: 32 - type: integer 
	Parameter ADDR_WIDTH bound to: 5 - type: integer 
INFO: [Synth 8-6155] done synthesizing module 'register_file' (12#1) [Z:/Vega_cpu/src/cpu/core/id_stage/register_file.v:7]
INFO: [Synth 8-6157] synthesizing module 'ii_stage' [Z:/Vega_cpu/src/cpu/core/ii_stage/ii_stage.v:6]
	Parameter DATA_WIDTH bound to: 64 - type: integer 
	Parameter ADDR_WIDTH bound to: 64 - type: integer 
INFO: [Synth 8-6155] done synthesizing module 'ii_stage' (13#1) [Z:/Vega_cpu/src/cpu/core/ii_stage/ii_stage.v:6]
WARNING: [Synth 8-689] width (1) of port connection 'predict_target_o' does not match port width (64) of module 'ii_stage' [Z:/Vega_cpu/src/cpu/riscv_cpu.v:317]
INFO: [Synth 8-6157] synthesizing module 'ex_stage' [Z:/Vega_cpu/src/cpu/core/ex_stage/ex_stage.v:6]
	Parameter DATA_WIDTH bound to: 64 - type: integer 
	Parameter ADDR_WIDTH bound to: 64 - type: integer 
INFO: [Synth 8-226] default block is never used [Z:/Vega_cpu/src/cpu/core/ex_stage/ex_stage.v:207]
INFO: [Synth 8-6157] synthesizing module 'alu' [Z:/Vega_cpu/src/cpu/core/ex_stage/alu.v:12]
INFO: [Synth 8-6155] done synthesizing module 'alu' (14#1) [Z:/Vega_cpu/src/cpu/core/ex_stage/alu.v:12]
INFO: [Synth 8-6155] done synthesizing module 'ex_stage' (15#1) [Z:/Vega_cpu/src/cpu/core/ex_stage/ex_stage.v:6]
WARNING: [Synth 8-689] width (1) of port connection 'predict_target_i' does not match port width (64) of module 'ex_stage' [Z:/Vega_cpu/src/cpu/riscv_cpu.v:372]
INFO: [Synth 8-6157] synthesizing module 'mem_stage' [Z:/Vega_cpu/src/cpu/core/mem_stage/mem_stage.v:7]
	Parameter DATA_WIDTH bound to: 64 - type: integer 
	Parameter ADDR_WIDTH bound to: 64 - type: integer 
INFO: [Synth 8-6157] synthesizing module 'dcache' [Z:/Vega_cpu/src/cpu/core/mem_stage/dcache.v:6]
WARNING: [Synth 8-7137] Register way_dirty_reg[0][0] in module dcache has both Set and reset with same priority. This may cause simulation mismatches. Consider rewriting code  [Z:/Vega_cpu/src/cpu/core/mem_stage/dcache.v:91]
WARNING: [Synth 8-7137] Register way_dirty_reg[0][1] in module dcache has both Set and reset with same priority. This may cause simulation mismatches. Consider rewriting code  [Z:/Vega_cpu/src/cpu/core/mem_stage/dcache.v:91]
WARNING: [Synth 8-7137] Register way_dirty_reg[0][2] in module dcache has both Set and reset with same priority. This may cause simulation mismatches. Consider rewriting code  [Z:/Vega_cpu/src/cpu/core/mem_stage/dcache.v:91]
WARNING: [Synth 8-7137] Register way_dirty_reg[0][3] in module dcache has both Set and reset with same priority. This may cause simulation mismatches. Consider rewriting code  [Z:/Vega_cpu/src/cpu/core/mem_stage/dcache.v:91]
WARNING: [Synth 8-7137] Register way_dirty_reg[0][4] in module dcache has both Set and reset with same priority. This may cause simulation mismatches. Consider rewriting code  [Z:/Vega_cpu/src/cpu/core/mem_stage/dcache.v:91]
WARNING: [Synth 8-7137] Register way_dirty_reg[0][5] in module dcache has both Set and reset with same priority. This may cause simulation mismatches. Consider rewriting code  [Z:/Vega_cpu/src/cpu/core/mem_stage/dcache.v:91]
WARNING: [Synth 8-7137] Register way_dirty_reg[0][6] in module dcache has both Set and reset with same priority. This may cause simulation mismatches. Consider rewriting code  [Z:/Vega_cpu/src/cpu/core/mem_stage/dcache.v:91]
WARNING: [Synth 8-7137] Register way_dirty_reg[0][7] in module dcache has both Set and reset with same priority. This may cause simulation mismatches. Consider rewriting code  [Z:/Vega_cpu/src/cpu/core/mem_stage/dcache.v:91]
WARNING: [Synth 8-7137] Register way_dirty_reg[0][8] in module dcache has both Set and reset with same priority. This may cause simulation mismatches. Consider rewriting code  [Z:/Vega_cpu/src/cpu/core/mem_stage/dcache.v:91]
WARNING: [Synth 8-7137] Register way_dirty_reg[0][9] in module dcache has both Set and reset with same priority. This may cause simulation mismatches. Consider rewriting code  [Z:/Vega_cpu/src/cpu/core/mem_stage/dcache.v:91]
WARNING: [Synth 8-7137] Register way_dirty_reg[0][10] in module dcache has both Set and reset with same priority. This may cause simulation mismatches. Consider rewriting code  [Z:/Vega_cpu/src/cpu/core/mem_stage/dcache.v:91]
WARNING: [Synth 8-7137] Register way_dirty_reg[0][11] in module dcache has both Set and reset with same priority. This may cause simulation mismatches. Consider rewriting code  [Z:/Vega_cpu/src/cpu/core/mem_stage/dcache.v:91]
WARNING: [Synth 8-7137] Register way_dirty_reg[0][12] in module dcache has both Set and reset with same priority. This may cause simulation mismatches. Consider rewriting code  [Z:/Vega_cpu/src/cpu/core/mem_stage/dcache.v:91]
WARNING: [Synth 8-7137] Register way_dirty_reg[0][13] in module dcache has both Set and reset with same priority. This may cause simulation mismatches. Consider rewriting code  [Z:/Vega_cpu/src/cpu/core/mem_stage/dcache.v:91]
WARNING: [Synth 8-7137] Register way_dirty_reg[0][14] in module dcache has both Set and reset with same priority. This may cause simulation mismatches. Consider rewriting code  [Z:/Vega_cpu/src/cpu/core/mem_stage/dcache.v:91]
WARNING: [Synth 8-7137] Register way_dirty_reg[0][15] in module dcache has both Set and reset with same priority. This may cause simulation mismatches. Consider rewriting code  [Z:/Vega_cpu/src/cpu/core/mem_stage/dcache.v:91]
WARNING: [Synth 8-7137] Register way_dirty_reg[0][16] in module dcache has both Set and reset with same priority. This may cause simulation mismatches. Consider rewriting code  [Z:/Vega_cpu/src/cpu/core/mem_stage/dcache.v:91]
WARNING: [Synth 8-7137] Register way_dirty_reg[0][17] in module dcache has both Set and reset with same priority. This may cause simulation mismatches. Consider rewriting code  [Z:/Vega_cpu/src/cpu/core/mem_stage/dcache.v:91]
WARNING: [Synth 8-7137] Register way_dirty_reg[0][18] in module dcache has both Set and reset with same priority. This may cause simulation mismatches. Consider rewriting code  [Z:/Vega_cpu/src/cpu/core/mem_stage/dcache.v:91]
WARNING: [Synth 8-7137] Register way_dirty_reg[0][19] in module dcache has both Set and reset with same priority. This may cause simulation mismatches. Consider rewriting code  [Z:/Vega_cpu/src/cpu/core/mem_stage/dcache.v:91]
WARNING: [Synth 8-7137] Register way_dirty_reg[0][20] in module dcache has both Set and reset with same priority. This may cause simulation mismatches. Consider rewriting code  [Z:/Vega_cpu/src/cpu/core/mem_stage/dcache.v:91]
WARNING: [Synth 8-7137] Register way_dirty_reg[0][21] in module dcache has both Set and reset with same priority. This may cause simulation mismatches. Consider rewriting code  [Z:/Vega_cpu/src/cpu/core/mem_stage/dcache.v:91]
WARNING: [Synth 8-7137] Register way_dirty_reg[0][22] in module dcache has both Set and reset with same priority. This may cause simulation mismatches. Consider rewriting code  [Z:/Vega_cpu/src/cpu/core/mem_stage/dcache.v:91]
WARNING: [Synth 8-7137] Register way_dirty_reg[0][23] in module dcache has both Set and reset with same priority. This may cause simulation mismatches. Consider rewriting code  [Z:/Vega_cpu/src/cpu/core/mem_stage/dcache.v:91]
WARNING: [Synth 8-7137] Register way_dirty_reg[0][24] in module dcache has both Set and reset with same priority. This may cause simulation mismatches. Consider rewriting code  [Z:/Vega_cpu/src/cpu/core/mem_stage/dcache.v:91]
WARNING: [Synth 8-7137] Register way_dirty_reg[0][25] in module dcache has both Set and reset with same priority. This may cause simulation mismatches. Consider rewriting code  [Z:/Vega_cpu/src/cpu/core/mem_stage/dcache.v:91]
WARNING: [Synth 8-7137] Register way_dirty_reg[0][26] in module dcache has both Set and reset with same priority. This may cause simulation mismatches. Consider rewriting code  [Z:/Vega_cpu/src/cpu/core/mem_stage/dcache.v:91]
WARNING: [Synth 8-7137] Register way_dirty_reg[0][27] in module dcache has both Set and reset with same priority. This may cause simulation mismatches. Consider rewriting code  [Z:/Vega_cpu/src/cpu/core/mem_stage/dcache.v:91]
WARNING: [Synth 8-7137] Register way_dirty_reg[0][28] in module dcache has both Set and reset with same priority. This may cause simulation mismatches. Consider rewriting code  [Z:/Vega_cpu/src/cpu/core/mem_stage/dcache.v:91]
WARNING: [Synth 8-7137] Register way_dirty_reg[0][29] in module dcache has both Set and reset with same priority. This may cause simulation mismatches. Consider rewriting code  [Z:/Vega_cpu/src/cpu/core/mem_stage/dcache.v:91]
WARNING: [Synth 8-7137] Register way_dirty_reg[0][30] in module dcache has both Set and reset with same priority. This may cause simulation mismatches. Consider rewriting code  [Z:/Vega_cpu/src/cpu/core/mem_stage/dcache.v:91]
WARNING: [Synth 8-7137] Register way_dirty_reg[0][31] in module dcache has both Set and reset with same priority. This may cause simulation mismatches. Consider rewriting code  [Z:/Vega_cpu/src/cpu/core/mem_stage/dcache.v:91]
WARNING: [Synth 8-7137] Register way_dirty_reg[0][32] in module dcache has both Set and reset with same priority. This may cause simulation mismatches. Consider rewriting code  [Z:/Vega_cpu/src/cpu/core/mem_stage/dcache.v:91]
WARNING: [Synth 8-7137] Register way_dirty_reg[0][33] in module dcache has both Set and reset with same priority. This may cause simulation mismatches. Consider rewriting code  [Z:/Vega_cpu/src/cpu/core/mem_stage/dcache.v:91]
WARNING: [Synth 8-7137] Register way_dirty_reg[0][34] in module dcache has both Set and reset with same priority. This may cause simulation mismatches. Consider rewriting code  [Z:/Vega_cpu/src/cpu/core/mem_stage/dcache.v:91]
WARNING: [Synth 8-7137] Register way_dirty_reg[0][35] in module dcache has both Set and reset with same priority. This may cause simulation mismatches. Consider rewriting code  [Z:/Vega_cpu/src/cpu/core/mem_stage/dcache.v:91]
WARNING: [Synth 8-7137] Register way_dirty_reg[0][36] in module dcache has both Set and reset with same priority. This may cause simulation mismatches. Consider rewriting code  [Z:/Vega_cpu/src/cpu/core/mem_stage/dcache.v:91]
WARNING: [Synth 8-7137] Register way_dirty_reg[0][37] in module dcache has both Set and reset with same priority. This may cause simulation mismatches. Consider rewriting code  [Z:/Vega_cpu/src/cpu/core/mem_stage/dcache.v:91]
WARNING: [Synth 8-7137] Register way_dirty_reg[0][38] in module dcache has both Set and reset with same priority. This may cause simulation mismatches. Consider rewriting code  [Z:/Vega_cpu/src/cpu/core/mem_stage/dcache.v:91]
WARNING: [Synth 8-7137] Register way_dirty_reg[0][39] in module dcache has both Set and reset with same priority. This may cause simulation mismatches. Consider rewriting code  [Z:/Vega_cpu/src/cpu/core/mem_stage/dcache.v:91]
WARNING: [Synth 8-7137] Register way_dirty_reg[0][40] in module dcache has both Set and reset with same priority. This may cause simulation mismatches. Consider rewriting code  [Z:/Vega_cpu/src/cpu/core/mem_stage/dcache.v:91]
WARNING: [Synth 8-7137] Register way_dirty_reg[0][41] in module dcache has both Set and reset with same priority. This may cause simulation mismatches. Consider rewriting code  [Z:/Vega_cpu/src/cpu/core/mem_stage/dcache.v:91]
WARNING: [Synth 8-7137] Register way_dirty_reg[0][42] in module dcache has both Set and reset with same priority. This may cause simulation mismatches. Consider rewriting code  [Z:/Vega_cpu/src/cpu/core/mem_stage/dcache.v:91]
WARNING: [Synth 8-7137] Register way_dirty_reg[0][43] in module dcache has both Set and reset with same priority. This may cause simulation mismatches. Consider rewriting code  [Z:/Vega_cpu/src/cpu/core/mem_stage/dcache.v:91]
WARNING: [Synth 8-7137] Register way_dirty_reg[0][44] in module dcache has both Set and reset with same priority. This may cause simulation mismatches. Consider rewriting code  [Z:/Vega_cpu/src/cpu/core/mem_stage/dcache.v:91]
WARNING: [Synth 8-7137] Register way_dirty_reg[0][45] in module dcache has both Set and reset with same priority. This may cause simulation mismatches. Consider rewriting code  [Z:/Vega_cpu/src/cpu/core/mem_stage/dcache.v:91]
WARNING: [Synth 8-7137] Register way_dirty_reg[0][46] in module dcache has both Set and reset with same priority. This may cause simulation mismatches. Consider rewriting code  [Z:/Vega_cpu/src/cpu/core/mem_stage/dcache.v:91]
WARNING: [Synth 8-7137] Register way_dirty_reg[0][47] in module dcache has both Set and reset with same priority. This may cause simulation mismatches. Consider rewriting code  [Z:/Vega_cpu/src/cpu/core/mem_stage/dcache.v:91]
WARNING: [Synth 8-7137] Register way_dirty_reg[0][48] in module dcache has both Set and reset with same priority. This may cause simulation mismatches. Consider rewriting code  [Z:/Vega_cpu/src/cpu/core/mem_stage/dcache.v:91]
WARNING: [Synth 8-7137] Register way_dirty_reg[0][49] in module dcache has both Set and reset with same priority. This may cause simulation mismatches. Consider rewriting code  [Z:/Vega_cpu/src/cpu/core/mem_stage/dcache.v:91]
WARNING: [Synth 8-7137] Register way_dirty_reg[0][50] in module dcache has both Set and reset with same priority. This may cause simulation mismatches. Consider rewriting code  [Z:/Vega_cpu/src/cpu/core/mem_stage/dcache.v:91]
WARNING: [Synth 8-7137] Register way_dirty_reg[0][51] in module dcache has both Set and reset with same priority. This may cause simulation mismatches. Consider rewriting code  [Z:/Vega_cpu/src/cpu/core/mem_stage/dcache.v:91]
WARNING: [Synth 8-7137] Register way_dirty_reg[0][52] in module dcache has both Set and reset with same priority. This may cause simulation mismatches. Consider rewriting code  [Z:/Vega_cpu/src/cpu/core/mem_stage/dcache.v:91]
WARNING: [Synth 8-7137] Register way_dirty_reg[0][53] in module dcache has both Set and reset with same priority. This may cause simulation mismatches. Consider rewriting code  [Z:/Vega_cpu/src/cpu/core/mem_stage/dcache.v:91]
WARNING: [Synth 8-7137] Register way_dirty_reg[0][54] in module dcache has both Set and reset with same priority. This may cause simulation mismatches. Consider rewriting code  [Z:/Vega_cpu/src/cpu/core/mem_stage/dcache.v:91]
WARNING: [Synth 8-7137] Register way_dirty_reg[0][55] in module dcache has both Set and reset with same priority. This may cause simulation mismatches. Consider rewriting code  [Z:/Vega_cpu/src/cpu/core/mem_stage/dcache.v:91]
WARNING: [Synth 8-7137] Register way_dirty_reg[0][56] in module dcache has both Set and reset with same priority. This may cause simulation mismatches. Consider rewriting code  [Z:/Vega_cpu/src/cpu/core/mem_stage/dcache.v:91]
WARNING: [Synth 8-7137] Register way_dirty_reg[0][57] in module dcache has both Set and reset with same priority. This may cause simulation mismatches. Consider rewriting code  [Z:/Vega_cpu/src/cpu/core/mem_stage/dcache.v:91]
WARNING: [Synth 8-7137] Register way_dirty_reg[0][58] in module dcache has both Set and reset with same priority. This may cause simulation mismatches. Consider rewriting code  [Z:/Vega_cpu/src/cpu/core/mem_stage/dcache.v:91]
WARNING: [Synth 8-7137] Register way_dirty_reg[0][59] in module dcache has both Set and reset with same priority. This may cause simulation mismatches. Consider rewriting code  [Z:/Vega_cpu/src/cpu/core/mem_stage/dcache.v:91]
WARNING: [Synth 8-7137] Register way_dirty_reg[0][60] in module dcache has both Set and reset with same priority. This may cause simulation mismatches. Consider rewriting code  [Z:/Vega_cpu/src/cpu/core/mem_stage/dcache.v:91]
WARNING: [Synth 8-7137] Register way_dirty_reg[0][61] in module dcache has both Set and reset with same priority. This may cause simulation mismatches. Consider rewriting code  [Z:/Vega_cpu/src/cpu/core/mem_stage/dcache.v:91]
WARNING: [Synth 8-7137] Register way_dirty_reg[0][62] in module dcache has both Set and reset with same priority. This may cause simulation mismatches. Consider rewriting code  [Z:/Vega_cpu/src/cpu/core/mem_stage/dcache.v:91]
WARNING: [Synth 8-7137] Register way_dirty_reg[0][63] in module dcache has both Set and reset with same priority. This may cause simulation mismatches. Consider rewriting code  [Z:/Vega_cpu/src/cpu/core/mem_stage/dcache.v:91]
WARNING: [Synth 8-7137] Register way_dirty_reg[1][0] in module dcache has both Set and reset with same priority. This may cause simulation mismatches. Consider rewriting code  [Z:/Vega_cpu/src/cpu/core/mem_stage/dcache.v:91]
WARNING: [Synth 8-7137] Register way_dirty_reg[1][1] in module dcache has both Set and reset with same priority. This may cause simulation mismatches. Consider rewriting code  [Z:/Vega_cpu/src/cpu/core/mem_stage/dcache.v:91]
WARNING: [Synth 8-7137] Register way_dirty_reg[1][2] in module dcache has both Set and reset with same priority. This may cause simulation mismatches. Consider rewriting code  [Z:/Vega_cpu/src/cpu/core/mem_stage/dcache.v:91]
WARNING: [Synth 8-7137] Register way_dirty_reg[1][3] in module dcache has both Set and reset with same priority. This may cause simulation mismatches. Consider rewriting code  [Z:/Vega_cpu/src/cpu/core/mem_stage/dcache.v:91]
WARNING: [Synth 8-7137] Register way_dirty_reg[1][4] in module dcache has both Set and reset with same priority. This may cause simulation mismatches. Consider rewriting code  [Z:/Vega_cpu/src/cpu/core/mem_stage/dcache.v:91]
WARNING: [Synth 8-7137] Register way_dirty_reg[1][5] in module dcache has both Set and reset with same priority. This may cause simulation mismatches. Consider rewriting code  [Z:/Vega_cpu/src/cpu/core/mem_stage/dcache.v:91]
WARNING: [Synth 8-7137] Register way_dirty_reg[1][6] in module dcache has both Set and reset with same priority. This may cause simulation mismatches. Consider rewriting code  [Z:/Vega_cpu/src/cpu/core/mem_stage/dcache.v:91]
WARNING: [Synth 8-7137] Register way_dirty_reg[1][7] in module dcache has both Set and reset with same priority. This may cause simulation mismatches. Consider rewriting code  [Z:/Vega_cpu/src/cpu/core/mem_stage/dcache.v:91]
WARNING: [Synth 8-7137] Register way_dirty_reg[1][8] in module dcache has both Set and reset with same priority. This may cause simulation mismatches. Consider rewriting code  [Z:/Vega_cpu/src/cpu/core/mem_stage/dcache.v:91]
WARNING: [Synth 8-7137] Register way_dirty_reg[1][9] in module dcache has both Set and reset with same priority. This may cause simulation mismatches. Consider rewriting code  [Z:/Vega_cpu/src/cpu/core/mem_stage/dcache.v:91]
WARNING: [Synth 8-7137] Register way_dirty_reg[1][10] in module dcache has both Set and reset with same priority. This may cause simulation mismatches. Consider rewriting code  [Z:/Vega_cpu/src/cpu/core/mem_stage/dcache.v:91]
WARNING: [Synth 8-7137] Register way_dirty_reg[1][11] in module dcache has both Set and reset with same priority. This may cause simulation mismatches. Consider rewriting code  [Z:/Vega_cpu/src/cpu/core/mem_stage/dcache.v:91]
WARNING: [Synth 8-7137] Register way_dirty_reg[1][12] in module dcache has both Set and reset with same priority. This may cause simulation mismatches. Consider rewriting code  [Z:/Vega_cpu/src/cpu/core/mem_stage/dcache.v:91]
WARNING: [Synth 8-7137] Register way_dirty_reg[1][13] in module dcache has both Set and reset with same priority. This may cause simulation mismatches. Consider rewriting code  [Z:/Vega_cpu/src/cpu/core/mem_stage/dcache.v:91]
WARNING: [Synth 8-7137] Register way_dirty_reg[1][14] in module dcache has both Set and reset with same priority. This may cause simulation mismatches. Consider rewriting code  [Z:/Vega_cpu/src/cpu/core/mem_stage/dcache.v:91]
WARNING: [Synth 8-7137] Register way_dirty_reg[1][15] in module dcache has both Set and reset with same priority. This may cause simulation mismatches. Consider rewriting code  [Z:/Vega_cpu/src/cpu/core/mem_stage/dcache.v:91]
WARNING: [Synth 8-7137] Register way_dirty_reg[1][16] in module dcache has both Set and reset with same priority. This may cause simulation mismatches. Consider rewriting code  [Z:/Vega_cpu/src/cpu/core/mem_stage/dcache.v:91]
WARNING: [Synth 8-7137] Register way_dirty_reg[1][17] in module dcache has both Set and reset with same priority. This may cause simulation mismatches. Consider rewriting code  [Z:/Vega_cpu/src/cpu/core/mem_stage/dcache.v:91]
WARNING: [Synth 8-7137] Register way_dirty_reg[1][18] in module dcache has both Set and reset with same priority. This may cause simulation mismatches. Consider rewriting code  [Z:/Vega_cpu/src/cpu/core/mem_stage/dcache.v:91]
WARNING: [Synth 8-7137] Register way_dirty_reg[1][19] in module dcache has both Set and reset with same priority. This may cause simulation mismatches. Consider rewriting code  [Z:/Vega_cpu/src/cpu/core/mem_stage/dcache.v:91]
INFO: [Common 17-14] Message 'Synth 8-7137' appears 100 times and further instances of the messages will be disabled. Use the Tcl command set_msg_config to change the current settings.
INFO: [Synth 8-6155] done synthesizing module 'dcache' (16#1) [Z:/Vega_cpu/src/cpu/core/mem_stage/dcache.v:6]
WARNING: [Synth 8-6104] Input port 'dcache_data_out' has an internal driver [Z:/Vega_cpu/src/cpu/core/mem_stage/mem_stage.v:82]
WARNING: [Synth 8-6104] Input port 'dcache_hit' has an internal driver [Z:/Vega_cpu/src/cpu/core/mem_stage/mem_stage.v:83]
WARNING: [Synth 8-6104] Input port 'dcache_refill_done' has an internal driver [Z:/Vega_cpu/src/cpu/core/mem_stage/mem_stage.v:84]
WARNING: [Synth 8-6104] Input port 'dcache_writeback_req' has an internal driver [Z:/Vega_cpu/src/cpu/core/mem_stage/mem_stage.v:85]
WARNING: [Synth 8-6104] Input port 'dcache_writeback_addr' has an internal driver [Z:/Vega_cpu/src/cpu/core/mem_stage/mem_stage.v:86]
WARNING: [Synth 8-6104] Input port 'dcache_writeback_data' has an internal driver [Z:/Vega_cpu/src/cpu/core/mem_stage/mem_stage.v:87]
WARNING: [Synth 8-6104] Input port 'dcache_cache_stall' has an internal driver [Z:/Vega_cpu/src/cpu/core/mem_stage/mem_stage.v:88]
INFO: [Synth 8-6155] done synthesizing module 'mem_stage' (17#1) [Z:/Vega_cpu/src/cpu/core/mem_stage/mem_stage.v:7]
INFO: [Synth 8-6157] synthesizing module 'hazard_unit' [Z:/Vega_cpu/src/cpu/core/hazard_unit.v:6]
INFO: [Synth 8-6155] done synthesizing module 'hazard_unit' (18#1) [Z:/Vega_cpu/src/cpu/core/hazard_unit.v:6]
WARNING: [Synth 8-3848] Net dcache_writeback_addr in module/entity riscv_cpu does not have driver. [Z:/Vega_cpu/src/cpu/riscv_cpu.v:107]
WARNING: [Synth 8-3848] Net dcache_writeback_req in module/entity riscv_cpu does not have driver. [Z:/Vega_cpu/src/cpu/riscv_cpu.v:106]
WARNING: [Synth 8-3848] Net dcache_writeback_data in module/entity riscv_cpu does not have driver. [Z:/Vega_cpu/src/cpu/riscv_cpu.v:108]
WARNING: [Synth 8-3848] Net dcache_data_out in module/entity riscv_cpu does not have driver. [Z:/Vega_cpu/src/cpu/riscv_cpu.v:103]
WARNING: [Synth 8-3848] Net dcache_hit in module/entity riscv_cpu does not have driver. [Z:/Vega_cpu/src/cpu/riscv_cpu.v:104]
WARNING: [Synth 8-3848] Net dcache_refill_done in module/entity riscv_cpu does not have driver. [Z:/Vega_cpu/src/cpu/riscv_cpu.v:105]
WARNING: [Synth 8-3848] Net dcache_cache_stall in module/entity riscv_cpu does not have driver. [Z:/Vega_cpu/src/cpu/riscv_cpu.v:109]
WARNING: [Synth 8-3848] Net icache_addr in module/entity riscv_cpu does not have driver. [Z:/Vega_cpu/src/cpu/riscv_cpu.v:69]
WARNING: [Synth 8-3848] Net icache_req in module/entity riscv_cpu does not have driver. [Z:/Vega_cpu/src/cpu/riscv_cpu.v:70]
WARNING: [Synth 8-3848] Net icache_mem_data in module/entity riscv_cpu does not have driver. [Z:/Vega_cpu/src/cpu/riscv_cpu.v:74]
WARNING: [Synth 8-3848] Net icache_mem_ready in module/entity riscv_cpu does not have driver. [Z:/Vega_cpu/src/cpu/riscv_cpu.v:76]
INFO: [Synth 8-6155] done synthesizing module 'riscv_cpu' (19#1) [Z:/Vega_cpu/src/cpu/riscv_cpu.v:8]
INFO: [Synth 8-6155] done synthesizing module 'vega_soc_top' (20#1) [Z:/Vega_cpu/src/soc/vega_soc_top.v:1]
---------------------------------------------------------------------------------
Finished Synthesize : Time (s): cpu = 00:00:21 ; elapsed = 00:00:17 . Memory (MB): peak = 7205.875 ; gain = 0.000
---------------------------------------------------------------------------------
Copyright 1986-2022 Xilinx, Inc. All Rights Reserved. Copyright 2022-2025 Advanced Micro Devices, Inc. All Rights Reserved.
---------------------------------------------------------------------------------------------------------------------------------------------
| Tool Version : Vivado v.2025.2 (win64) Build 6299465 Fri Nov 14 19:35:11 GMT 2025
| Date         : Fri Apr 24 13:00:46 2026
| Host         : Station running 64-bit major release  (build 9200)
---------------------------------------------------------------------------------------------------------------------------------------------

RTL Linter Report

Table of Contents
-----------------
1. Summary

1. Summary
----------

+-----------+------------------+--------------+----------+
| Rule ID   | Severity         | # Violations | # Waived |
+-----------+------------------+--------------+----------+
| ASSIGN-5  | WARNING          | 14           | 0        |
| ASSIGN-6  | WARNING          | 40           | 0        |
| ASSIGN-7  | CRITICAL WARNING | 7            | 0        |
| ASSIGN-10 | WARNING          | 34           | 0        |
| RESET-2   | WARNING          | 2            | 0        |
+-----------+------------------+--------------+----------+


WARNING: [Synth 37-93] [ASSIGN-6]Signal 'signed_result' was assigned but not read. 
RTL Name 'signed_result', Hierarchy 'alu', File 'Z:/Vega_cpu/src/cpu/core/ex_stage/alu.v', Line 24.
WARNING: [Synth 37-125] [ASSIGN-10]Some bits in IO 'pc' are not read. First unread bit index is 0. 
RTL Name 'pc', Hierarchy 'bht', File 'bht.v', Line 10.
WARNING: [Synth 37-125] [ASSIGN-10]Some bits in IO 'read_en' are not read. First unread bit index is 0. 
RTL Name 'read_en', Hierarchy 'bht', File 'bht.v', Line 9.
WARNING: [Synth 37-125] [ASSIGN-10]Some bits in IO 'update_pc' are not read. First unread bit index is 0. 
RTL Name 'update_pc', Hierarchy 'bht', File 'bht.v', Line 17.
WARNING: [Synth 37-125] [ASSIGN-10]Some bits in IO 'pc' are not read. First unread bit index is 0. 
RTL Name 'pc', Hierarchy 'btb', File 'btb.v', Line 10.
WARNING: [Synth 37-125] [ASSIGN-10]Some bits in IO 'update_pc' are not read. First unread bit index is 0. 
RTL Name 'update_pc', Hierarchy 'btb', File 'btb.v', Line 17.
WARNING: [Synth 37-93] [ASSIGN-6]Signal 'offset' was assigned but not read. 
RTL Name 'offset', Hierarchy 'dcache', File 'Z:/Vega_cpu/src/cpu/core/mem_stage/dcache.v', Line 49.
WARNING: [Synth 37-125] [ASSIGN-10]Some bits in IO 'addr' are not read. First unread bit index is 0. 
RTL Name 'addr', Hierarchy 'dcache', File 'dcache.v', Line 10.
WARNING: [Synth 37-125] [ASSIGN-10]Some bits in IO 'be' are not read. First unread bit index is 0. 
RTL Name 'be', Hierarchy 'dcache', File 'dcache.v', Line 12.
WARNING: [Synth 37-125] [ASSIGN-10]Some bits in IO 'size' are not read. First unread bit index is 0. 
RTL Name 'size', Hierarchy 'dcache', File 'dcache.v', Line 15.
WARNING: [Synth 37-125] [ASSIGN-10]Some bits in IO 'wdata' are not read. First unread bit index is 0. 
RTL Name 'wdata', Hierarchy 'dcache', File 'dcache.v', Line 11.
WARNING: [Synth 37-93] [ASSIGN-6]Signal 'alu_neg_w1' was assigned but not read. 
RTL Name 'alu_neg_w1', Hierarchy 'ex_stage', File 'Z:/Vega_cpu/src/cpu/core/ex_stage/ex_stage.v', Line 176.
WARNING: [Synth 37-93] [ASSIGN-6]Signal 'alu_neg_w2' was assigned but not read. 
RTL Name 'alu_neg_w2', Hierarchy 'ex_stage', File 'Z:/Vega_cpu/src/cpu/core/ex_stage/ex_stage.v', Line 177.
WARNING: [Synth 37-93] [ASSIGN-6]Signal 'alu_ovf_w1' was assigned but not read. 
RTL Name 'alu_ovf_w1', Hierarchy 'ex_stage', File 'Z:/Vega_cpu/src/cpu/core/ex_stage/ex_stage.v', Line 176.
WARNING: [Synth 37-93] [ASSIGN-6]Signal 'alu_ovf_w2' was assigned but not read. 
RTL Name 'alu_ovf_w2', Hierarchy 'ex_stage', File 'Z:/Vega_cpu/src/cpu/core/ex_stage/ex_stage.v', Line 177.
WARNING: [Synth 37-93] [ASSIGN-6]Signal 'alu_zero_w1' was assigned but not read. 
RTL Name 'alu_zero_w1', Hierarchy 'ex_stage', File 'Z:/Vega_cpu/src/cpu/core/ex_stage/ex_stage.v', Line 176.
WARNING: [Synth 37-93] [ASSIGN-6]Signal 'alu_zero_w2' was assigned but not read. 
RTL Name 'alu_zero_w2', Hierarchy 'ex_stage', File 'Z:/Vega_cpu/src/cpu/core/ex_stage/ex_stage.v', Line 177.
WARNING: [Synth 37-125] [ASSIGN-10]Some bits in IO 'is_branch_w2_i' are not read. First unread bit index is 0. 
RTL Name 'is_branch_w2_i', Hierarchy 'ex_stage', File 'ex_stage.v', Line 52.
WARNING: [Synth 37-125] [ASSIGN-10]Some bits in IO 'is_jump_w2_i' are not read. First unread bit index is 0. 
RTL Name 'is_jump_w2_i', Hierarchy 'ex_stage', File 'ex_stage.v', Line 53.
WARNING: [Synth 37-103] [RESET-2]Register valid_w1_o_reg in always/process block does not have asynchronous reset when one or more other signals do.
RTL Name 'valid_w1_o_reg', Hierarchy 'ex_stage', File 'Z:/Vega_cpu/src/cpu/core/ex_stage/ex_stage.v', Line 257.
WARNING: [Synth 37-125] [ASSIGN-10]Some bits in IO 'branch_taken_ex' are not read. First unread bit index is 0. 
RTL Name 'branch_taken_ex', Hierarchy 'hazard_unit', File 'hazard_unit.v', Line 37.
WARNING: [Synth 37-125] [ASSIGN-10]Some bits in IO 'clk' are not read. First unread bit index is 0. 
RTL Name 'clk', Hierarchy 'hazard_unit', File 'hazard_unit.v', Line 7.
WARNING: [Synth 37-125] [ASSIGN-10]Some bits in IO 'rd_addr_mem_w1' are not read. First unread bit index is 0. 
RTL Name 'rd_addr_mem_w1', Hierarchy 'hazard_unit', File 'hazard_unit.v', Line 31.
WARNING: [Synth 37-125] [ASSIGN-10]Some bits in IO 'rd_addr_mem_w2' are not read. First unread bit index is 0. 
RTL Name 'rd_addr_mem_w2', Hierarchy 'hazard_unit', File 'hazard_unit.v', Line 33.
WARNING: [Synth 37-125] [ASSIGN-10]Some bits in IO 'reg_write_en_ex_w1' are not read. First unread bit index is 0. 
RTL Name 'reg_write_en_ex_w1', Hierarchy 'hazard_unit', File 'hazard_unit.v', Line 24.
WARNING: [Synth 37-125] [ASSIGN-10]Some bits in IO 'reg_write_en_ex_w2' are not read. First unread bit index is 0. 
RTL Name 'reg_write_en_ex_w2', Hierarchy 'hazard_unit', File 'hazard_unit.v', Line 27.
WARNING: [Synth 37-125] [ASSIGN-10]Some bits in IO 'reg_write_en_mem_w1' are not read. First unread bit index is 0. 
RTL Name 'reg_write_en_mem_w1', Hierarchy 'hazard_unit', File 'hazard_unit.v', Line 32.
WARNING: [Synth 37-125] [ASSIGN-10]Some bits in IO 'reg_write_en_mem_w2' are not read. First unread bit index is 0. 
RTL Name 'reg_write_en_mem_w2', Hierarchy 'hazard_unit', File 'hazard_unit.v', Line 34.
WARNING: [Synth 37-125] [ASSIGN-10]Some bits in IO 'rst_n' are not read. First unread bit index is 0. 
RTL Name 'rst_n', Hierarchy 'hazard_unit', File 'hazard_unit.v', Line 8.
WARNING: [Synth 37-125] [ASSIGN-10]Some bits in IO 'addr' are not read. First unread bit index is 0. 
RTL Name 'addr', Hierarchy 'icache', File 'icache.v', Line 10.
WARNING: [Synth 37-123] [ASSIGN-6]Some bits in 'funct7_w1' are not read. First unread bit index is 0. 
RTL Name 'funct7_w1', Hierarchy 'id_stage', File 'id_stage.v', Line 88.
WARNING: [Synth 37-123] [ASSIGN-6]Some bits in 'funct7_w2' are not read. First unread bit index is 0. 
RTL Name 'funct7_w2', Hierarchy 'id_stage', File 'id_stage.v', Line 113.
WARNING: [Synth 37-93] [ASSIGN-6]Signal 'is_alu_imm_w1' was assigned but not read. 
RTL Name 'is_alu_imm_w1', Hierarchy 'id_stage', File 'Z:/Vega_cpu/src/cpu/core/id_stage/id_stage.v', Line 90.
WARNING: [Synth 37-93] [ASSIGN-6]Signal 'is_alu_imm_w2' was assigned but not read. 
RTL Name 'is_alu_imm_w2', Hierarchy 'id_stage', File 'Z:/Vega_cpu/src/cpu/core/id_stage/id_stage.v', Line 115.
WARNING: [Synth 37-93] [ASSIGN-6]Signal 'is_compressed_w1' was assigned but not read. 
RTL Name 'is_compressed_w1', Hierarchy 'id_stage', File 'Z:/Vega_cpu/src/cpu/core/id_stage/id_stage.v', Line 93.
WARNING: [Synth 37-93] [ASSIGN-6]Signal 'is_compressed_w2' was assigned but not read. 
RTL Name 'is_compressed_w2', Hierarchy 'id_stage', File 'Z:/Vega_cpu/src/cpu/core/id_stage/id_stage.v', Line 118.
WARNING: [Synth 37-103] [RESET-2]Register valid_w1_o_reg in always/process block does not have asynchronous reset when one or more other signals do.
RTL Name 'valid_w1_o_reg', Hierarchy 'id_stage', File 'Z:/Vega_cpu/src/cpu/core/id_stage/id_stage.v', Line 273.
WARNING: [Synth 37-93] [ASSIGN-6]Signal 'bht_counter' was assigned but not read. 
RTL Name 'bht_counter', Hierarchy 'if_stage', File 'Z:/Vega_cpu/src/cpu/core/if_stage/if_stage.v', Line 69.
WARNING: [Synth 37-123] [ASSIGN-6]Some bits in 'inst2_hw' are not read. First unread bit index is 2. 
RTL Name 'inst2_hw', Hierarchy 'if_stage', File 'if_stage.v', Line 93.
WARNING: [Synth 37-125] [ASSIGN-10]Some bits in IO 'uses_rs1_w1_i' are not read. First unread bit index is 0. 
RTL Name 'uses_rs1_w1_i', Hierarchy 'ii_stage', File 'ii_stage.v', Line 34.
WARNING: [Synth 37-125] [ASSIGN-10]Some bits in IO 'uses_rs2_w1_i' are not read. First unread bit index is 0. 
RTL Name 'uses_rs2_w1_i', Hierarchy 'ii_stage', File 'ii_stage.v', Line 35.
WARNING: [Synth 37-93] [ASSIGN-6]Signal 'size' was assigned but not read. 
RTL Name 'size', Hierarchy 'mem_stage', File 'Z:/Vega_cpu/src/cpu/core/mem_stage/mem_stage.v', Line 70.
CRITICAL WARNING: [Synth 37-96] [ASSIGN-7]Multiple assignments detected on signal 'dcache_cache_stall'.
RTL Name 'dcache_cache_stall', Hierarchy 'mem_stage', File 'Z:/Vega_cpu/src/cpu/core/mem_stage/mem_stage.v', Line 67.
CRITICAL WARNING: [Synth 37-90] [ASSIGN-7]Multiple assignments detected on array dcache_data_out, first multi-driven bit index is 0.
RTL Name 'dcache_data_out', Hierarchy 'mem_stage', File 'Z:/Vega_cpu/src/cpu/core/mem_stage/mem_stage.v', Line 55.
CRITICAL WARNING: [Synth 37-96] [ASSIGN-7]Multiple assignments detected on signal 'dcache_hit'.
RTL Name 'dcache_hit', Hierarchy 'mem_stage', File 'Z:/Vega_cpu/src/cpu/core/mem_stage/mem_stage.v', Line 56.
CRITICAL WARNING: [Synth 37-96] [ASSIGN-7]Multiple assignments detected on signal 'dcache_refill_done'.
RTL Name 'dcache_refill_done', Hierarchy 'mem_stage', File 'Z:/Vega_cpu/src/cpu/core/mem_stage/mem_stage.v', Line 57.
CRITICAL WARNING: [Synth 37-90] [ASSIGN-7]Multiple assignments detected on array dcache_writeback_addr, first multi-driven bit index is 0.
RTL Name 'dcache_writeback_addr', Hierarchy 'mem_stage', File 'Z:/Vega_cpu/src/cpu/core/mem_stage/mem_stage.v', Line 59.
CRITICAL WARNING: [Synth 37-90] [ASSIGN-7]Multiple assignments detected on array dcache_writeback_data, first multi-driven bit index is 0.
RTL Name 'dcache_writeback_data', Hierarchy 'mem_stage', File 'Z:/Vega_cpu/src/cpu/core/mem_stage/mem_stage.v', Line 60.
CRITICAL WARNING: [Synth 37-96] [ASSIGN-7]Multiple assignments detected on signal 'dcache_writeback_req'.
RTL Name 'dcache_writeback_req', Hierarchy 'mem_stage', File 'Z:/Vega_cpu/src/cpu/core/mem_stage/mem_stage.v', Line 58.
WARNING: [Synth 37-125] [ASSIGN-10]Some bits in IO 'dcache_cache_stall' are not read. First unread bit index is 0. 
RTL Name 'dcache_cache_stall', Hierarchy 'mem_stage', File 'mem_stage.v', Line 67.
WARNING: [Synth 37-125] [ASSIGN-10]Some bits in IO 'dcache_hit' are not read. First unread bit index is 0. 
RTL Name 'dcache_hit', Hierarchy 'mem_stage', File 'mem_stage.v', Line 56.
WARNING: [Synth 37-125] [ASSIGN-10]Some bits in IO 'dcache_refill_done' are not read. First unread bit index is 0. 
RTL Name 'dcache_refill_done', Hierarchy 'mem_stage', File 'mem_stage.v', Line 57.
WARNING: [Synth 37-125] [ASSIGN-10]Some bits in IO 'dcache_writeback_addr' are not read. First unread bit index is 0. 
RTL Name 'dcache_writeback_addr', Hierarchy 'mem_stage', File 'mem_stage.v', Line 59.
WARNING: [Synth 37-125] [ASSIGN-10]Some bits in IO 'dcache_writeback_data' are not read. First unread bit index is 0. 
RTL Name 'dcache_writeback_data', Hierarchy 'mem_stage', File 'mem_stage.v', Line 60.
WARNING: [Synth 37-125] [ASSIGN-10]Some bits in IO 'dcache_writeback_req' are not read. First unread bit index is 0. 
RTL Name 'dcache_writeback_req', Hierarchy 'mem_stage', File 'mem_stage.v', Line 58.
WARNING: [Synth 37-125] [ASSIGN-10]Some bits in IO 'pc_w1_i' are not read. First unread bit index is 0. 
RTL Name 'pc_w1_i', Hierarchy 'mem_stage', File 'mem_stage.v', Line 15.
WARNING: [Synth 37-95] [ASSIGN-5]Found scalar variable(s) 'dcache_cache_stall' declared and are not set.
RTL Name 'dcache_cache_stall', Hierarchy 'riscv_cpu', File 'Z:/Vega_cpu/src/cpu/riscv_cpu.v', Line 109.
WARNING: [Synth 37-124] [ASSIGN-5]Some bits in 'dcache_data_out' are not set. First unset bit index is 0. 
RTL Name 'dcache_data_out', Hierarchy 'riscv_cpu', File 'riscv_cpu.v', Line 103.
WARNING: [Synth 37-95] [ASSIGN-5]Found scalar variable(s) 'dcache_hit' declared and are not set.
RTL Name 'dcache_hit', Hierarchy 'riscv_cpu', File 'Z:/Vega_cpu/src/cpu/riscv_cpu.v', Line 104.
WARNING: [Synth 37-95] [ASSIGN-5]Found scalar variable(s) 'dcache_refill_done' declared and are not set.
RTL Name 'dcache_refill_done', Hierarchy 'riscv_cpu', File 'Z:/Vega_cpu/src/cpu/riscv_cpu.v', Line 105.
WARNING: [Synth 37-124] [ASSIGN-5]Some bits in 'dcache_writeback_addr' are not set. First unset bit index is 0. 
RTL Name 'dcache_writeback_addr', Hierarchy 'riscv_cpu', File 'riscv_cpu.v', Line 107.
WARNING: [Synth 37-124] [ASSIGN-5]Some bits in 'dcache_writeback_data' are not set. First unset bit index is 0. 
RTL Name 'dcache_writeback_data', Hierarchy 'riscv_cpu', File 'riscv_cpu.v', Line 108.
WARNING: [Synth 37-95] [ASSIGN-5]Found scalar variable(s) 'dcache_writeback_req' declared and are not set.
RTL Name 'dcache_writeback_req', Hierarchy 'riscv_cpu', File 'Z:/Vega_cpu/src/cpu/riscv_cpu.v', Line 106.
WARNING: [Synth 37-124] [ASSIGN-5]Some bits in 'icache_addr' are not set. First unset bit index is 0. 
RTL Name 'icache_addr', Hierarchy 'riscv_cpu', File 'riscv_cpu.v', Line 69.
WARNING: [Synth 37-95] [ASSIGN-5]Found scalar variable(s) 'icache_hit_reg' declared and are not set.
RTL Name 'icache_hit_reg', Hierarchy 'riscv_cpu', File 'Z:/Vega_cpu/src/cpu/riscv_cpu.v', Line 79.
WARNING: [Synth 37-124] [ASSIGN-5]Some bits in 'icache_instr_window_out' are not set. First unset bit index is 0. 
RTL Name 'icache_instr_window_out', Hierarchy 'riscv_cpu', File 'riscv_cpu.v', Line 77.
WARNING: [Synth 37-124] [ASSIGN-5]Some bits in 'icache_mem_data' are not set. First unset bit index is 0. 
RTL Name 'icache_mem_data', Hierarchy 'riscv_cpu', File 'riscv_cpu.v', Line 74.
WARNING: [Synth 37-95] [ASSIGN-5]Found scalar variable(s) 'icache_mem_ready' declared and are not set.
RTL Name 'icache_mem_ready', Hierarchy 'riscv_cpu', File 'Z:/Vega_cpu/src/cpu/riscv_cpu.v', Line 76.
WARNING: [Synth 37-95] [ASSIGN-5]Found scalar variable(s) 'icache_req' declared and are not set.
RTL Name 'icache_req', Hierarchy 'riscv_cpu', File 'Z:/Vega_cpu/src/cpu/riscv_cpu.v', Line 70.
WARNING: [Synth 37-95] [ASSIGN-5]Found scalar variable(s) 'icache_window_valid' declared and are not set.
RTL Name 'icache_window_valid', Hierarchy 'riscv_cpu', File 'Z:/Vega_cpu/src/cpu/riscv_cpu.v', Line 78.
WARNING: [Synth 37-93] [ASSIGN-6]Signal 'dcache_addr' was assigned but not read. 
RTL Name 'dcache_addr', Hierarchy 'riscv_cpu', File 'Z:/Vega_cpu/src/cpu/riscv_cpu.v', Line 97.
WARNING: [Synth 37-93] [ASSIGN-6]Signal 'dcache_req' was assigned but not read. 
RTL Name 'dcache_req', Hierarchy 'riscv_cpu', File 'Z:/Vega_cpu/src/cpu/riscv_cpu.v', Line 100.
WARNING: [Synth 37-93] [ASSIGN-6]Signal 'dcache_size' was assigned but not read. 
RTL Name 'dcache_size', Hierarchy 'riscv_cpu', File 'Z:/Vega_cpu/src/cpu/riscv_cpu.v', Line 102.
WARNING: [Synth 37-93] [ASSIGN-6]Signal 'dcache_wdata' was assigned but not read. 
RTL Name 'dcache_wdata', Hierarchy 'riscv_cpu', File 'Z:/Vega_cpu/src/cpu/riscv_cpu.v', Line 98.
WARNING: [Synth 37-93] [ASSIGN-6]Signal 'dcache_we' was assigned but not read. 
RTL Name 'dcache_we', Hierarchy 'riscv_cpu', File 'Z:/Vega_cpu/src/cpu/riscv_cpu.v', Line 101.
WARNING: [Synth 37-93] [ASSIGN-6]Signal 'exmem_mr_w2' was assigned but not read. 
RTL Name 'exmem_mr_w2', Hierarchy 'riscv_cpu', File 'Z:/Vega_cpu/src/cpu/riscv_cpu.v', Line 327.
WARNING: [Synth 37-93] [ASSIGN-6]Signal 'exmem_msz_w2' was assigned but not read. 
RTL Name 'exmem_msz_w2', Hierarchy 'riscv_cpu', File 'Z:/Vega_cpu/src/cpu/riscv_cpu.v', Line 328.
WARNING: [Synth 37-93] [ASSIGN-6]Signal 'exmem_mw_w2' was assigned but not read. 
RTL Name 'exmem_mw_w2', Hierarchy 'riscv_cpu', File 'Z:/Vega_cpu/src/cpu/riscv_cpu.v', Line 327.
WARNING: [Synth 37-93] [ASSIGN-6]Signal 'exmem_pc_w2' was assigned but not read. 
RTL Name 'exmem_pc_w2', Hierarchy 'riscv_cpu', File 'Z:/Vega_cpu/src/cpu/riscv_cpu.v', Line 323.
WARNING: [Synth 37-93] [ASSIGN-6]Signal 'exmem_rs2_w2' was assigned but not read. 
RTL Name 'exmem_rs2_w2', Hierarchy 'riscv_cpu', File 'Z:/Vega_cpu/src/cpu/riscv_cpu.v', Line 325.
WARNING: [Synth 37-93] [ASSIGN-6]Signal 'icache_data_out' was assigned but not read. 
RTL Name 'icache_data_out', Hierarchy 'riscv_cpu', File 'Z:/Vega_cpu/src/cpu/riscv_cpu.v', Line 71.
WARNING: [Synth 37-93] [ASSIGN-6]Signal 'icache_hit' was assigned but not read. 
RTL Name 'icache_hit', Hierarchy 'riscv_cpu', File 'Z:/Vega_cpu/src/cpu/riscv_cpu.v', Line 72.
WARNING: [Synth 37-93] [ASSIGN-6]Signal 'icache_mem_addr' was assigned but not read. 
RTL Name 'icache_mem_addr', Hierarchy 'riscv_cpu', File 'Z:/Vega_cpu/src/cpu/riscv_cpu.v', Line 73.
WARNING: [Synth 37-93] [ASSIGN-6]Signal 'icache_mem_req' was assigned but not read. 
RTL Name 'icache_mem_req', Hierarchy 'riscv_cpu', File 'Z:/Vega_cpu/src/cpu/riscv_cpu.v', Line 75.
WARNING: [Synth 37-123] [ASSIGN-6]Some bits in 'mem_access_wdata' are not read. First unread bit index is 64. 
RTL Name 'mem_access_wdata', Hierarchy 'riscv_cpu', File 'riscv_cpu.v', Line 389.
WARNING: [Synth 37-93] [ASSIGN-6]Signal 'memwb_wbs_w2' was assigned but not read. 
RTL Name 'memwb_wbs_w2', Hierarchy 'riscv_cpu', File 'Z:/Vega_cpu/src/cpu/riscv_cpu.v', Line 412.
WARNING: [Synth 37-125] [ASSIGN-10]Some bits in IO 'debug_req' are not read. First unread bit index is 0. 
RTL Name 'debug_req', Hierarchy 'riscv_cpu', File 'riscv_cpu.v', Line 35.
WARNING: [Synth 37-125] [ASSIGN-10]Some bits in IO 'irq_external' are not read. First unread bit index is 0. 
RTL Name 'irq_external', Hierarchy 'riscv_cpu', File 'riscv_cpu.v', Line 29.
WARNING: [Synth 37-125] [ASSIGN-10]Some bits in IO 'irq_software' are not read. First unread bit index is 0. 
RTL Name 'irq_software', Hierarchy 'riscv_cpu', File 'riscv_cpu.v', Line 31.
WARNING: [Synth 37-125] [ASSIGN-10]Some bits in IO 'irq_timer' are not read. First unread bit index is 0. 
RTL Name 'irq_timer', Hierarchy 'riscv_cpu', File 'riscv_cpu.v', Line 30.
WARNING: [Synth 37-93] [ASSIGN-6]Signal 'axi_arready' was assigned but not read. 
RTL Name 'axi_arready', Hierarchy 'uart_adapter', File 'Z:/Vega_cpu/Project/Vega/Vega.srcs/sources_1/new/uart_adapter.v', Line 39.
WARNING: [Synth 37-93] [ASSIGN-6]Signal 'axi_awready' was assigned but not read. 
RTL Name 'axi_awready', Hierarchy 'uart_adapter', File 'Z:/Vega_cpu/Project/Vega/Vega.srcs/sources_1/new/uart_adapter.v', Line 23.
WARNING: [Synth 37-93] [ASSIGN-6]Signal 'axi_bresp' was assigned but not read. 
RTL Name 'axi_bresp', Hierarchy 'uart_adapter', File 'Z:/Vega_cpu/Project/Vega/Vega.srcs/sources_1/new/uart_adapter.v', Line 32.
WARNING: [Synth 37-93] [ASSIGN-6]Signal 'axi_rresp' was assigned but not read. 
RTL Name 'axi_rresp', Hierarchy 'uart_adapter', File 'Z:/Vega_cpu/Project/Vega/Vega.srcs/sources_1/new/uart_adapter.v', Line 43.
WARNING: [Synth 37-93] [ASSIGN-6]Signal 'axi_wready' was assigned but not read. 
RTL Name 'axi_wready', Hierarchy 'uart_adapter', File 'Z:/Vega_cpu/Project/Vega/Vega.srcs/sources_1/new/uart_adapter.v', Line 29.
WARNING: [Synth 37-93] [ASSIGN-6]Signal 'clk' was assigned but not read. 
RTL Name 'clk', Hierarchy 'vega_soc_top', File 'Z:/Vega_cpu/src/soc/vega_soc_top.v', Line 15.
WARNING: [Synth 37-123] [ASSIGN-6]Some bits in 'instr_addr' are not read. First unread bit index is 0. 
RTL Name 'instr_addr', Hierarchy 'vega_soc_top', File 'vega_soc_top.v', Line 17.
INFO: [Synth 37-85] Total of 97 linter message(s) generated.
INFO: [Synth 37-45] Linter Run Finished!
Synthesis Optimization Runtime : Time (s): cpu = 00:00:21 ; elapsed = 00:00:17 . Memory (MB): peak = 7205.875 ; gain = 0.000
INFO: [Common 17-83] Releasing license: Synthesis
49 Infos, 221 Warnings, 7 Critical Warnings and 0 Errors encountered.
synth_design completed successfully
synth_design: Time (s): cpu = 00:00:21 ; elapsed = 00:00:17 . Memory (MB): peak = 7205.875 ; gain = 0.000
close_design
close_design
open_run synth_1 -name synth_1
Design is defaulting to impl run constrset: constrs_1
Design is defaulting to synth run part: xc7a200tfbg676-3
INFO: [Project 1-5699] Read binary netlist with skipMacroContent - 1
INFO: [Project 1-454] Reading design checkpoint 'z:/Vega_cpu/Project/Vega/Vega.gen/sources_1/ip/boot_rom_ip/boot_rom_ip.dcp' for cell 'u_boot_rom_ip'
INFO: [Project 1-454] Reading design checkpoint 'z:/Vega_cpu/Project/Vega/Vega.gen/sources_1/ip/data_ram_b/data_ram_b.dcp' for cell 'u_data_ram'
INFO: [Project 1-454] Reading design checkpoint 'z:/Vega_cpu/Project/Vega/Vega.gen/sources_1/ip/axi_uartlite_0/axi_uartlite_0.dcp' for cell 'u_uart_adapter/u_axi_uart'
Netlist sorting complete. Time (s): cpu = 00:00:00 ; elapsed = 00:00:00.546 . Memory (MB): peak = 7205.875 ; gain = 0.000
INFO: [Netlist 29-17] Analyzing 7111 Unisim elements for replacement
INFO: [Netlist 29-28] Unisim Transformation completed in 0 CPU seconds
INFO: [Project 1-479] Netlist was created with Vivado 2025.2
INFO: [Project 1-570] Preparing netlist for logic optimization
Parsing XDC File [z:/Vega_cpu/Project/Vega/Vega.gen/sources_1/ip/axi_uartlite_0/axi_uartlite_0_board.xdc] for cell 'u_uart_adapter/u_axi_uart/U0'
Finished Parsing XDC File [z:/Vega_cpu/Project/Vega/Vega.gen/sources_1/ip/axi_uartlite_0/axi_uartlite_0_board.xdc] for cell 'u_uart_adapter/u_axi_uart/U0'
Parsing XDC File [Z:/Vega_cpu/Project/Vega/Vega.srcs/constrs_1/new/Pin1.xdc]
Finished Parsing XDC File [Z:/Vega_cpu/Project/Vega/Vega.srcs/constrs_1/new/Pin1.xdc]
INFO: [Project 1-1714] 1 XPM XDC files have been applied to the design.
INFO: [Opt 31-138] Pushed 0 inverter(s) to 0 load pin(s).
Netlist sorting complete. Time (s): cpu = 00:00:00 ; elapsed = 00:00:00.030 . Memory (MB): peak = 7205.875 ; gain = 0.000
INFO: [Project 1-111] Unisim Transformation Summary:
No Unisim elements were transformed.

open_run: Time (s): cpu = 00:00:56 ; elapsed = 00:00:37 . Memory (MB): peak = 7205.875 ; gain = 0.000
report_timing_summary -delay_type min_max -report_unconstrained -check_timing_verbose -max_paths 10 -input_pins -routable_nets -name timing_1
INFO: [Timing 38-35] Done setting XDC timing constraints.
INFO: [Timing 38-91] UpdateTimingParams: Speed grade: -3, Delay Type: min_max.
INFO: [Timing 38-191] Multithreading enabled for timing update using a maximum of 2 CPUs
report_timing_summary: Time (s): cpu = 00:00:47 ; elapsed = 00:00:26 . Memory (MB): peak = 7205.875 ; gain = 0.000
