
*** Running vivado
    with args -log vega_soc_top.vds -m64 -product Vivado -mode batch -messageDb vivado.pb -notrace -source vega_soc_top.tcl



****** Vivado v2025.2 (64-bit)
  **** SW Build 6299465 on Fri Nov 14 19:35:11 GMT 2025
  **** IP Build 6300035 on Fri Nov 14 10:48:45 MST 2025
  **** SharedData Build 6298862 on Thu Nov 13 04:50:51 MST 2025
  **** Start of session at: Fri Apr 24 22:55:24 2026
    ** Copyright 1986-2022 Xilinx, Inc. All Rights Reserved.
    ** Copyright 2022-2025 Advanced Micro Devices, Inc. All Rights Reserved.

source vega_soc_top.tcl -notrace
create_project: Time (s): cpu = 00:00:09 ; elapsed = 00:00:09 . Memory (MB): peak = 667.371 ; gain = 223.297
Command: synth_design -top vega_soc_top -part xc7a200tfbg676-3
Starting synth_design
Attempting to get a license for feature 'Synthesis' and/or device 'xc7a200t'
INFO: [Common 17-349] Got license for feature 'Synthesis' and/or device 'xc7a200t'
INFO: [Device 21-403] Loading part xc7a200tfbg676-3
INFO: [Synth 8-7079] Multithreading enabled for synth_design using a maximum of 2 processes.
INFO: [Synth 8-7078] Launching helper process for spawning children vivado processes
INFO: [Synth 8-7075] Helper process launched with PID 7344
---------------------------------------------------------------------------------
Starting RTL Elaboration : Time (s): cpu = 00:00:09 ; elapsed = 00:00:10 . Memory (MB): peak = 1453.383 ; gain = 541.121
---------------------------------------------------------------------------------
WARNING: [Synth 8-6901] identifier 'way2_fetch_valid' is used before its declaration [Z:/Vega_cpu/src/cpu/core/if_stage/if_stage.v:108]
WARNING: [Synth 8-10929] literal value 'd8 truncated to fit in 3 bits [Z:/Vega_cpu/src/cpu/core/mem_stage/mem_stage.v:106]
INFO: [Synth 8-6157] synthesizing module 'vega_soc_top' [Z:/Vega_cpu/src/soc/vega_soc_top.v:1]
INFO: [Synth 8-6157] synthesizing module 'reset_sync' [Z:/Vega_cpu/src/soc/reset/reset_sync.v:1]
INFO: [Synth 8-6155] done synthesizing module 'reset_sync' (0#1) [Z:/Vega_cpu/src/soc/reset/reset_sync.v:1]
INFO: [Synth 8-638] synthesizing module 'boot_rom_ip' [z:/Vega_cpu/Project/Vega/Vega.gen/sources_1/ip/boot_rom_ip/synth/boot_rom_ip.vhd:70]
	Parameter C_FAMILY bound to: artix7 - type: string 
	Parameter C_XDEVICEFAMILY bound to: artix7 - type: string 
	Parameter C_ELABORATION_DIR bound to: ./ - type: string 
	Parameter C_INTERFACE_TYPE bound to: 0 - type: integer 
	Parameter C_AXI_TYPE bound to: 1 - type: integer 
	Parameter C_AXI_SLAVE_TYPE bound to: 0 - type: integer 
	Parameter C_USE_BRAM_BLOCK bound to: 0 - type: integer 
	Parameter C_ENABLE_32BIT_ADDRESS bound to: 0 - type: integer 
	Parameter C_CTRL_ECC_ALGO bound to: NONE - type: string 
	Parameter C_HAS_AXI_ID bound to: 0 - type: integer 
	Parameter C_AXI_ID_WIDTH bound to: 4 - type: integer 
	Parameter C_MEM_TYPE bound to: 4 - type: integer 
	Parameter C_BYTE_SIZE bound to: 9 - type: integer 
	Parameter C_ALGORITHM bound to: 1 - type: integer 
	Parameter C_PRIM_TYPE bound to: 1 - type: integer 
	Parameter C_LOAD_INIT_FILE bound to: 1 - type: integer 
	Parameter C_INIT_FILE_NAME bound to: boot_rom_ip.mif - type: string 
	Parameter C_INIT_FILE bound to: boot_rom_ip.mem - type: string 
	Parameter C_USE_DEFAULT_DATA bound to: 0 - type: integer 
	Parameter C_DEFAULT_DATA bound to: 0 - type: string 
	Parameter C_HAS_RSTA bound to: 0 - type: integer 
	Parameter C_RST_PRIORITY_A bound to: CE - type: string 
	Parameter C_RSTRAM_A bound to: 0 - type: integer 
	Parameter C_INITA_VAL bound to: 0 - type: string 
	Parameter C_HAS_ENA bound to: 0 - type: integer 
	Parameter C_HAS_REGCEA bound to: 0 - type: integer 
	Parameter C_USE_BYTE_WEA bound to: 0 - type: integer 
	Parameter C_WEA_WIDTH bound to: 1 - type: integer 
	Parameter C_WRITE_MODE_A bound to: WRITE_FIRST - type: string 
	Parameter C_WRITE_WIDTH_A bound to: 32 - type: integer 
	Parameter C_READ_WIDTH_A bound to: 32 - type: integer 
	Parameter C_WRITE_DEPTH_A bound to: 4096 - type: integer 
	Parameter C_READ_DEPTH_A bound to: 4096 - type: integer 
	Parameter C_ADDRA_WIDTH bound to: 12 - type: integer 
	Parameter C_HAS_RSTB bound to: 0 - type: integer 
	Parameter C_RST_PRIORITY_B bound to: CE - type: string 
	Parameter C_RSTRAM_B bound to: 0 - type: integer 
	Parameter C_INITB_VAL bound to: 0 - type: string 
	Parameter C_HAS_ENB bound to: 0 - type: integer 
	Parameter C_HAS_REGCEB bound to: 0 - type: integer 
	Parameter C_USE_BYTE_WEB bound to: 0 - type: integer 
	Parameter C_WEB_WIDTH bound to: 1 - type: integer 
	Parameter C_WRITE_MODE_B bound to: WRITE_FIRST - type: string 
	Parameter C_WRITE_WIDTH_B bound to: 32 - type: integer 
	Parameter C_READ_WIDTH_B bound to: 32 - type: integer 
	Parameter C_WRITE_DEPTH_B bound to: 4096 - type: integer 
	Parameter C_READ_DEPTH_B bound to: 4096 - type: integer 
	Parameter C_ADDRB_WIDTH bound to: 12 - type: integer 
	Parameter C_HAS_MEM_OUTPUT_REGS_A bound to: 0 - type: integer 
	Parameter C_HAS_MEM_OUTPUT_REGS_B bound to: 0 - type: integer 
	Parameter C_HAS_MUX_OUTPUT_REGS_A bound to: 0 - type: integer 
	Parameter C_HAS_MUX_OUTPUT_REGS_B bound to: 0 - type: integer 
	Parameter C_MUX_PIPELINE_STAGES bound to: 0 - type: integer 
	Parameter C_HAS_SOFTECC_INPUT_REGS_A bound to: 0 - type: integer 
	Parameter C_HAS_SOFTECC_OUTPUT_REGS_B bound to: 0 - type: integer 
	Parameter C_USE_SOFTECC bound to: 0 - type: integer 
	Parameter C_USE_ECC bound to: 0 - type: integer 
	Parameter C_EN_ECC_PIPE bound to: 0 - type: integer 
	Parameter C_READ_LATENCY_A bound to: 1 - type: integer 
	Parameter C_READ_LATENCY_B bound to: 1 - type: integer 
	Parameter C_HAS_INJECTERR bound to: 0 - type: integer 
	Parameter C_SIM_COLLISION_CHECK bound to: ALL - type: string 
	Parameter C_COMMON_CLK bound to: 0 - type: integer 
	Parameter C_DISABLE_WARN_BHV_COLL bound to: 0 - type: integer 
	Parameter C_EN_SLEEP_PIN bound to: 0 - type: integer 
	Parameter C_USE_URAM bound to: 0 - type: integer 
	Parameter C_EN_RDADDRA_CHG bound to: 0 - type: integer 
	Parameter C_EN_RDADDRB_CHG bound to: 0 - type: integer 
	Parameter C_EN_DEEPSLEEP_PIN bound to: 0 - type: integer 
	Parameter C_EN_SHUTDOWN_PIN bound to: 0 - type: integer 
	Parameter C_EN_SAFETY_CKT bound to: 0 - type: integer 
	Parameter C_DISABLE_WARN_BHV_RANGE bound to: 0 - type: integer 
	Parameter C_COUNT_36K_BRAM bound to: 4 - type: string 
	Parameter C_COUNT_18K_BRAM bound to: 0 - type: string 
	Parameter C_EST_POWER_SUMMARY bound to: Estimated Power for IP     :     18.611198 mW - type: string 
INFO: [Synth 8-3491] module 'blk_mem_gen_v8_4_12' declared at 'z:/Vega_cpu/Project/Vega/Vega.gen/sources_1/ip/data_ram_b/hdl/blk_mem_gen_v8_4_vhsyn_rfs.vhd:195209' bound to instance 'U0' of component 'blk_mem_gen_v8_4_12' [z:/Vega_cpu/Project/Vega/Vega.gen/sources_1/ip/boot_rom_ip/synth/boot_rom_ip.vhd:240]
INFO: [Synth 8-256] done synthesizing module 'boot_rom_ip' (0#1) [z:/Vega_cpu/Project/Vega/Vega.gen/sources_1/ip/boot_rom_ip/synth/boot_rom_ip.vhd:70]
WARNING: [Synth 8-689] width (32) of port connection 'addrb' does not match port width (12) of module 'boot_rom_ip' [Z:/Vega_cpu/src/soc/vega_soc_top.v:63]
INFO: [Synth 8-638] synthesizing module 'data_ram_b' [z:/Vega_cpu/Project/Vega/Vega.gen/sources_1/ip/data_ram_b/synth/data_ram_b.vhd:70]
	Parameter C_FAMILY bound to: artix7 - type: string 
	Parameter C_XDEVICEFAMILY bound to: artix7 - type: string 
	Parameter C_ELABORATION_DIR bound to: ./ - type: string 
	Parameter C_INTERFACE_TYPE bound to: 0 - type: integer 
	Parameter C_AXI_TYPE bound to: 1 - type: integer 
	Parameter C_AXI_SLAVE_TYPE bound to: 0 - type: integer 
	Parameter C_USE_BRAM_BLOCK bound to: 0 - type: integer 
	Parameter C_ENABLE_32BIT_ADDRESS bound to: 0 - type: integer 
	Parameter C_CTRL_ECC_ALGO bound to: NONE - type: string 
	Parameter C_HAS_AXI_ID bound to: 0 - type: integer 
	Parameter C_AXI_ID_WIDTH bound to: 4 - type: integer 
	Parameter C_MEM_TYPE bound to: 0 - type: integer 
	Parameter C_BYTE_SIZE bound to: 8 - type: integer 
	Parameter C_ALGORITHM bound to: 1 - type: integer 
	Parameter C_PRIM_TYPE bound to: 1 - type: integer 
	Parameter C_LOAD_INIT_FILE bound to: 0 - type: integer 
	Parameter C_INIT_FILE_NAME bound to: no_coe_file_loaded - type: string 
	Parameter C_INIT_FILE bound to: data_ram_b.mem - type: string 
	Parameter C_USE_DEFAULT_DATA bound to: 0 - type: integer 
	Parameter C_DEFAULT_DATA bound to: 0 - type: string 
	Parameter C_HAS_RSTA bound to: 0 - type: integer 
	Parameter C_RST_PRIORITY_A bound to: CE - type: string 
	Parameter C_RSTRAM_A bound to: 0 - type: integer 
	Parameter C_INITA_VAL bound to: 0 - type: string 
	Parameter C_HAS_ENA bound to: 1 - type: integer 
	Parameter C_HAS_REGCEA bound to: 0 - type: integer 
	Parameter C_USE_BYTE_WEA bound to: 1 - type: integer 
	Parameter C_WEA_WIDTH bound to: 8 - type: integer 
	Parameter C_WRITE_MODE_A bound to: WRITE_FIRST - type: string 
	Parameter C_WRITE_WIDTH_A bound to: 64 - type: integer 
	Parameter C_READ_WIDTH_A bound to: 64 - type: integer 
	Parameter C_WRITE_DEPTH_A bound to: 8192 - type: integer 
	Parameter C_READ_DEPTH_A bound to: 8192 - type: integer 
	Parameter C_ADDRA_WIDTH bound to: 13 - type: integer 
	Parameter C_HAS_RSTB bound to: 0 - type: integer 
	Parameter C_RST_PRIORITY_B bound to: CE - type: string 
	Parameter C_RSTRAM_B bound to: 0 - type: integer 
	Parameter C_INITB_VAL bound to: 0 - type: string 
	Parameter C_HAS_ENB bound to: 0 - type: integer 
	Parameter C_HAS_REGCEB bound to: 0 - type: integer 
	Parameter C_USE_BYTE_WEB bound to: 1 - type: integer 
	Parameter C_WEB_WIDTH bound to: 8 - type: integer 
	Parameter C_WRITE_MODE_B bound to: WRITE_FIRST - type: string 
	Parameter C_WRITE_WIDTH_B bound to: 64 - type: integer 
	Parameter C_READ_WIDTH_B bound to: 64 - type: integer 
	Parameter C_WRITE_DEPTH_B bound to: 8192 - type: integer 
	Parameter C_READ_DEPTH_B bound to: 8192 - type: integer 
	Parameter C_ADDRB_WIDTH bound to: 13 - type: integer 
	Parameter C_HAS_MEM_OUTPUT_REGS_A bound to: 0 - type: integer 
	Parameter C_HAS_MEM_OUTPUT_REGS_B bound to: 0 - type: integer 
	Parameter C_HAS_MUX_OUTPUT_REGS_A bound to: 0 - type: integer 
	Parameter C_HAS_MUX_OUTPUT_REGS_B bound to: 0 - type: integer 
	Parameter C_MUX_PIPELINE_STAGES bound to: 0 - type: integer 
	Parameter C_HAS_SOFTECC_INPUT_REGS_A bound to: 0 - type: integer 
	Parameter C_HAS_SOFTECC_OUTPUT_REGS_B bound to: 0 - type: integer 
	Parameter C_USE_SOFTECC bound to: 0 - type: integer 
	Parameter C_USE_ECC bound to: 0 - type: integer 
	Parameter C_EN_ECC_PIPE bound to: 0 - type: integer 
	Parameter C_READ_LATENCY_A bound to: 1 - type: integer 
	Parameter C_READ_LATENCY_B bound to: 1 - type: integer 
	Parameter C_HAS_INJECTERR bound to: 0 - type: integer 
	Parameter C_SIM_COLLISION_CHECK bound to: ALL - type: string 
	Parameter C_COMMON_CLK bound to: 0 - type: integer 
	Parameter C_DISABLE_WARN_BHV_COLL bound to: 0 - type: integer 
	Parameter C_EN_SLEEP_PIN bound to: 0 - type: integer 
	Parameter C_USE_URAM bound to: 0 - type: integer 
	Parameter C_EN_RDADDRA_CHG bound to: 0 - type: integer 
	Parameter C_EN_RDADDRB_CHG bound to: 0 - type: integer 
	Parameter C_EN_DEEPSLEEP_PIN bound to: 0 - type: integer 
	Parameter C_EN_SHUTDOWN_PIN bound to: 0 - type: integer 
	Parameter C_EN_SAFETY_CKT bound to: 0 - type: integer 
	Parameter C_DISABLE_WARN_BHV_RANGE bound to: 0 - type: integer 
	Parameter C_COUNT_36K_BRAM bound to: 16 - type: string 
	Parameter C_COUNT_18K_BRAM bound to: 0 - type: string 
	Parameter C_EST_POWER_SUMMARY bound to: Estimated Power for IP     :     20.388 mW - type: string 
INFO: [Synth 8-3491] module 'blk_mem_gen_v8_4_12' declared at 'z:/Vega_cpu/Project/Vega/Vega.gen/sources_1/ip/data_ram_b/hdl/blk_mem_gen_v8_4_vhsyn_rfs.vhd:195209' bound to instance 'U0' of component 'blk_mem_gen_v8_4_12' [z:/Vega_cpu/Project/Vega/Vega.gen/sources_1/ip/data_ram_b/synth/data_ram_b.vhd:238]
INFO: [Synth 8-256] done synthesizing module 'data_ram_b' (0#1) [z:/Vega_cpu/Project/Vega/Vega.gen/sources_1/ip/data_ram_b/synth/data_ram_b.vhd:70]
INFO: [Synth 8-6157] synthesizing module 'uart_adapter' [Z:/Vega_cpu/Project/Vega/Vega.srcs/sources_1/new/uart_adapter.v:1]
INFO: [Synth 8-638] synthesizing module 'axi_uartlite_0' [z:/Vega_cpu/Project/Vega/Vega.gen/sources_1/ip/axi_uartlite_0/synth/axi_uartlite_0.vhd:86]
	Parameter C_FAMILY bound to: artix7 - type: string 
	Parameter C_S_AXI_ACLK_FREQ_HZ bound to: 100000000 - type: integer 
	Parameter C_S_AXI_ADDR_WIDTH bound to: 4 - type: integer 
	Parameter C_S_AXI_DATA_WIDTH bound to: 32 - type: integer 
	Parameter C_BAUDRATE bound to: 9600 - type: integer 
	Parameter C_DATA_BITS bound to: 8 - type: integer 
	Parameter C_USE_PARITY bound to: 0 - type: integer 
	Parameter C_ODD_PARITY bound to: 0 - type: integer 
INFO: [Synth 8-3491] module 'axi_uartlite' declared at 'z:/Vega_cpu/Project/Vega/Vega.gen/sources_1/ip/axi_uartlite_0/hdl/axi_uartlite_v2_0_vh_rfs.vhd:1951' bound to instance 'U0' of component 'axi_uartlite' [z:/Vega_cpu/Project/Vega/Vega.gen/sources_1/ip/axi_uartlite_0/synth/axi_uartlite_0.vhd:168]
INFO: [Synth 8-638] synthesizing module 'axi_uartlite' [z:/Vega_cpu/Project/Vega/Vega.gen/sources_1/ip/axi_uartlite_0/hdl/axi_uartlite_v2_0_vh_rfs.vhd:2013]
INFO: [Synth 8-638] synthesizing module 'uartlite_core' [z:/Vega_cpu/Project/Vega/Vega.gen/sources_1/ip/axi_uartlite_0/hdl/axi_uartlite_v2_0_vh_rfs.vhd:1479]
INFO: [Synth 8-638] synthesizing module 'baudrate' [z:/Vega_cpu/Project/Vega/Vega.gen/sources_1/ip/axi_uartlite_0/hdl/axi_uartlite_v2_0_vh_rfs.vhd:1288]
INFO: [Synth 8-256] done synthesizing module 'baudrate' (0#1) [z:/Vega_cpu/Project/Vega/Vega.gen/sources_1/ip/axi_uartlite_0/hdl/axi_uartlite_v2_0_vh_rfs.vhd:1288]
INFO: [Synth 8-638] synthesizing module 'uartlite_rx' [z:/Vega_cpu/Project/Vega/Vega.gen/sources_1/ip/axi_uartlite_0/hdl/axi_uartlite_v2_0_vh_rfs.vhd:794]
	Parameter DEST_SYNC_FF bound to: 4 - type: integer 
	Parameter INIT_SYNC_FF bound to: 0 - type: integer 
	Parameter SIM_ASSERT_CHK bound to: 0 - type: integer 
	Parameter SRC_INPUT_REG bound to: 0 - type: integer 
INFO: [Synth 8-3491] module 'xpm_cdc_single' declared at 'D:/xilinx/2025.2/Vivado/data/ip/xpm/xpm_cdc/hdl/xpm_cdc.sv:152' bound to instance 'INPUT_DOUBLE_REGS3' of component 'xpm_cdc_single' [z:/Vega_cpu/Project/Vega/Vega.gen/sources_1/ip/axi_uartlite_0/hdl/axi_uartlite_v2_0_vh_rfs.vhd:854]
INFO: [Synth 8-6157] synthesizing module 'xpm_cdc_single' [D:/xilinx/2025.2/Vivado/data/ip/xpm/xpm_cdc/hdl/xpm_cdc.sv:152]
INFO: [Synth 8-6155] done synthesizing module 'xpm_cdc_single' (0#1) [D:/xilinx/2025.2/Vivado/data/ip/xpm/xpm_cdc/hdl/xpm_cdc.sv:152]
INFO: [Synth 8-638] synthesizing module 'srl_fifo' [z:/Vega_cpu/Project/Vega/Vega.gen/sources_1/ip/axi_uartlite_0/hdl/axi_uartlite_v2_0_vh_rfs.vhd:68]
INFO: [Synth 8-256] done synthesizing module 'srl_fifo' (0#1) [z:/Vega_cpu/Project/Vega/Vega.gen/sources_1/ip/axi_uartlite_0/hdl/axi_uartlite_v2_0_vh_rfs.vhd:68]
INFO: [Synth 8-256] done synthesizing module 'uartlite_rx' (0#1) [z:/Vega_cpu/Project/Vega/Vega.gen/sources_1/ip/axi_uartlite_0/hdl/axi_uartlite_v2_0_vh_rfs.vhd:794]
INFO: [Synth 8-638] synthesizing module 'uartlite_tx' [z:/Vega_cpu/Project/Vega/Vega.gen/sources_1/ip/axi_uartlite_0/hdl/axi_uartlite_v2_0_vh_rfs.vhd:306]
INFO: [Synth 8-256] done synthesizing module 'uartlite_tx' (0#1) [z:/Vega_cpu/Project/Vega/Vega.gen/sources_1/ip/axi_uartlite_0/hdl/axi_uartlite_v2_0_vh_rfs.vhd:306]
INFO: [Synth 8-256] done synthesizing module 'uartlite_core' (0#1) [z:/Vega_cpu/Project/Vega/Vega.gen/sources_1/ip/axi_uartlite_0/hdl/axi_uartlite_v2_0_vh_rfs.vhd:1479]
INFO: [Synth 8-638] synthesizing module 'axi_lite_ipif' [z:/Vega_cpu/Project/Vega/Vega.gen/sources_1/ip/axi_uartlite_0/hdl/axi_lite_ipif_v3_0_vh_rfs.vhd:2948]
INFO: [Synth 8-638] synthesizing module 'slave_attachment' [z:/Vega_cpu/Project/Vega/Vega.gen/sources_1/ip/axi_uartlite_0/hdl/axi_lite_ipif_v3_0_vh_rfs.vhd:2341]
INFO: [Synth 8-638] synthesizing module 'address_decoder' [z:/Vega_cpu/Project/Vega/Vega.gen/sources_1/ip/axi_uartlite_0/hdl/axi_lite_ipif_v3_0_vh_rfs.vhd:1775]
INFO: [Synth 8-638] synthesizing module 'pselect_f' [z:/Vega_cpu/Project/Vega/Vega.gen/sources_1/ip/axi_uartlite_0/hdl/axi_lite_ipif_v3_0_vh_rfs.vhd:1534]
INFO: [Synth 8-256] done synthesizing module 'pselect_f' (0#1) [z:/Vega_cpu/Project/Vega/Vega.gen/sources_1/ip/axi_uartlite_0/hdl/axi_lite_ipif_v3_0_vh_rfs.vhd:1534]
INFO: [Synth 8-638] synthesizing module 'pselect_f__parameterized0' [z:/Vega_cpu/Project/Vega/Vega.gen/sources_1/ip/axi_uartlite_0/hdl/axi_lite_ipif_v3_0_vh_rfs.vhd:1534]
INFO: [Synth 8-256] done synthesizing module 'pselect_f__parameterized0' (0#1) [z:/Vega_cpu/Project/Vega/Vega.gen/sources_1/ip/axi_uartlite_0/hdl/axi_lite_ipif_v3_0_vh_rfs.vhd:1534]
INFO: [Synth 8-638] synthesizing module 'pselect_f__parameterized1' [z:/Vega_cpu/Project/Vega/Vega.gen/sources_1/ip/axi_uartlite_0/hdl/axi_lite_ipif_v3_0_vh_rfs.vhd:1534]
INFO: [Synth 8-256] done synthesizing module 'pselect_f__parameterized1' (0#1) [z:/Vega_cpu/Project/Vega/Vega.gen/sources_1/ip/axi_uartlite_0/hdl/axi_lite_ipif_v3_0_vh_rfs.vhd:1534]
INFO: [Synth 8-638] synthesizing module 'pselect_f__parameterized2' [z:/Vega_cpu/Project/Vega/Vega.gen/sources_1/ip/axi_uartlite_0/hdl/axi_lite_ipif_v3_0_vh_rfs.vhd:1534]
INFO: [Synth 8-256] done synthesizing module 'pselect_f__parameterized2' (0#1) [z:/Vega_cpu/Project/Vega/Vega.gen/sources_1/ip/axi_uartlite_0/hdl/axi_lite_ipif_v3_0_vh_rfs.vhd:1534]
INFO: [Synth 8-256] done synthesizing module 'address_decoder' (0#1) [z:/Vega_cpu/Project/Vega/Vega.gen/sources_1/ip/axi_uartlite_0/hdl/axi_lite_ipif_v3_0_vh_rfs.vhd:1775]
INFO: [Synth 8-226] default block is never used [z:/Vega_cpu/Project/Vega/Vega.gen/sources_1/ip/axi_uartlite_0/hdl/axi_lite_ipif_v3_0_vh_rfs.vhd:2550]
INFO: [Synth 8-256] done synthesizing module 'slave_attachment' (0#1) [z:/Vega_cpu/Project/Vega/Vega.gen/sources_1/ip/axi_uartlite_0/hdl/axi_lite_ipif_v3_0_vh_rfs.vhd:2341]
INFO: [Synth 8-256] done synthesizing module 'axi_lite_ipif' (0#1) [z:/Vega_cpu/Project/Vega/Vega.gen/sources_1/ip/axi_uartlite_0/hdl/axi_lite_ipif_v3_0_vh_rfs.vhd:2948]
INFO: [Synth 8-256] done synthesizing module 'axi_uartlite' (0#1) [z:/Vega_cpu/Project/Vega/Vega.gen/sources_1/ip/axi_uartlite_0/hdl/axi_uartlite_v2_0_vh_rfs.vhd:2013]
INFO: [Synth 8-256] done synthesizing module 'axi_uartlite_0' (0#1) [z:/Vega_cpu/Project/Vega/Vega.gen/sources_1/ip/axi_uartlite_0/synth/axi_uartlite_0.vhd:86]
WARNING: [Synth 8-689] width (32) of port connection 's_axi_awaddr' does not match port width (4) of module 'axi_uartlite_0' [Z:/Vega_cpu/Project/Vega/Vega.srcs/sources_1/new/uart_adapter.v:53]
WARNING: [Synth 8-689] width (32) of port connection 's_axi_araddr' does not match port width (4) of module 'axi_uartlite_0' [Z:/Vega_cpu/Project/Vega/Vega.srcs/sources_1/new/uart_adapter.v:69]
INFO: [Synth 8-6155] done synthesizing module 'uart_adapter' (0#1) [Z:/Vega_cpu/Project/Vega/Vega.srcs/sources_1/new/uart_adapter.v:1]
INFO: [Synth 8-6157] synthesizing module 'riscv_cpu' [Z:/Vega_cpu/src/cpu/riscv_cpu.v:8]
INFO: [Synth 8-6157] synthesizing module 'icache' [Z:/Vega_cpu/src/cpu/core/if_stage/icache.v:6]
INFO: [Synth 8-6155] done synthesizing module 'icache' (0#1) [Z:/Vega_cpu/src/cpu/core/if_stage/icache.v:6]
WARNING: [Synth 8-7071] port 'instr_window_out' of module 'icache' is unconnected for instance 'u_icache' [Z:/Vega_cpu/src/cpu/riscv_cpu.v:82]
WARNING: [Synth 8-7071] port 'window_valid' of module 'icache' is unconnected for instance 'u_icache' [Z:/Vega_cpu/src/cpu/riscv_cpu.v:82]
WARNING: [Synth 8-7023] instance 'u_icache' of module 'icache' has 12 connections declared, but only 10 given [Z:/Vega_cpu/src/cpu/riscv_cpu.v:82]
INFO: [Synth 8-6157] synthesizing module 'if_stage' [Z:/Vega_cpu/src/cpu/core/if_stage/if_stage.v:7]
	Parameter ADDR_WIDTH bound to: 64 - type: integer 
	Parameter DATA_WIDTH bound to: 32 - type: integer 
INFO: [Synth 8-6157] synthesizing module 'btb' [Z:/Vega_cpu/src/cpu/core/if_stage/btb.v:6]
INFO: [Synth 8-6155] done synthesizing module 'btb' (0#1) [Z:/Vega_cpu/src/cpu/core/if_stage/btb.v:6]
INFO: [Synth 8-6157] synthesizing module 'bht' [Z:/Vega_cpu/src/cpu/core/if_stage/bht.v:6]
INFO: [Synth 8-6155] done synthesizing module 'bht' (0#1) [Z:/Vega_cpu/src/cpu/core/if_stage/bht.v:6]
INFO: [Synth 8-6155] done synthesizing module 'if_stage' (0#1) [Z:/Vega_cpu/src/cpu/core/if_stage/if_stage.v:7]
INFO: [Synth 8-6157] synthesizing module 'id_stage' [Z:/Vega_cpu/src/cpu/core/id_stage/id_stage.v:7]
	Parameter DATA_WIDTH bound to: 64 - type: integer 
	Parameter ADDR_WIDTH bound to: 64 - type: integer 
	Parameter REG_ADDR_WIDTH bound to: 5 - type: integer 
INFO: [Synth 8-6157] synthesizing module 'decoder' [Z:/Vega_cpu/src/cpu/core/id_stage/decoder.v:7]
INFO: [Synth 8-226] default block is never used [Z:/Vega_cpu/src/cpu/core/id_stage/decoder.v:62]
INFO: [Synth 8-226] default block is never used [Z:/Vega_cpu/src/cpu/core/id_stage/decoder.v:115]
INFO: [Synth 8-226] default block is never used [Z:/Vega_cpu/src/cpu/core/id_stage/decoder.v:171]
INFO: [Synth 8-6155] done synthesizing module 'decoder' (0#1) [Z:/Vega_cpu/src/cpu/core/id_stage/decoder.v:7]
INFO: [Synth 8-6155] done synthesizing module 'id_stage' (0#1) [Z:/Vega_cpu/src/cpu/core/id_stage/id_stage.v:7]
INFO: [Synth 8-6157] synthesizing module 'register_file' [Z:/Vega_cpu/src/cpu/core/id_stage/register_file.v:7]
	Parameter DATA_WIDTH bound to: 64 - type: integer 
	Parameter REG_COUNT bound to: 32 - type: integer 
	Parameter ADDR_WIDTH bound to: 5 - type: integer 
INFO: [Synth 8-6155] done synthesizing module 'register_file' (0#1) [Z:/Vega_cpu/src/cpu/core/id_stage/register_file.v:7]
INFO: [Synth 8-6157] synthesizing module 'ii_stage' [Z:/Vega_cpu/src/cpu/core/ii_stage/ii_stage.v:6]
	Parameter DATA_WIDTH bound to: 64 - type: integer 
	Parameter ADDR_WIDTH bound to: 64 - type: integer 
INFO: [Synth 8-6155] done synthesizing module 'ii_stage' (0#1) [Z:/Vega_cpu/src/cpu/core/ii_stage/ii_stage.v:6]
WARNING: [Synth 8-689] width (1) of port connection 'predict_target_o' does not match port width (64) of module 'ii_stage' [Z:/Vega_cpu/src/cpu/riscv_cpu.v:317]
INFO: [Synth 8-6157] synthesizing module 'ex_stage' [Z:/Vega_cpu/src/cpu/core/ex_stage/ex_stage.v:6]
	Parameter DATA_WIDTH bound to: 64 - type: integer 
	Parameter ADDR_WIDTH bound to: 64 - type: integer 
INFO: [Synth 8-226] default block is never used [Z:/Vega_cpu/src/cpu/core/ex_stage/ex_stage.v:207]
INFO: [Synth 8-6157] synthesizing module 'alu' [Z:/Vega_cpu/src/cpu/core/ex_stage/alu.v:12]
INFO: [Synth 8-6155] done synthesizing module 'alu' (0#1) [Z:/Vega_cpu/src/cpu/core/ex_stage/alu.v:12]
INFO: [Synth 8-6155] done synthesizing module 'ex_stage' (0#1) [Z:/Vega_cpu/src/cpu/core/ex_stage/ex_stage.v:6]
WARNING: [Synth 8-689] width (1) of port connection 'predict_target_i' does not match port width (64) of module 'ex_stage' [Z:/Vega_cpu/src/cpu/riscv_cpu.v:372]
INFO: [Synth 8-6157] synthesizing module 'mem_stage' [Z:/Vega_cpu/src/cpu/core/mem_stage/mem_stage.v:8]
	Parameter DATA_WIDTH bound to: 64 - type: integer 
	Parameter ADDR_WIDTH bound to: 64 - type: integer 
INFO: [Synth 8-6157] synthesizing module 'dcache' [Z:/Vega_cpu/src/cpu/core/mem_stage/dcache.v:6]
INFO: [Synth 8-6155] done synthesizing module 'dcache' (0#1) [Z:/Vega_cpu/src/cpu/core/mem_stage/dcache.v:6]
WARNING: [Synth 8-6104] Input port 'dcache_data_out' has an internal driver [Z:/Vega_cpu/src/cpu/core/mem_stage/mem_stage.v:81]
WARNING: [Synth 8-6104] Input port 'dcache_hit' has an internal driver [Z:/Vega_cpu/src/cpu/core/mem_stage/mem_stage.v:82]
WARNING: [Synth 8-6104] Input port 'dcache_refill_done' has an internal driver [Z:/Vega_cpu/src/cpu/core/mem_stage/mem_stage.v:83]
WARNING: [Synth 8-6104] Input port 'dcache_writeback_req' has an internal driver [Z:/Vega_cpu/src/cpu/core/mem_stage/mem_stage.v:84]
WARNING: [Synth 8-6104] Input port 'dcache_writeback_addr' has an internal driver [Z:/Vega_cpu/src/cpu/core/mem_stage/mem_stage.v:85]
WARNING: [Synth 8-6104] Input port 'dcache_writeback_data' has an internal driver [Z:/Vega_cpu/src/cpu/core/mem_stage/mem_stage.v:86]
WARNING: [Synth 8-6104] Input port 'dcache_cache_stall' has an internal driver [Z:/Vega_cpu/src/cpu/core/mem_stage/mem_stage.v:87]
INFO: [Synth 8-6155] done synthesizing module 'mem_stage' (0#1) [Z:/Vega_cpu/src/cpu/core/mem_stage/mem_stage.v:8]
INFO: [Synth 8-6157] synthesizing module 'hazard_unit' [Z:/Vega_cpu/src/cpu/core/hazard_unit.v:6]
INFO: [Synth 8-6155] done synthesizing module 'hazard_unit' (0#1) [Z:/Vega_cpu/src/cpu/core/hazard_unit.v:6]
INFO: [Synth 8-6155] done synthesizing module 'riscv_cpu' (0#1) [Z:/Vega_cpu/src/cpu/riscv_cpu.v:8]
INFO: [Synth 8-6155] done synthesizing module 'vega_soc_top' (0#1) [Z:/Vega_cpu/src/soc/vega_soc_top.v:1]
INFO: [Synth 8-6014] Unused sequential element is_read_reg was removed.  [z:/Vega_cpu/Project/Vega/Vega.gen/sources_1/ip/axi_uartlite_0/hdl/axi_lite_ipif_v3_0_vh_rfs.vhd:2447]
INFO: [Synth 8-6014] Unused sequential element is_write_reg was removed.  [z:/Vega_cpu/Project/Vega/Vega.gen/sources_1/ip/axi_uartlite_0/hdl/axi_lite_ipif_v3_0_vh_rfs.vhd:2448]
WARNING: [Synth 8-7137] Register axi_wdata_reg in module uart_adapter has both Set and reset with same priority. This may cause simulation mismatches. Consider rewriting code  [Z:/Vega_cpu/Project/Vega/Vega.srcs/sources_1/new/uart_adapter.v:58]
WARNING: [Synth 8-7137] Register axi_wstrb_reg in module uart_adapter has both Set and reset with same priority. This may cause simulation mismatches. Consider rewriting code  [Z:/Vega_cpu/Project/Vega/Vega.srcs/sources_1/new/uart_adapter.v:59]
WARNING: [Synth 8-11357] Potential Runtime issue for 3D-RAM or RAM from Record/Structs for RAM  way_data_reg with 32768 registers
WARNING: [Synth 8-6014] Unused sequential element found_reg was removed.  [Z:/Vega_cpu/src/cpu/core/if_stage/icache.v:63]
WARNING: [Synth 8-6014] Unused sequential element match_way_reg was removed.  [Z:/Vega_cpu/src/cpu/core/if_stage/icache.v:64]
WARNING: [Synth 8-7137] Register hit_reg in module icache has both Set and reset with same priority. This may cause simulation mismatches. Consider rewriting code  [Z:/Vega_cpu/src/cpu/core/if_stage/icache.v:60]
WARNING: [Synth 8-7137] Register data_out_reg in module icache has both Set and reset with same priority. This may cause simulation mismatches. Consider rewriting code  [Z:/Vega_cpu/src/cpu/core/if_stage/icache.v:73]
WARNING: [Synth 8-7137] Register instr_window_out_reg in module icache has both Set and reset with same priority. This may cause simulation mismatches. Consider rewriting code  [Z:/Vega_cpu/src/cpu/core/if_stage/icache.v:76]
WARNING: [Synth 8-7137] Register window_valid_reg in module icache has both Set and reset with same priority. This may cause simulation mismatches. Consider rewriting code  [Z:/Vega_cpu/src/cpu/core/if_stage/icache.v:85]
WARNING: [Synth 8-7137] Register mem_req_reg in module icache has both Set and reset with same priority. This may cause simulation mismatches. Consider rewriting code  [Z:/Vega_cpu/src/cpu/core/if_stage/icache.v:90]
WARNING: [Synth 8-7137] Register mem_addr_reg in module icache has both Set and reset with same priority. This may cause simulation mismatches. Consider rewriting code  [Z:/Vega_cpu/src/cpu/core/if_stage/icache.v:91]
WARNING: [Synth 8-6014] Unused sequential element found_reg was removed.  [Z:/Vega_cpu/src/cpu/core/if_stage/btb.v:55]
WARNING: [Synth 8-6014] Unused sequential element match_way_reg was removed.  [Z:/Vega_cpu/src/cpu/core/if_stage/btb.v:56]
WARNING: [Synth 8-11357] Potential Runtime issue for 3D-RAM or RAM from Record/Structs for RAM  way_data_reg with 32768 registers
WARNING: [Synth 8-7137] Register way_dirty_reg[0][0] in module dcache has both Set and reset with same priority. This may cause simulation mismatches. Consider rewriting code  [Z:/Vega_cpu/src/cpu/core/mem_stage/dcache.v:91]
WARNING: [Synth 8-7137] Register way_dirty_reg[0][1] in module dcache has both Set and reset with same priority. This may cause simulation mismatches. Consider rewriting code  [Z:/Vega_cpu/src/cpu/core/mem_stage/dcache.v:91]
WARNING: [Synth 8-7137] Register way_dirty_reg[0][2] in module dcache has both Set and reset with same priority. This may cause simulation mismatches. Consider rewriting code  [Z:/Vega_cpu/src/cpu/core/mem_stage/dcache.v:91]
WARNING: [Synth 8-7137] Register way_dirty_reg[0][3] in module dcache has both Set and reset with same priority. This may cause simulation mismatches. Consider rewriting code  [Z:/Vega_cpu/src/cpu/core/mem_stage/dcache.v:91]
WARNING: [Synth 8-7137] Register way_dirty_reg[0][4] in module dcache has both Set and reset with same priority. This may cause simulation mismatches. Consider rewriting code  [Z:/Vega_cpu/src/cpu/core/mem_stage/dcache.v:91]
WARNING: [Synth 8-7137] Register way_dirty_reg[0][5] in module dcache has both Set and reset with same priority. This may cause simulation mismatches. Consider rewriting code  [Z:/Vega_cpu/src/cpu/core/mem_stage/dcache.v:91]
WARNING: [Synth 8-7137] Register way_dirty_reg[0][6] in module dcache has both Set and reset with same priority. This may cause simulation mismatches. Consider rewriting code  [Z:/Vega_cpu/src/cpu/core/mem_stage/dcache.v:91]
WARNING: [Synth 8-7137] Register way_dirty_reg[0][7] in module dcache has both Set and reset with same priority. This may cause simulation mismatches. Consider rewriting code  [Z:/Vega_cpu/src/cpu/core/mem_stage/dcache.v:91]
WARNING: [Synth 8-7137] Register way_dirty_reg[0][8] in module dcache has both Set and reset with same priority. This may cause simulation mismatches. Consider rewriting code  [Z:/Vega_cpu/src/cpu/core/mem_stage/dcache.v:91]
WARNING: [Synth 8-7137] Register way_dirty_reg[0][9] in module dcache has both Set and reset with same priority. This may cause simulation mismatches. Consider rewriting code  [Z:/Vega_cpu/src/cpu/core/mem_stage/dcache.v:91]
WARNING: [Synth 8-7137] Register way_dirty_reg[0][10] in module dcache has both Set and reset with same priority. This may cause simulation mismatches. Consider rewriting code  [Z:/Vega_cpu/src/cpu/core/mem_stage/dcache.v:91]
WARNING: [Synth 8-7137] Register way_dirty_reg[0][11] in module dcache has both Set and reset with same priority. This may cause simulation mismatches. Consider rewriting code  [Z:/Vega_cpu/src/cpu/core/mem_stage/dcache.v:91]
WARNING: [Synth 8-7137] Register way_dirty_reg[0][12] in module dcache has both Set and reset with same priority. This may cause simulation mismatches. Consider rewriting code  [Z:/Vega_cpu/src/cpu/core/mem_stage/dcache.v:91]
WARNING: [Synth 8-7137] Register way_dirty_reg[0][13] in module dcache has both Set and reset with same priority. This may cause simulation mismatches. Consider rewriting code  [Z:/Vega_cpu/src/cpu/core/mem_stage/dcache.v:91]
WARNING: [Synth 8-7137] Register way_dirty_reg[0][14] in module dcache has both Set and reset with same priority. This may cause simulation mismatches. Consider rewriting code  [Z:/Vega_cpu/src/cpu/core/mem_stage/dcache.v:91]
WARNING: [Synth 8-7137] Register way_dirty_reg[0][15] in module dcache has both Set and reset with same priority. This may cause simulation mismatches. Consider rewriting code  [Z:/Vega_cpu/src/cpu/core/mem_stage/dcache.v:91]
WARNING: [Synth 8-7137] Register way_dirty_reg[0][16] in module dcache has both Set and reset with same priority. This may cause simulation mismatches. Consider rewriting code  [Z:/Vega_cpu/src/cpu/core/mem_stage/dcache.v:91]
WARNING: [Synth 8-7137] Register way_dirty_reg[0][17] in module dcache has both Set and reset with same priority. This may cause simulation mismatches. Consider rewriting code  [Z:/Vega_cpu/src/cpu/core/mem_stage/dcache.v:91]
WARNING: [Synth 8-7137] Register way_dirty_reg[0][18] in module dcache has both Set and reset with same priority. This may cause simulation mismatches. Consider rewriting code  [Z:/Vega_cpu/src/cpu/core/mem_stage/dcache.v:91]
WARNING: [Synth 8-7137] Register way_dirty_reg[0][19] in module dcache has both Set and reset with same priority. This may cause simulation mismatches. Consider rewriting code  [Z:/Vega_cpu/src/cpu/core/mem_stage/dcache.v:91]
WARNING: [Synth 8-7137] Register way_dirty_reg[0][20] in module dcache has both Set and reset with same priority. This may cause simulation mismatches. Consider rewriting code  [Z:/Vega_cpu/src/cpu/core/mem_stage/dcache.v:91]
WARNING: [Synth 8-7137] Register way_dirty_reg[0][21] in module dcache has both Set and reset with same priority. This may cause simulation mismatches. Consider rewriting code  [Z:/Vega_cpu/src/cpu/core/mem_stage/dcache.v:91]
WARNING: [Synth 8-7137] Register way_dirty_reg[0][22] in module dcache has both Set and reset with same priority. This may cause simulation mismatches. Consider rewriting code  [Z:/Vega_cpu/src/cpu/core/mem_stage/dcache.v:91]
WARNING: [Synth 8-7137] Register way_dirty_reg[0][23] in module dcache has both Set and reset with same priority. This may cause simulation mismatches. Consider rewriting code  [Z:/Vega_cpu/src/cpu/core/mem_stage/dcache.v:91]
WARNING: [Synth 8-7137] Register way_dirty_reg[0][24] in module dcache has both Set and reset with same priority. This may cause simulation mismatches. Consider rewriting code  [Z:/Vega_cpu/src/cpu/core/mem_stage/dcache.v:91]
WARNING: [Synth 8-7137] Register way_dirty_reg[0][25] in module dcache has both Set and reset with same priority. This may cause simulation mismatches. Consider rewriting code  [Z:/Vega_cpu/src/cpu/core/mem_stage/dcache.v:91]
WARNING: [Synth 8-7137] Register way_dirty_reg[0][26] in module dcache has both Set and reset with same priority. This may cause simulation mismatches. Consider rewriting code  [Z:/Vega_cpu/src/cpu/core/mem_stage/dcache.v:91]
WARNING: [Synth 8-7137] Register way_dirty_reg[0][27] in module dcache has both Set and reset with same priority. This may cause simulation mismatches. Consider rewriting code  [Z:/Vega_cpu/src/cpu/core/mem_stage/dcache.v:91]
WARNING: [Synth 8-7137] Register way_dirty_reg[0][28] in module dcache has both Set and reset with same priority. This may cause simulation mismatches. Consider rewriting code  [Z:/Vega_cpu/src/cpu/core/mem_stage/dcache.v:91]
WARNING: [Synth 8-7137] Register way_dirty_reg[0][29] in module dcache has both Set and reset with same priority. This may cause simulation mismatches. Consider rewriting code  [Z:/Vega_cpu/src/cpu/core/mem_stage/dcache.v:91]
WARNING: [Synth 8-7137] Register way_dirty_reg[0][30] in module dcache has both Set and reset with same priority. This may cause simulation mismatches. Consider rewriting code  [Z:/Vega_cpu/src/cpu/core/mem_stage/dcache.v:91]
WARNING: [Synth 8-7137] Register way_dirty_reg[0][31] in module dcache has both Set and reset with same priority. This may cause simulation mismatches. Consider rewriting code  [Z:/Vega_cpu/src/cpu/core/mem_stage/dcache.v:91]
WARNING: [Synth 8-7137] Register way_dirty_reg[0][32] in module dcache has both Set and reset with same priority. This may cause simulation mismatches. Consider rewriting code  [Z:/Vega_cpu/src/cpu/core/mem_stage/dcache.v:91]
WARNING: [Synth 8-7137] Register way_dirty_reg[0][33] in module dcache has both Set and reset with same priority. This may cause simulation mismatches. Consider rewriting code  [Z:/Vega_cpu/src/cpu/core/mem_stage/dcache.v:91]
WARNING: [Synth 8-7137] Register way_dirty_reg[0][34] in module dcache has both Set and reset with same priority. This may cause simulation mismatches. Consider rewriting code  [Z:/Vega_cpu/src/cpu/core/mem_stage/dcache.v:91]
WARNING: [Synth 8-7137] Register way_dirty_reg[0][35] in module dcache has both Set and reset with same priority. This may cause simulation mismatches. Consider rewriting code  [Z:/Vega_cpu/src/cpu/core/mem_stage/dcache.v:91]
WARNING: [Synth 8-7137] Register way_dirty_reg[0][36] in module dcache has both Set and reset with same priority. This may cause simulation mismatches. Consider rewriting code  [Z:/Vega_cpu/src/cpu/core/mem_stage/dcache.v:91]
WARNING: [Synth 8-7137] Register way_dirty_reg[0][37] in module dcache has both Set and reset with same priority. This may cause simulation mismatches. Consider rewriting code  [Z:/Vega_cpu/src/cpu/core/mem_stage/dcache.v:91]
WARNING: [Synth 8-7137] Register way_dirty_reg[0][38] in module dcache has both Set and reset with same priority. This may cause simulation mismatches. Consider rewriting code  [Z:/Vega_cpu/src/cpu/core/mem_stage/dcache.v:91]
WARNING: [Synth 8-7137] Register way_dirty_reg[0][39] in module dcache has both Set and reset with same priority. This may cause simulation mismatches. Consider rewriting code  [Z:/Vega_cpu/src/cpu/core/mem_stage/dcache.v:91]
WARNING: [Synth 8-7137] Register way_dirty_reg[0][40] in module dcache has both Set and reset with same priority. This may cause simulation mismatches. Consider rewriting code  [Z:/Vega_cpu/src/cpu/core/mem_stage/dcache.v:91]
WARNING: [Synth 8-7137] Register way_dirty_reg[0][41] in module dcache has both Set and reset with same priority. This may cause simulation mismatches. Consider rewriting code  [Z:/Vega_cpu/src/cpu/core/mem_stage/dcache.v:91]
WARNING: [Synth 8-7137] Register way_dirty_reg[0][42] in module dcache has both Set and reset with same priority. This may cause simulation mismatches. Consider rewriting code  [Z:/Vega_cpu/src/cpu/core/mem_stage/dcache.v:91]
WARNING: [Synth 8-7137] Register way_dirty_reg[0][43] in module dcache has both Set and reset with same priority. This may cause simulation mismatches. Consider rewriting code  [Z:/Vega_cpu/src/cpu/core/mem_stage/dcache.v:91]
WARNING: [Synth 8-7137] Register way_dirty_reg[0][44] in module dcache has both Set and reset with same priority. This may cause simulation mismatches. Consider rewriting code  [Z:/Vega_cpu/src/cpu/core/mem_stage/dcache.v:91]
WARNING: [Synth 8-7137] Register way_dirty_reg[0][45] in module dcache has both Set and reset with same priority. This may cause simulation mismatches. Consider rewriting code  [Z:/Vega_cpu/src/cpu/core/mem_stage/dcache.v:91]
WARNING: [Synth 8-7137] Register way_dirty_reg[0][46] in module dcache has both Set and reset with same priority. This may cause simulation mismatches. Consider rewriting code  [Z:/Vega_cpu/src/cpu/core/mem_stage/dcache.v:91]
WARNING: [Synth 8-7137] Register way_dirty_reg[0][47] in module dcache has both Set and reset with same priority. This may cause simulation mismatches. Consider rewriting code  [Z:/Vega_cpu/src/cpu/core/mem_stage/dcache.v:91]
WARNING: [Synth 8-7137] Register way_dirty_reg[0][48] in module dcache has both Set and reset with same priority. This may cause simulation mismatches. Consider rewriting code  [Z:/Vega_cpu/src/cpu/core/mem_stage/dcache.v:91]
WARNING: [Synth 8-7137] Register way_dirty_reg[0][49] in module dcache has both Set and reset with same priority. This may cause simulation mismatches. Consider rewriting code  [Z:/Vega_cpu/src/cpu/core/mem_stage/dcache.v:91]
WARNING: [Synth 8-7137] Register way_dirty_reg[0][50] in module dcache has both Set and reset with same priority. This may cause simulation mismatches. Consider rewriting code  [Z:/Vega_cpu/src/cpu/core/mem_stage/dcache.v:91]
WARNING: [Synth 8-7137] Register way_dirty_reg[0][51] in module dcache has both Set and reset with same priority. This may cause simulation mismatches. Consider rewriting code  [Z:/Vega_cpu/src/cpu/core/mem_stage/dcache.v:91]
WARNING: [Synth 8-7137] Register way_dirty_reg[0][52] in module dcache has both Set and reset with same priority. This may cause simulation mismatches. Consider rewriting code  [Z:/Vega_cpu/src/cpu/core/mem_stage/dcache.v:91]
WARNING: [Synth 8-7137] Register way_dirty_reg[0][53] in module dcache has both Set and reset with same priority. This may cause simulation mismatches. Consider rewriting code  [Z:/Vega_cpu/src/cpu/core/mem_stage/dcache.v:91]
WARNING: [Synth 8-7137] Register way_dirty_reg[0][54] in module dcache has both Set and reset with same priority. This may cause simulation mismatches. Consider rewriting code  [Z:/Vega_cpu/src/cpu/core/mem_stage/dcache.v:91]
WARNING: [Synth 8-7137] Register way_dirty_reg[0][55] in module dcache has both Set and reset with same priority. This may cause simulation mismatches. Consider rewriting code  [Z:/Vega_cpu/src/cpu/core/mem_stage/dcache.v:91]
WARNING: [Synth 8-7137] Register way_dirty_reg[0][56] in module dcache has both Set and reset with same priority. This may cause simulation mismatches. Consider rewriting code  [Z:/Vega_cpu/src/cpu/core/mem_stage/dcache.v:91]
WARNING: [Synth 8-7137] Register way_dirty_reg[0][57] in module dcache has both Set and reset with same priority. This may cause simulation mismatches. Consider rewriting code  [Z:/Vega_cpu/src/cpu/core/mem_stage/dcache.v:91]
WARNING: [Synth 8-7137] Register way_dirty_reg[0][58] in module dcache has both Set and reset with same priority. This may cause simulation mismatches. Consider rewriting code  [Z:/Vega_cpu/src/cpu/core/mem_stage/dcache.v:91]
WARNING: [Synth 8-7137] Register way_dirty_reg[0][59] in module dcache has both Set and reset with same priority. This may cause simulation mismatches. Consider rewriting code  [Z:/Vega_cpu/src/cpu/core/mem_stage/dcache.v:91]
WARNING: [Synth 8-7137] Register way_dirty_reg[0][60] in module dcache has both Set and reset with same priority. This may cause simulation mismatches. Consider rewriting code  [Z:/Vega_cpu/src/cpu/core/mem_stage/dcache.v:91]
WARNING: [Synth 8-7137] Register way_dirty_reg[0][61] in module dcache has both Set and reset with same priority. This may cause simulation mismatches. Consider rewriting code  [Z:/Vega_cpu/src/cpu/core/mem_stage/dcache.v:91]
WARNING: [Synth 8-7137] Register way_dirty_reg[0][62] in module dcache has both Set and reset with same priority. This may cause simulation mismatches. Consider rewriting code  [Z:/Vega_cpu/src/cpu/core/mem_stage/dcache.v:91]
WARNING: [Synth 8-7137] Register way_dirty_reg[0][63] in module dcache has both Set and reset with same priority. This may cause simulation mismatches. Consider rewriting code  [Z:/Vega_cpu/src/cpu/core/mem_stage/dcache.v:91]
WARNING: [Synth 8-7137] Register way_dirty_reg[1][0] in module dcache has both Set and reset with same priority. This may cause simulation mismatches. Consider rewriting code  [Z:/Vega_cpu/src/cpu/core/mem_stage/dcache.v:91]
WARNING: [Synth 8-7137] Register way_dirty_reg[1][1] in module dcache has both Set and reset with same priority. This may cause simulation mismatches. Consider rewriting code  [Z:/Vega_cpu/src/cpu/core/mem_stage/dcache.v:91]
WARNING: [Synth 8-7137] Register way_dirty_reg[1][2] in module dcache has both Set and reset with same priority. This may cause simulation mismatches. Consider rewriting code  [Z:/Vega_cpu/src/cpu/core/mem_stage/dcache.v:91]
WARNING: [Synth 8-7137] Register way_dirty_reg[1][3] in module dcache has both Set and reset with same priority. This may cause simulation mismatches. Consider rewriting code  [Z:/Vega_cpu/src/cpu/core/mem_stage/dcache.v:91]
WARNING: [Synth 8-7137] Register way_dirty_reg[1][4] in module dcache has both Set and reset with same priority. This may cause simulation mismatches. Consider rewriting code  [Z:/Vega_cpu/src/cpu/core/mem_stage/dcache.v:91]
WARNING: [Synth 8-7137] Register way_dirty_reg[1][5] in module dcache has both Set and reset with same priority. This may cause simulation mismatches. Consider rewriting code  [Z:/Vega_cpu/src/cpu/core/mem_stage/dcache.v:91]
WARNING: [Synth 8-7137] Register way_dirty_reg[1][6] in module dcache has both Set and reset with same priority. This may cause simulation mismatches. Consider rewriting code  [Z:/Vega_cpu/src/cpu/core/mem_stage/dcache.v:91]
WARNING: [Synth 8-7137] Register way_dirty_reg[1][7] in module dcache has both Set and reset with same priority. This may cause simulation mismatches. Consider rewriting code  [Z:/Vega_cpu/src/cpu/core/mem_stage/dcache.v:91]
WARNING: [Synth 8-7137] Register way_dirty_reg[1][8] in module dcache has both Set and reset with same priority. This may cause simulation mismatches. Consider rewriting code  [Z:/Vega_cpu/src/cpu/core/mem_stage/dcache.v:91]
WARNING: [Synth 8-7137] Register way_dirty_reg[1][9] in module dcache has both Set and reset with same priority. This may cause simulation mismatches. Consider rewriting code  [Z:/Vega_cpu/src/cpu/core/mem_stage/dcache.v:91]
WARNING: [Synth 8-7137] Register way_dirty_reg[1][10] in module dcache has both Set and reset with same priority. This may cause simulation mismatches. Consider rewriting code  [Z:/Vega_cpu/src/cpu/core/mem_stage/dcache.v:91]
WARNING: [Synth 8-7137] Register way_dirty_reg[1][11] in module dcache has both Set and reset with same priority. This may cause simulation mismatches. Consider rewriting code  [Z:/Vega_cpu/src/cpu/core/mem_stage/dcache.v:91]
WARNING: [Synth 8-7137] Register way_dirty_reg[1][12] in module dcache has both Set and reset with same priority. This may cause simulation mismatches. Consider rewriting code  [Z:/Vega_cpu/src/cpu/core/mem_stage/dcache.v:91]
WARNING: [Synth 8-7137] Register way_dirty_reg[1][13] in module dcache has both Set and reset with same priority. This may cause simulation mismatches. Consider rewriting code  [Z:/Vega_cpu/src/cpu/core/mem_stage/dcache.v:91]
WARNING: [Synth 8-7137] Register way_dirty_reg[1][14] in module dcache has both Set and reset with same priority. This may cause simulation mismatches. Consider rewriting code  [Z:/Vega_cpu/src/cpu/core/mem_stage/dcache.v:91]
WARNING: [Synth 8-7137] Register way_dirty_reg[1][15] in module dcache has both Set and reset with same priority. This may cause simulation mismatches. Consider rewriting code  [Z:/Vega_cpu/src/cpu/core/mem_stage/dcache.v:91]
WARNING: [Synth 8-7137] Register way_dirty_reg[1][16] in module dcache has both Set and reset with same priority. This may cause simulation mismatches. Consider rewriting code  [Z:/Vega_cpu/src/cpu/core/mem_stage/dcache.v:91]
WARNING: [Synth 8-7137] Register way_dirty_reg[1][17] in module dcache has both Set and reset with same priority. This may cause simulation mismatches. Consider rewriting code  [Z:/Vega_cpu/src/cpu/core/mem_stage/dcache.v:91]
WARNING: [Synth 8-7137] Register way_dirty_reg[1][18] in module dcache has both Set and reset with same priority. This may cause simulation mismatches. Consider rewriting code  [Z:/Vega_cpu/src/cpu/core/mem_stage/dcache.v:91]
WARNING: [Synth 8-7137] Register way_dirty_reg[1][19] in module dcache has both Set and reset with same priority. This may cause simulation mismatches. Consider rewriting code  [Z:/Vega_cpu/src/cpu/core/mem_stage/dcache.v:91]
WARNING: [Synth 8-7137] Register way_dirty_reg[1][20] in module dcache has both Set and reset with same priority. This may cause simulation mismatches. Consider rewriting code  [Z:/Vega_cpu/src/cpu/core/mem_stage/dcache.v:91]
WARNING: [Synth 8-7137] Register way_dirty_reg[1][21] in module dcache has both Set and reset with same priority. This may cause simulation mismatches. Consider rewriting code  [Z:/Vega_cpu/src/cpu/core/mem_stage/dcache.v:91]
WARNING: [Synth 8-7137] Register way_dirty_reg[1][22] in module dcache has both Set and reset with same priority. This may cause simulation mismatches. Consider rewriting code  [Z:/Vega_cpu/src/cpu/core/mem_stage/dcache.v:91]
WARNING: [Synth 8-7137] Register way_dirty_reg[1][23] in module dcache has both Set and reset with same priority. This may cause simulation mismatches. Consider rewriting code  [Z:/Vega_cpu/src/cpu/core/mem_stage/dcache.v:91]
WARNING: [Synth 8-7137] Register way_dirty_reg[1][24] in module dcache has both Set and reset with same priority. This may cause simulation mismatches. Consider rewriting code  [Z:/Vega_cpu/src/cpu/core/mem_stage/dcache.v:91]
WARNING: [Synth 8-7137] Register way_dirty_reg[1][25] in module dcache has both Set and reset with same priority. This may cause simulation mismatches. Consider rewriting code  [Z:/Vega_cpu/src/cpu/core/mem_stage/dcache.v:91]
WARNING: [Synth 8-7137] Register way_dirty_reg[1][26] in module dcache has both Set and reset with same priority. This may cause simulation mismatches. Consider rewriting code  [Z:/Vega_cpu/src/cpu/core/mem_stage/dcache.v:91]
WARNING: [Synth 8-7137] Register way_dirty_reg[1][27] in module dcache has both Set and reset with same priority. This may cause simulation mismatches. Consider rewriting code  [Z:/Vega_cpu/src/cpu/core/mem_stage/dcache.v:91]
INFO: [Common 17-14] Message 'Synth 8-7137' appears 100 times and further instances of the messages will be disabled. Use the Tcl command set_msg_config to change the current settings.
WARNING: [Synth 8-3848] Net dcache_writeback_addr in module/entity riscv_cpu does not have driver. [Z:/Vega_cpu/src/cpu/riscv_cpu.v:107]
WARNING: [Synth 8-3848] Net dcache_writeback_req in module/entity riscv_cpu does not have driver. [Z:/Vega_cpu/src/cpu/riscv_cpu.v:106]
WARNING: [Synth 8-3848] Net dcache_writeback_data in module/entity riscv_cpu does not have driver. [Z:/Vega_cpu/src/cpu/riscv_cpu.v:108]
WARNING: [Synth 8-3848] Net dcache_data_out in module/entity riscv_cpu does not have driver. [Z:/Vega_cpu/src/cpu/riscv_cpu.v:103]
WARNING: [Synth 8-3848] Net dcache_hit in module/entity riscv_cpu does not have driver. [Z:/Vega_cpu/src/cpu/riscv_cpu.v:104]
WARNING: [Synth 8-3848] Net dcache_refill_done in module/entity riscv_cpu does not have driver. [Z:/Vega_cpu/src/cpu/riscv_cpu.v:105]
WARNING: [Synth 8-3848] Net dcache_cache_stall in module/entity riscv_cpu does not have driver. [Z:/Vega_cpu/src/cpu/riscv_cpu.v:109]
WARNING: [Synth 8-3848] Net icache_addr in module/entity riscv_cpu does not have driver. [Z:/Vega_cpu/src/cpu/riscv_cpu.v:69]
WARNING: [Synth 8-3848] Net icache_req in module/entity riscv_cpu does not have driver. [Z:/Vega_cpu/src/cpu/riscv_cpu.v:70]
WARNING: [Synth 8-3848] Net icache_mem_data in module/entity riscv_cpu does not have driver. [Z:/Vega_cpu/src/cpu/riscv_cpu.v:74]
WARNING: [Synth 8-3848] Net icache_mem_ready in module/entity riscv_cpu does not have driver. [Z:/Vega_cpu/src/cpu/riscv_cpu.v:76]
WARNING: [Synth 8-7129] Port clk in module hazard_unit is either unconnected or has no load
WARNING: [Synth 8-7129] Port rst_n in module hazard_unit is either unconnected or has no load
WARNING: [Synth 8-7129] Port reg_write_en_ex_w1 in module hazard_unit is either unconnected or has no load
WARNING: [Synth 8-7129] Port reg_write_en_ex_w2 in module hazard_unit is either unconnected or has no load
WARNING: [Synth 8-7129] Port rd_addr_mem_w1[4] in module hazard_unit is either unconnected or has no load
WARNING: [Synth 8-7129] Port rd_addr_mem_w1[3] in module hazard_unit is either unconnected or has no load
WARNING: [Synth 8-7129] Port rd_addr_mem_w1[2] in module hazard_unit is either unconnected or has no load
WARNING: [Synth 8-7129] Port rd_addr_mem_w1[1] in module hazard_unit is either unconnected or has no load
WARNING: [Synth 8-7129] Port rd_addr_mem_w1[0] in module hazard_unit is either unconnected or has no load
WARNING: [Synth 8-7129] Port reg_write_en_mem_w1 in module hazard_unit is either unconnected or has no load
WARNING: [Synth 8-7129] Port rd_addr_mem_w2[4] in module hazard_unit is either unconnected or has no load
WARNING: [Synth 8-7129] Port rd_addr_mem_w2[3] in module hazard_unit is either unconnected or has no load
WARNING: [Synth 8-7129] Port rd_addr_mem_w2[2] in module hazard_unit is either unconnected or has no load
WARNING: [Synth 8-7129] Port rd_addr_mem_w2[1] in module hazard_unit is either unconnected or has no load
WARNING: [Synth 8-7129] Port rd_addr_mem_w2[0] in module hazard_unit is either unconnected or has no load
WARNING: [Synth 8-7129] Port reg_write_en_mem_w2 in module hazard_unit is either unconnected or has no load
WARNING: [Synth 8-7129] Port branch_taken_ex in module hazard_unit is either unconnected or has no load
WARNING: [Synth 8-7129] Port addr[63] in module dcache is either unconnected or has no load
WARNING: [Synth 8-7129] Port addr[62] in module dcache is either unconnected or has no load
WARNING: [Synth 8-7129] Port addr[61] in module dcache is either unconnected or has no load
WARNING: [Synth 8-7129] Port addr[60] in module dcache is either unconnected or has no load
WARNING: [Synth 8-7129] Port addr[59] in module dcache is either unconnected or has no load
WARNING: [Synth 8-7129] Port addr[58] in module dcache is either unconnected or has no load
WARNING: [Synth 8-7129] Port addr[57] in module dcache is either unconnected or has no load
WARNING: [Synth 8-7129] Port addr[56] in module dcache is either unconnected or has no load
WARNING: [Synth 8-7129] Port addr[55] in module dcache is either unconnected or has no load
WARNING: [Synth 8-7129] Port addr[54] in module dcache is either unconnected or has no load
WARNING: [Synth 8-7129] Port addr[53] in module dcache is either unconnected or has no load
WARNING: [Synth 8-7129] Port addr[52] in module dcache is either unconnected or has no load
WARNING: [Synth 8-7129] Port addr[51] in module dcache is either unconnected or has no load
WARNING: [Synth 8-7129] Port addr[50] in module dcache is either unconnected or has no load
WARNING: [Synth 8-7129] Port addr[49] in module dcache is either unconnected or has no load
WARNING: [Synth 8-7129] Port addr[48] in module dcache is either unconnected or has no load
WARNING: [Synth 8-7129] Port addr[47] in module dcache is either unconnected or has no load
WARNING: [Synth 8-7129] Port addr[46] in module dcache is either unconnected or has no load
WARNING: [Synth 8-7129] Port addr[45] in module dcache is either unconnected or has no load
WARNING: [Synth 8-7129] Port addr[44] in module dcache is either unconnected or has no load
WARNING: [Synth 8-7129] Port addr[43] in module dcache is either unconnected or has no load
WARNING: [Synth 8-7129] Port addr[42] in module dcache is either unconnected or has no load
WARNING: [Synth 8-7129] Port addr[41] in module dcache is either unconnected or has no load
WARNING: [Synth 8-7129] Port addr[40] in module dcache is either unconnected or has no load
WARNING: [Synth 8-7129] Port addr[39] in module dcache is either unconnected or has no load
WARNING: [Synth 8-7129] Port addr[38] in module dcache is either unconnected or has no load
WARNING: [Synth 8-7129] Port addr[37] in module dcache is either unconnected or has no load
WARNING: [Synth 8-7129] Port addr[36] in module dcache is either unconnected or has no load
WARNING: [Synth 8-7129] Port addr[35] in module dcache is either unconnected or has no load
WARNING: [Synth 8-7129] Port addr[34] in module dcache is either unconnected or has no load
WARNING: [Synth 8-7129] Port addr[33] in module dcache is either unconnected or has no load
WARNING: [Synth 8-7129] Port addr[32] in module dcache is either unconnected or has no load
WARNING: [Synth 8-7129] Port addr[2] in module dcache is either unconnected or has no load
WARNING: [Synth 8-7129] Port addr[1] in module dcache is either unconnected or has no load
WARNING: [Synth 8-7129] Port addr[0] in module dcache is either unconnected or has no load
WARNING: [Synth 8-7129] Port wdata[63] in module dcache is either unconnected or has no load
WARNING: [Synth 8-7129] Port wdata[62] in module dcache is either unconnected or has no load
WARNING: [Synth 8-7129] Port wdata[61] in module dcache is either unconnected or has no load
WARNING: [Synth 8-7129] Port wdata[60] in module dcache is either unconnected or has no load
WARNING: [Synth 8-7129] Port wdata[59] in module dcache is either unconnected or has no load
WARNING: [Synth 8-7129] Port wdata[58] in module dcache is either unconnected or has no load
WARNING: [Synth 8-7129] Port wdata[57] in module dcache is either unconnected or has no load
WARNING: [Synth 8-7129] Port wdata[56] in module dcache is either unconnected or has no load
WARNING: [Synth 8-7129] Port wdata[55] in module dcache is either unconnected or has no load
WARNING: [Synth 8-7129] Port wdata[54] in module dcache is either unconnected or has no load
WARNING: [Synth 8-7129] Port wdata[53] in module dcache is either unconnected or has no load
WARNING: [Synth 8-7129] Port wdata[52] in module dcache is either unconnected or has no load
WARNING: [Synth 8-7129] Port wdata[51] in module dcache is either unconnected or has no load
WARNING: [Synth 8-7129] Port wdata[50] in module dcache is either unconnected or has no load
WARNING: [Synth 8-7129] Port wdata[49] in module dcache is either unconnected or has no load
WARNING: [Synth 8-7129] Port wdata[48] in module dcache is either unconnected or has no load
WARNING: [Synth 8-7129] Port wdata[47] in module dcache is either unconnected or has no load
WARNING: [Synth 8-7129] Port wdata[46] in module dcache is either unconnected or has no load
WARNING: [Synth 8-7129] Port wdata[45] in module dcache is either unconnected or has no load
WARNING: [Synth 8-7129] Port wdata[44] in module dcache is either unconnected or has no load
WARNING: [Synth 8-7129] Port wdata[43] in module dcache is either unconnected or has no load
WARNING: [Synth 8-7129] Port wdata[42] in module dcache is either unconnected or has no load
WARNING: [Synth 8-7129] Port wdata[41] in module dcache is either unconnected or has no load
WARNING: [Synth 8-7129] Port wdata[40] in module dcache is either unconnected or has no load
WARNING: [Synth 8-7129] Port wdata[39] in module dcache is either unconnected or has no load
WARNING: [Synth 8-7129] Port wdata[38] in module dcache is either unconnected or has no load
WARNING: [Synth 8-7129] Port wdata[37] in module dcache is either unconnected or has no load
WARNING: [Synth 8-7129] Port wdata[36] in module dcache is either unconnected or has no load
WARNING: [Synth 8-7129] Port wdata[35] in module dcache is either unconnected or has no load
WARNING: [Synth 8-7129] Port wdata[34] in module dcache is either unconnected or has no load
WARNING: [Synth 8-7129] Port wdata[33] in module dcache is either unconnected or has no load
WARNING: [Synth 8-7129] Port wdata[32] in module dcache is either unconnected or has no load
WARNING: [Synth 8-7129] Port wdata[31] in module dcache is either unconnected or has no load
WARNING: [Synth 8-7129] Port wdata[30] in module dcache is either unconnected or has no load
WARNING: [Synth 8-7129] Port wdata[29] in module dcache is either unconnected or has no load
WARNING: [Synth 8-7129] Port wdata[28] in module dcache is either unconnected or has no load
WARNING: [Synth 8-7129] Port wdata[27] in module dcache is either unconnected or has no load
WARNING: [Synth 8-7129] Port wdata[26] in module dcache is either unconnected or has no load
WARNING: [Synth 8-7129] Port wdata[25] in module dcache is either unconnected or has no load
WARNING: [Synth 8-7129] Port wdata[24] in module dcache is either unconnected or has no load
WARNING: [Synth 8-7129] Port wdata[23] in module dcache is either unconnected or has no load
WARNING: [Synth 8-7129] Port wdata[22] in module dcache is either unconnected or has no load
WARNING: [Synth 8-7129] Port wdata[21] in module dcache is either unconnected or has no load
WARNING: [Synth 8-7129] Port wdata[20] in module dcache is either unconnected or has no load
WARNING: [Synth 8-7129] Port wdata[19] in module dcache is either unconnected or has no load
WARNING: [Synth 8-7129] Port wdata[18] in module dcache is either unconnected or has no load
WARNING: [Synth 8-7129] Port wdata[17] in module dcache is either unconnected or has no load
WARNING: [Synth 8-7129] Port wdata[16] in module dcache is either unconnected or has no load
INFO: [Common 17-14] Message 'Synth 8-7129' appears 100 times and further instances of the messages will be disabled. Use the Tcl command set_msg_config to change the current settings.
---------------------------------------------------------------------------------
Finished RTL Elaboration : Time (s): cpu = 00:00:33 ; elapsed = 00:00:35 . Memory (MB): peak = 2076.289 ; gain = 1164.027
---------------------------------------------------------------------------------
---------------------------------------------------------------------------------
Start Handling Custom Attributes
---------------------------------------------------------------------------------
---------------------------------------------------------------------------------
Finished Handling Custom Attributes : Time (s): cpu = 00:00:33 ; elapsed = 00:00:35 . Memory (MB): peak = 2076.289 ; gain = 1164.027
---------------------------------------------------------------------------------
---------------------------------------------------------------------------------
Finished RTL Optimization Phase 1 : Time (s): cpu = 00:00:33 ; elapsed = 00:00:35 . Memory (MB): peak = 2076.289 ; gain = 1164.027
---------------------------------------------------------------------------------
Netlist sorting complete. Time (s): cpu = 00:00:03 ; elapsed = 00:00:02 . Memory (MB): peak = 2076.289 ; gain = 0.000
INFO: [Netlist 29-17] Analyzing 20 Unisim elements for replacement
INFO: [Netlist 29-28] Unisim Transformation completed in 0 CPU seconds
INFO: [Project 1-570] Preparing netlist for logic optimization

Processing XDC Constraints
Initializing timing engine
Parsing XDC File [z:/Vega_cpu/Project/Vega/Vega.gen/sources_1/ip/axi_uartlite_0/axi_uartlite_0_board.xdc] for cell 'u_uart_adapter/u_axi_uart/U0'
Finished Parsing XDC File [z:/Vega_cpu/Project/Vega/Vega.gen/sources_1/ip/axi_uartlite_0/axi_uartlite_0_board.xdc] for cell 'u_uart_adapter/u_axi_uart/U0'
Parsing XDC File [Z:/Vega_cpu/Project/Vega/Vega.srcs/constrs_1/new/Pin1.xdc]
Finished Parsing XDC File [Z:/Vega_cpu/Project/Vega/Vega.srcs/constrs_1/new/Pin1.xdc]
INFO: [Project 1-236] Implementation specific constraints were found while reading constraint file [Z:/Vega_cpu/Project/Vega/Vega.srcs/constrs_1/new/Pin1.xdc]. These constraints will be ignored for synthesis but will be used in implementation. Impacted constraints are listed in the file [.Xil/vega_soc_top_propImpl.xdc].
Resolution: To avoid this warning, move constraints listed in [.Xil/vega_soc_top_propImpl.xdc] to another XDC file and exclude this new file from synthesis with the used_in_synthesis property (File Properties dialog in GUI) and re-run elaboration/synthesis.
Parsing XDC File [Z:/Vega_cpu/Project/Vega/Vega.runs/synth_1/dont_touch.xdc]
Finished Parsing XDC File [Z:/Vega_cpu/Project/Vega/Vega.runs/synth_1/dont_touch.xdc]
INFO: [Project 1-236] Implementation specific constraints were found while reading constraint file [Z:/Vega_cpu/Project/Vega/Vega.runs/synth_1/dont_touch.xdc]. These constraints will be ignored for synthesis but will be used in implementation. Impacted constraints are listed in the file [.Xil/vega_soc_top_propImpl.xdc].
Resolution: To avoid this warning, move constraints listed in [.Xil/vega_soc_top_propImpl.xdc] to another XDC file and exclude this new file from synthesis with the used_in_synthesis property (File Properties dialog in GUI) and re-run elaboration/synthesis.
INFO: [Project 1-236] Implementation specific constraints were found while reading constraint file [D:/xilinx/2025.2/Vivado/data/ip/xpm/xpm_cdc/tcl/xpm_cdc_single.tcl]. These constraints will be ignored for synthesis but will be used in implementation. Impacted constraints are listed in the file [.Xil/vega_soc_top_propImpl.xdc].
Resolution: To avoid this warning, move constraints listed in [.Xil/vega_soc_top_propImpl.xdc] to another XDC file and exclude this new file from synthesis with the used_in_synthesis property (File Properties dialog in GUI) and re-run elaboration/synthesis.
INFO: [Project 1-1714] 1 XPM XDC files have been applied to the design.
Completed Processing XDC Constraints

Netlist sorting complete. Time (s): cpu = 00:00:00 ; elapsed = 00:00:00.093 . Memory (MB): peak = 2278.062 ; gain = 0.348
INFO: [Project 1-111] Unisim Transformation Summary:
No Unisim elements were transformed.

ERROR: [Common 17-1257] Failed to create directory 'C'.
---------------------------------------------------------------------------------
Finished Constraint Validation : Time (s): cpu = 00:01:27 ; elapsed = 00:01:26 . Memory (MB): peak = 2279.227 ; gain = 1366.965
---------------------------------------------------------------------------------
---------------------------------------------------------------------------------
Start Loading Part and Timing Information
---------------------------------------------------------------------------------
Loading part: xc7a200tfbg676-3
---------------------------------------------------------------------------------
Finished Loading Part and Timing Information : Time (s): cpu = 00:01:27 ; elapsed = 00:01:26 . Memory (MB): peak = 2279.227 ; gain = 1366.965
---------------------------------------------------------------------------------
---------------------------------------------------------------------------------
Start Applying 'set_property' XDC Constraints
---------------------------------------------------------------------------------
---------------------------------------------------------------------------------
Finished applying 'set_property' XDC Constraints : Time (s): cpu = 00:01:27 ; elapsed = 00:01:26 . Memory (MB): peak = 2279.227 ; gain = 1366.965
---------------------------------------------------------------------------------
INFO: [Synth 8-802] inferred FSM for state register 'state_reg' in module 'slave_attachment'
INFO: [Synth 8-802] inferred FSM for state register 'dcache_state_reg' in module 'dcache'
---------------------------------------------------------------------------------------------------
                   State |                     New Encoding |                Previous Encoding 
---------------------------------------------------------------------------------------------------
                 sm_idle |                             0010 |                               00
                 sm_read |                             1000 |                               01
                sm_write |                             0100 |                               10
                 sm_resp |                             0001 |                               11
---------------------------------------------------------------------------------------------------
INFO: [Synth 8-3354] encoded FSM with state register 'state_reg' using encoding 'one-hot' in module 'slave_attachment'
WARNING: [Synth 8-327] inferring latch for variable 'imm_reg' [Z:/Vega_cpu/src/cpu/core/id_stage/decoder.v:327]
---------------------------------------------------------------------------------------------------
                   State |                     New Encoding |                Previous Encoding 
---------------------------------------------------------------------------------------------------
             DCACHE_IDLE |                              000 |                              000
         DCACHE_MISS_REQ |                              001 |                              010
           DCACHE_WB_REQ |                              010 |                              101
          DCACHE_WB_WAIT |                              011 |                              110
        DCACHE_MISS_WAIT |                              100 |                              011
           DCACHE_REFILL |                              101 |                              100
              DCACHE_HIT |                              110 |                              001
---------------------------------------------------------------------------------------------------
INFO: [Synth 8-3354] encoded FSM with state register 'dcache_state_reg' using encoding 'sequential' in module 'dcache'
---------------------------------------------------------------------------------
Finished RTL Optimization Phase 2 : Time (s): cpu = 00:01:42 ; elapsed = 00:01:43 . Memory (MB): peak = 2279.227 ; gain = 1366.965
---------------------------------------------------------------------------------
---------------------------------------------------------------------------------
Start RTL Component Statistics 
---------------------------------------------------------------------------------
---------------------------------------------------------------------------------
Finished RTL Component Statistics 
---------------------------------------------------------------------------------
---------------------------------------------------------------------------------
Start Part Resource Summary
---------------------------------------------------------------------------------
Part Resources:
DSPs: 740 (col length:100)
BRAMs: 730 (col length: RAMB18 100 RAMB36 50)
---------------------------------------------------------------------------------
Finished Part Resource Summary
---------------------------------------------------------------------------------
---------------------------------------------------------------------------------
Start Cross Boundary and Area Optimization
---------------------------------------------------------------------------------
INFO: [Synth 8-3886] merging instance 'mem_addr_reg[0]' (FDE) to 'mem_addr_reg[63]'
INFO: [Synth 8-3886] merging instance 'mem_addr_reg[1]' (FDE) to 'mem_addr_reg[63]'
INFO: [Synth 8-3886] merging instance 'mem_addr_reg[2]' (FDE) to 'mem_addr_reg[63]'
INFO: [Synth 8-3886] merging instance 'mem_addr_reg[4]' (FDE) to 'mem_addr_reg[9]'
INFO: [Synth 8-3886] merging instance 'mem_addr_reg[5]' (FDE) to 'mem_addr_reg[10]'
INFO: [Synth 8-3886] merging instance 'mem_addr_reg[6]' (FDE) to 'mem_addr_reg[11]'
INFO: [Synth 8-3886] merging instance 'mem_addr_reg[7]' (FDE) to 'mem_addr_reg[12]'
INFO: [Synth 8-3886] merging instance 'mem_addr_reg[8]' (FDE) to 'mem_addr_reg[13]'
INFO: [Synth 8-3886] merging instance 'mem_addr_reg[37]' (FDE) to 'mem_addr_reg[63]'
INFO: [Synth 8-3886] merging instance 'mem_addr_reg[38]' (FDE) to 'mem_addr_reg[63]'
INFO: [Synth 8-3886] merging instance 'mem_addr_reg[39]' (FDE) to 'mem_addr_reg[63]'
INFO: [Synth 8-3886] merging instance 'mem_addr_reg[40]' (FDE) to 'mem_addr_reg[63]'
INFO: [Synth 8-3886] merging instance 'mem_addr_reg[41]' (FDE) to 'mem_addr_reg[63]'
INFO: [Synth 8-3886] merging instance 'mem_addr_reg[42]' (FDE) to 'mem_addr_reg[63]'
INFO: [Synth 8-3886] merging instance 'mem_addr_reg[43]' (FDE) to 'mem_addr_reg[63]'
INFO: [Synth 8-3886] merging instance 'mem_addr_reg[44]' (FDE) to 'mem_addr_reg[63]'
INFO: [Synth 8-3886] merging instance 'mem_addr_reg[45]' (FDE) to 'mem_addr_reg[63]'
INFO: [Synth 8-3886] merging instance 'mem_addr_reg[46]' (FDE) to 'mem_addr_reg[63]'
INFO: [Synth 8-3886] merging instance 'mem_addr_reg[47]' (FDE) to 'mem_addr_reg[63]'
INFO: [Synth 8-3886] merging instance 'mem_addr_reg[48]' (FDE) to 'mem_addr_reg[63]'
INFO: [Synth 8-3886] merging instance 'mem_addr_reg[49]' (FDE) to 'mem_addr_reg[63]'
INFO: [Synth 8-3886] merging instance 'mem_addr_reg[50]' (FDE) to 'mem_addr_reg[63]'
INFO: [Synth 8-3886] merging instance 'mem_addr_reg[51]' (FDE) to 'mem_addr_reg[63]'
INFO: [Synth 8-3886] merging instance 'mem_addr_reg[52]' (FDE) to 'mem_addr_reg[63]'
INFO: [Synth 8-3886] merging instance 'mem_addr_reg[53]' (FDE) to 'mem_addr_reg[63]'
INFO: [Synth 8-3886] merging instance 'mem_addr_reg[54]' (FDE) to 'mem_addr_reg[63]'
INFO: [Synth 8-3886] merging instance 'mem_addr_reg[55]' (FDE) to 'mem_addr_reg[63]'
INFO: [Synth 8-3886] merging instance 'mem_addr_reg[56]' (FDE) to 'mem_addr_reg[63]'
INFO: [Synth 8-3886] merging instance 'mem_addr_reg[57]' (FDE) to 'mem_addr_reg[63]'
INFO: [Synth 8-3886] merging instance 'mem_addr_reg[58]' (FDE) to 'mem_addr_reg[63]'
INFO: [Synth 8-3886] merging instance 'mem_addr_reg[59]' (FDE) to 'mem_addr_reg[63]'
INFO: [Synth 8-3886] merging instance 'mem_addr_reg[60]' (FDE) to 'mem_addr_reg[63]'
INFO: [Synth 8-3886] merging instance 'mem_addr_reg[61]' (FDE) to 'mem_addr_reg[63]'
INFO: [Synth 8-3886] merging instance 'mem_addr_reg[62]' (FDE) to 'mem_addr_reg[63]'
INFO: [Synth 8-12192] Not enough pipeline registers after wide multiplier. Pipeline registers present is 0. Recommended levels of pipeline registers is 16. [Z:/Vega_cpu/src/cpu/core/ex_stage/ex_stage.v:204]
DSP Report: Generating DSP muldiv_pick0, operation Mode is: A*B.
DSP Report: operator muldiv_pick0 is absorbed into DSP muldiv_pick0.
DSP Report: operator muldiv_pick0 is absorbed into DSP muldiv_pick0.
DSP Report: Generating DSP muldiv_pick0, operation Mode is: (PCIN>>17)+A*B.
DSP Report: operator muldiv_pick0 is absorbed into DSP muldiv_pick0.
DSP Report: operator muldiv_pick0 is absorbed into DSP muldiv_pick0.
DSP Report: Generating DSP muldiv_pick0, operation Mode is: PCIN+A*B.
DSP Report: operator muldiv_pick0 is absorbed into DSP muldiv_pick0.
DSP Report: operator muldiv_pick0 is absorbed into DSP muldiv_pick0.
DSP Report: Generating DSP muldiv_pick0, operation Mode is: (PCIN>>17)+A*B.
DSP Report: operator muldiv_pick0 is absorbed into DSP muldiv_pick0.
DSP Report: operator muldiv_pick0 is absorbed into DSP muldiv_pick0.
DSP Report: Generating DSP muldiv_pick0, operation Mode is: A*B.
DSP Report: operator muldiv_pick0 is absorbed into DSP muldiv_pick0.
DSP Report: operator muldiv_pick0 is absorbed into DSP muldiv_pick0.
DSP Report: Generating DSP muldiv_pick0, operation Mode is: PCIN+A*B.
DSP Report: operator muldiv_pick0 is absorbed into DSP muldiv_pick0.
DSP Report: operator muldiv_pick0 is absorbed into DSP muldiv_pick0.
DSP Report: Generating DSP muldiv_pick0, operation Mode is: (PCIN>>17)+A*B.
DSP Report: operator muldiv_pick0 is absorbed into DSP muldiv_pick0.
DSP Report: operator muldiv_pick0 is absorbed into DSP muldiv_pick0.
DSP Report: Generating DSP muldiv_pick0, operation Mode is: PCIN+A*B.
DSP Report: operator muldiv_pick0 is absorbed into DSP muldiv_pick0.
DSP Report: operator muldiv_pick0 is absorbed into DSP muldiv_pick0.
DSP Report: Generating DSP muldiv_pick0, operation Mode is: A*B.
DSP Report: operator muldiv_pick0 is absorbed into DSP muldiv_pick0.
DSP Report: operator muldiv_pick0 is absorbed into DSP muldiv_pick0.
DSP Report: Generating DSP muldiv_pick0, operation Mode is: PCIN+A*B.
DSP Report: operator muldiv_pick0 is absorbed into DSP muldiv_pick0.
DSP Report: operator muldiv_pick0 is absorbed into DSP muldiv_pick0.
DSP Report: Generating DSP muldiv_pick0, operation Mode is: (PCIN>>17)+A*B.
DSP Report: operator muldiv_pick0 is absorbed into DSP muldiv_pick0.
DSP Report: operator muldiv_pick0 is absorbed into DSP muldiv_pick0.
DSP Report: Generating DSP muldiv_pick0, operation Mode is: PCIN+A*B.
DSP Report: operator muldiv_pick0 is absorbed into DSP muldiv_pick0.
DSP Report: operator muldiv_pick0 is absorbed into DSP muldiv_pick0.
DSP Report: Generating DSP muldiv_pick0, operation Mode is: A*B.
DSP Report: operator muldiv_pick0 is absorbed into DSP muldiv_pick0.
DSP Report: operator muldiv_pick0 is absorbed into DSP muldiv_pick0.
DSP Report: Generating DSP muldiv_pick0, operation Mode is: (PCIN>>17)+A*B.
DSP Report: operator muldiv_pick0 is absorbed into DSP muldiv_pick0.
DSP Report: operator muldiv_pick0 is absorbed into DSP muldiv_pick0.
DSP Report: Generating DSP muldiv_pick0, operation Mode is: PCIN+A*B.
DSP Report: operator muldiv_pick0 is absorbed into DSP muldiv_pick0.
DSP Report: operator muldiv_pick0 is absorbed into DSP muldiv_pick0.
DSP Report: Generating DSP muldiv_pick0, operation Mode is: (PCIN>>17)+A*B.
DSP Report: operator muldiv_pick0 is absorbed into DSP muldiv_pick0.
DSP Report: operator muldiv_pick0 is absorbed into DSP muldiv_pick0.
INFO: [Synth 8-12192] Not enough pipeline registers after wide multiplier. Pipeline registers present is 0. Recommended levels of pipeline registers is 16. [Z:/Vega_cpu/src/cpu/core/ex_stage/ex_stage.v:206]
INFO: [Synth 8-12192] Not enough pipeline registers after wide multiplier. Pipeline registers present is 0. Recommended levels of pipeline registers is 16. [Z:/Vega_cpu/src/cpu/core/ex_stage/ex_stage.v:205]
INFO: [Synth 8-12192] Not enough pipeline registers after wide multiplier. Pipeline registers present is 0. Recommended levels of pipeline registers is 16. [Z:/Vega_cpu/src/cpu/core/ex_stage/ex_stage.v:208]
DSP Report: Generating DSP muldiv_pick0, operation Mode is: A*B.
DSP Report: operator muldiv_pick0 is absorbed into DSP muldiv_pick0.
DSP Report: operator muldiv_pick0 is absorbed into DSP muldiv_pick0.
DSP Report: Generating DSP muldiv_pick0, operation Mode is: (PCIN>>17)+A*B.
DSP Report: operator muldiv_pick0 is absorbed into DSP muldiv_pick0.
DSP Report: operator muldiv_pick0 is absorbed into DSP muldiv_pick0.
DSP Report: Generating DSP muldiv_pick0, operation Mode is: PCIN+A*B.
DSP Report: operator muldiv_pick0 is absorbed into DSP muldiv_pick0.
DSP Report: operator muldiv_pick0 is absorbed into DSP muldiv_pick0.
DSP Report: Generating DSP muldiv_pick0, operation Mode is: (PCIN>>17)+A*B.
DSP Report: operator muldiv_pick0 is absorbed into DSP muldiv_pick0.
DSP Report: operator muldiv_pick0 is absorbed into DSP muldiv_pick0.
DSP Report: Generating DSP muldiv_pick0, operation Mode is: A*B.
DSP Report: operator muldiv_pick0 is absorbed into DSP muldiv_pick0.
DSP Report: operator muldiv_pick0 is absorbed into DSP muldiv_pick0.
DSP Report: Generating DSP muldiv_pick0, operation Mode is: PCIN+A*B.
DSP Report: operator muldiv_pick0 is absorbed into DSP muldiv_pick0.
DSP Report: operator muldiv_pick0 is absorbed into DSP muldiv_pick0.
DSP Report: Generating DSP muldiv_pick0, operation Mode is: (PCIN>>17)+A*B.
DSP Report: operator muldiv_pick0 is absorbed into DSP muldiv_pick0.
DSP Report: operator muldiv_pick0 is absorbed into DSP muldiv_pick0.
DSP Report: Generating DSP muldiv_pick0, operation Mode is: PCIN+A*B.
DSP Report: operator muldiv_pick0 is absorbed into DSP muldiv_pick0.
DSP Report: operator muldiv_pick0 is absorbed into DSP muldiv_pick0.
DSP Report: Generating DSP muldiv_pick0, operation Mode is: A*B.
DSP Report: operator muldiv_pick0 is absorbed into DSP muldiv_pick0.
DSP Report: operator muldiv_pick0 is absorbed into DSP muldiv_pick0.
DSP Report: Generating DSP muldiv_pick0, operation Mode is: PCIN+A*B.
DSP Report: operator muldiv_pick0 is absorbed into DSP muldiv_pick0.
DSP Report: operator muldiv_pick0 is absorbed into DSP muldiv_pick0.
DSP Report: Generating DSP muldiv_pick0, operation Mode is: (PCIN>>17)+A*B.
DSP Report: operator muldiv_pick0 is absorbed into DSP muldiv_pick0.
DSP Report: operator muldiv_pick0 is absorbed into DSP muldiv_pick0.
DSP Report: Generating DSP muldiv_pick0, operation Mode is: PCIN+A*B.
DSP Report: operator muldiv_pick0 is absorbed into DSP muldiv_pick0.
DSP Report: operator muldiv_pick0 is absorbed into DSP muldiv_pick0.
DSP Report: Generating DSP muldiv_pick0, operation Mode is: A*B.
DSP Report: operator muldiv_pick0 is absorbed into DSP muldiv_pick0.
DSP Report: operator muldiv_pick0 is absorbed into DSP muldiv_pick0.
DSP Report: Generating DSP muldiv_pick0, operation Mode is: (PCIN>>17)+A*B.
DSP Report: operator muldiv_pick0 is absorbed into DSP muldiv_pick0.
DSP Report: operator muldiv_pick0 is absorbed into DSP muldiv_pick0.
DSP Report: Generating DSP muldiv_pick0, operation Mode is: PCIN+A*B.
DSP Report: operator muldiv_pick0 is absorbed into DSP muldiv_pick0.
DSP Report: operator muldiv_pick0 is absorbed into DSP muldiv_pick0.
DSP Report: Generating DSP muldiv_pick0, operation Mode is: (PCIN>>17)+A*B.
DSP Report: operator muldiv_pick0 is absorbed into DSP muldiv_pick0.
DSP Report: operator muldiv_pick0 is absorbed into DSP muldiv_pick0.
DSP Report: Generating DSP muldiv_pick0, operation Mode is: A*B.
DSP Report: operator muldiv_pick0 is absorbed into DSP muldiv_pick0.
DSP Report: operator muldiv_pick0 is absorbed into DSP muldiv_pick0.
DSP Report: Generating DSP muldiv_pick0, operation Mode is: (PCIN>>17)+A*B.
DSP Report: operator muldiv_pick0 is absorbed into DSP muldiv_pick0.
DSP Report: operator muldiv_pick0 is absorbed into DSP muldiv_pick0.
DSP Report: Generating DSP muldiv_pick0, operation Mode is: PCIN+A*B.
DSP Report: operator muldiv_pick0 is absorbed into DSP muldiv_pick0.
DSP Report: operator muldiv_pick0 is absorbed into DSP muldiv_pick0.
DSP Report: Generating DSP muldiv_pick0, operation Mode is: (PCIN>>17)+A*B.
DSP Report: operator muldiv_pick0 is absorbed into DSP muldiv_pick0.
DSP Report: operator muldiv_pick0 is absorbed into DSP muldiv_pick0.
DSP Report: Generating DSP muldiv_pick0, operation Mode is: A*B.
DSP Report: operator muldiv_pick0 is absorbed into DSP muldiv_pick0.
DSP Report: operator muldiv_pick0 is absorbed into DSP muldiv_pick0.
DSP Report: Generating DSP muldiv_pick0, operation Mode is: PCIN+A*B.
DSP Report: operator muldiv_pick0 is absorbed into DSP muldiv_pick0.
DSP Report: operator muldiv_pick0 is absorbed into DSP muldiv_pick0.
DSP Report: Generating DSP muldiv_pick0, operation Mode is: (PCIN>>17)+A*B.
DSP Report: operator muldiv_pick0 is absorbed into DSP muldiv_pick0.
DSP Report: operator muldiv_pick0 is absorbed into DSP muldiv_pick0.
DSP Report: Generating DSP muldiv_pick0, operation Mode is: PCIN+A*B.
DSP Report: operator muldiv_pick0 is absorbed into DSP muldiv_pick0.
DSP Report: operator muldiv_pick0 is absorbed into DSP muldiv_pick0.
DSP Report: Generating DSP muldiv_pick0, operation Mode is: A*B.
DSP Report: operator muldiv_pick0 is absorbed into DSP muldiv_pick0.
DSP Report: operator muldiv_pick0 is absorbed into DSP muldiv_pick0.
DSP Report: Generating DSP muldiv_pick0, operation Mode is: PCIN+A*B.
DSP Report: operator muldiv_pick0 is absorbed into DSP muldiv_pick0.
DSP Report: operator muldiv_pick0 is absorbed into DSP muldiv_pick0.
DSP Report: Generating DSP muldiv_pick0, operation Mode is: (PCIN>>17)+A*B.
DSP Report: operator muldiv_pick0 is absorbed into DSP muldiv_pick0.
DSP Report: operator muldiv_pick0 is absorbed into DSP muldiv_pick0.
DSP Report: Generating DSP muldiv_pick0, operation Mode is: PCIN+A*B.
DSP Report: operator muldiv_pick0 is absorbed into DSP muldiv_pick0.
DSP Report: operator muldiv_pick0 is absorbed into DSP muldiv_pick0.
DSP Report: Generating DSP muldiv_pick0, operation Mode is: A*B.
DSP Report: operator muldiv_pick0 is absorbed into DSP muldiv_pick0.
DSP Report: operator muldiv_pick0 is absorbed into DSP muldiv_pick0.
DSP Report: Generating DSP muldiv_pick0, operation Mode is: (PCIN>>17)+A*B.
DSP Report: operator muldiv_pick0 is absorbed into DSP muldiv_pick0.
DSP Report: operator muldiv_pick0 is absorbed into DSP muldiv_pick0.
DSP Report: Generating DSP muldiv_pick0, operation Mode is: PCIN+A*B.
DSP Report: operator muldiv_pick0 is absorbed into DSP muldiv_pick0.
DSP Report: operator muldiv_pick0 is absorbed into DSP muldiv_pick0.
DSP Report: Generating DSP muldiv_pick0, operation Mode is: (PCIN>>17)+A*B.
DSP Report: operator muldiv_pick0 is absorbed into DSP muldiv_pick0.
DSP Report: operator muldiv_pick0 is absorbed into DSP muldiv_pick0.
INFO: [Synth 8-12192] Not enough pipeline registers after wide multiplier. Pipeline registers present is 0. Recommended levels of pipeline registers is 16. [Z:/Vega_cpu/src/cpu/core/ex_stage/ex_stage.v:206]
INFO: [Synth 8-12192] Not enough pipeline registers after wide multiplier. Pipeline registers present is 0. Recommended levels of pipeline registers is 16. [Z:/Vega_cpu/src/cpu/core/ex_stage/ex_stage.v:205]
INFO: [Synth 8-12192] Not enough pipeline registers after wide multiplier. Pipeline registers present is 0. Recommended levels of pipeline registers is 16. [Z:/Vega_cpu/src/cpu/core/ex_stage/ex_stage.v:204]
INFO: [Synth 8-12192] Not enough pipeline registers after wide multiplier. Pipeline registers present is 0. Recommended levels of pipeline registers is 16. [Z:/Vega_cpu/src/cpu/core/ex_stage/ex_stage.v:208]
DSP Report: Generating DSP muldiv_pick0, operation Mode is: A*B.
DSP Report: operator muldiv_pick0 is absorbed into DSP muldiv_pick0.
DSP Report: operator muldiv_pick0 is absorbed into DSP muldiv_pick0.
DSP Report: Generating DSP muldiv_pick0, operation Mode is: (PCIN>>17)+A*B.
DSP Report: operator muldiv_pick0 is absorbed into DSP muldiv_pick0.
DSP Report: operator muldiv_pick0 is absorbed into DSP muldiv_pick0.
DSP Report: Generating DSP muldiv_pick0, operation Mode is: PCIN+A*B.
DSP Report: operator muldiv_pick0 is absorbed into DSP muldiv_pick0.
DSP Report: operator muldiv_pick0 is absorbed into DSP muldiv_pick0.
DSP Report: Generating DSP muldiv_pick0, operation Mode is: (PCIN>>17)+A*B.
DSP Report: operator muldiv_pick0 is absorbed into DSP muldiv_pick0.
DSP Report: operator muldiv_pick0 is absorbed into DSP muldiv_pick0.
DSP Report: Generating DSP muldiv_pick0, operation Mode is: A*B.
DSP Report: operator muldiv_pick0 is absorbed into DSP muldiv_pick0.
DSP Report: operator muldiv_pick0 is absorbed into DSP muldiv_pick0.
DSP Report: Generating DSP muldiv_pick0, operation Mode is: PCIN+A*B.
DSP Report: operator muldiv_pick0 is absorbed into DSP muldiv_pick0.
DSP Report: operator muldiv_pick0 is absorbed into DSP muldiv_pick0.
DSP Report: Generating DSP muldiv_pick0, operation Mode is: (PCIN>>17)+A*B.
DSP Report: operator muldiv_pick0 is absorbed into DSP muldiv_pick0.
DSP Report: operator muldiv_pick0 is absorbed into DSP muldiv_pick0.
DSP Report: Generating DSP muldiv_pick0, operation Mode is: PCIN+A*B.
DSP Report: operator muldiv_pick0 is absorbed into DSP muldiv_pick0.
DSP Report: operator muldiv_pick0 is absorbed into DSP muldiv_pick0.
DSP Report: Generating DSP muldiv_pick0, operation Mode is: A*B.
DSP Report: operator muldiv_pick0 is absorbed into DSP muldiv_pick0.
DSP Report: operator muldiv_pick0 is absorbed into DSP muldiv_pick0.
DSP Report: Generating DSP muldiv_pick0, operation Mode is: PCIN+A*B.
DSP Report: operator muldiv_pick0 is absorbed into DSP muldiv_pick0.
DSP Report: operator muldiv_pick0 is absorbed into DSP muldiv_pick0.
DSP Report: Generating DSP muldiv_pick0, operation Mode is: (PCIN>>17)+A*B.
DSP Report: operator muldiv_pick0 is absorbed into DSP muldiv_pick0.
DSP Report: operator muldiv_pick0 is absorbed into DSP muldiv_pick0.
DSP Report: Generating DSP muldiv_pick0, operation Mode is: PCIN+A*B.
DSP Report: operator muldiv_pick0 is absorbed into DSP muldiv_pick0.
DSP Report: operator muldiv_pick0 is absorbed into DSP muldiv_pick0.
DSP Report: Generating DSP muldiv_pick0, operation Mode is: A*B.
DSP Report: operator muldiv_pick0 is absorbed into DSP muldiv_pick0.
DSP Report: operator muldiv_pick0 is absorbed into DSP muldiv_pick0.
DSP Report: Generating DSP muldiv_pick0, operation Mode is: (PCIN>>17)+A*B.
DSP Report: operator muldiv_pick0 is absorbed into DSP muldiv_pick0.
DSP Report: operator muldiv_pick0 is absorbed into DSP muldiv_pick0.
DSP Report: Generating DSP muldiv_pick0, operation Mode is: PCIN+A*B.
DSP Report: operator muldiv_pick0 is absorbed into DSP muldiv_pick0.
DSP Report: operator muldiv_pick0 is absorbed into DSP muldiv_pick0.
DSP Report: Generating DSP muldiv_pick0, operation Mode is: (PCIN>>17)+A*B.
DSP Report: operator muldiv_pick0 is absorbed into DSP muldiv_pick0.
DSP Report: operator muldiv_pick0 is absorbed into DSP muldiv_pick0.
DSP Report: Generating DSP muldiv_pick0, operation Mode is: A*B.
DSP Report: operator muldiv_pick0 is absorbed into DSP muldiv_pick0.
DSP Report: operator muldiv_pick0 is absorbed into DSP muldiv_pick0.
DSP Report: Generating DSP muldiv_pick0, operation Mode is: (PCIN>>17)+A*B.
DSP Report: operator muldiv_pick0 is absorbed into DSP muldiv_pick0.
DSP Report: operator muldiv_pick0 is absorbed into DSP muldiv_pick0.
DSP Report: Generating DSP muldiv_pick0, operation Mode is: PCIN+A*B.
DSP Report: operator muldiv_pick0 is absorbed into DSP muldiv_pick0.
DSP Report: operator muldiv_pick0 is absorbed into DSP muldiv_pick0.
DSP Report: Generating DSP muldiv_pick0, operation Mode is: (PCIN>>17)+A*B.
DSP Report: operator muldiv_pick0 is absorbed into DSP muldiv_pick0.
DSP Report: operator muldiv_pick0 is absorbed into DSP muldiv_pick0.
DSP Report: Generating DSP muldiv_pick0, operation Mode is: A*B.
DSP Report: operator muldiv_pick0 is absorbed into DSP muldiv_pick0.
DSP Report: operator muldiv_pick0 is absorbed into DSP muldiv_pick0.
DSP Report: Generating DSP muldiv_pick0, operation Mode is: PCIN+A*B.
DSP Report: operator muldiv_pick0 is absorbed into DSP muldiv_pick0.
DSP Report: operator muldiv_pick0 is absorbed into DSP muldiv_pick0.
DSP Report: Generating DSP muldiv_pick0, operation Mode is: (PCIN>>17)+A*B.
DSP Report: operator muldiv_pick0 is absorbed into DSP muldiv_pick0.
DSP Report: operator muldiv_pick0 is absorbed into DSP muldiv_pick0.
DSP Report: Generating DSP muldiv_pick0, operation Mode is: PCIN+A*B.
DSP Report: operator muldiv_pick0 is absorbed into DSP muldiv_pick0.
DSP Report: operator muldiv_pick0 is absorbed into DSP muldiv_pick0.
DSP Report: Generating DSP muldiv_pick0, operation Mode is: A*B.
DSP Report: operator muldiv_pick0 is absorbed into DSP muldiv_pick0.
DSP Report: operator muldiv_pick0 is absorbed into DSP muldiv_pick0.
DSP Report: Generating DSP muldiv_pick0, operation Mode is: PCIN+A*B.
DSP Report: operator muldiv_pick0 is absorbed into DSP muldiv_pick0.
DSP Report: operator muldiv_pick0 is absorbed into DSP muldiv_pick0.
DSP Report: Generating DSP muldiv_pick0, operation Mode is: (PCIN>>17)+A*B.
DSP Report: operator muldiv_pick0 is absorbed into DSP muldiv_pick0.
DSP Report: operator muldiv_pick0 is absorbed into DSP muldiv_pick0.
DSP Report: Generating DSP muldiv_pick0, operation Mode is: PCIN+A*B.
DSP Report: operator muldiv_pick0 is absorbed into DSP muldiv_pick0.
DSP Report: operator muldiv_pick0 is absorbed into DSP muldiv_pick0.
DSP Report: Generating DSP muldiv_pick0, operation Mode is: A*B.
DSP Report: operator muldiv_pick0 is absorbed into DSP muldiv_pick0.
DSP Report: operator muldiv_pick0 is absorbed into DSP muldiv_pick0.
DSP Report: Generating DSP muldiv_pick0, operation Mode is: (PCIN>>17)+A*B.
DSP Report: operator muldiv_pick0 is absorbed into DSP muldiv_pick0.
DSP Report: operator muldiv_pick0 is absorbed into DSP muldiv_pick0.
DSP Report: Generating DSP muldiv_pick0, operation Mode is: PCIN+A*B.
DSP Report: operator muldiv_pick0 is absorbed into DSP muldiv_pick0.
DSP Report: operator muldiv_pick0 is absorbed into DSP muldiv_pick0.
DSP Report: Generating DSP muldiv_pick0, operation Mode is: (PCIN>>17)+A*B.
DSP Report: operator muldiv_pick0 is absorbed into DSP muldiv_pick0.
DSP Report: operator muldiv_pick0 is absorbed into DSP muldiv_pick0.
DSP Report: Generating DSP muldiv_pick0, operation Mode is: A*B.
DSP Report: operator muldiv_pick0 is absorbed into DSP muldiv_pick0.
DSP Report: operator muldiv_pick0 is absorbed into DSP muldiv_pick0.
DSP Report: Generating DSP muldiv_pick0, operation Mode is: (PCIN>>17)+A*B.
DSP Report: operator muldiv_pick0 is absorbed into DSP muldiv_pick0.
DSP Report: operator muldiv_pick0 is absorbed into DSP muldiv_pick0.
DSP Report: Generating DSP muldiv_pick0, operation Mode is: PCIN+A*B.
DSP Report: operator muldiv_pick0 is absorbed into DSP muldiv_pick0.
DSP Report: operator muldiv_pick0 is absorbed into DSP muldiv_pick0.
DSP Report: Generating DSP muldiv_pick0, operation Mode is: (PCIN>>17)+A*B.
DSP Report: operator muldiv_pick0 is absorbed into DSP muldiv_pick0.
DSP Report: operator muldiv_pick0 is absorbed into DSP muldiv_pick0.
DSP Report: Generating DSP muldiv_pick0, operation Mode is: A*B.
DSP Report: operator muldiv_pick0 is absorbed into DSP muldiv_pick0.
DSP Report: operator muldiv_pick0 is absorbed into DSP muldiv_pick0.
DSP Report: Generating DSP muldiv_pick0, operation Mode is: PCIN+A*B.
DSP Report: operator muldiv_pick0 is absorbed into DSP muldiv_pick0.
DSP Report: operator muldiv_pick0 is absorbed into DSP muldiv_pick0.
DSP Report: Generating DSP muldiv_pick0, operation Mode is: (PCIN>>17)+A*B.
DSP Report: operator muldiv_pick0 is absorbed into DSP muldiv_pick0.
DSP Report: operator muldiv_pick0 is absorbed into DSP muldiv_pick0.
DSP Report: Generating DSP muldiv_pick0, operation Mode is: PCIN+A*B.
DSP Report: operator muldiv_pick0 is absorbed into DSP muldiv_pick0.
DSP Report: operator muldiv_pick0 is absorbed into DSP muldiv_pick0.
DSP Report: Generating DSP muldiv_pick0, operation Mode is: A*B.
DSP Report: operator muldiv_pick0 is absorbed into DSP muldiv_pick0.
DSP Report: operator muldiv_pick0 is absorbed into DSP muldiv_pick0.
DSP Report: Generating DSP muldiv_pick0, operation Mode is: PCIN+A*B.
DSP Report: operator muldiv_pick0 is absorbed into DSP muldiv_pick0.
DSP Report: operator muldiv_pick0 is absorbed into DSP muldiv_pick0.
DSP Report: Generating DSP muldiv_pick0, operation Mode is: (PCIN>>17)+A*B.
DSP Report: operator muldiv_pick0 is absorbed into DSP muldiv_pick0.
DSP Report: operator muldiv_pick0 is absorbed into DSP muldiv_pick0.
DSP Report: Generating DSP muldiv_pick0, operation Mode is: PCIN+A*B.
DSP Report: operator muldiv_pick0 is absorbed into DSP muldiv_pick0.
DSP Report: operator muldiv_pick0 is absorbed into DSP muldiv_pick0.
DSP Report: Generating DSP muldiv_pick0, operation Mode is: A*B.
DSP Report: operator muldiv_pick0 is absorbed into DSP muldiv_pick0.
DSP Report: operator muldiv_pick0 is absorbed into DSP muldiv_pick0.
DSP Report: Generating DSP muldiv_pick0, operation Mode is: (PCIN>>17)+A*B.
DSP Report: operator muldiv_pick0 is absorbed into DSP muldiv_pick0.
DSP Report: operator muldiv_pick0 is absorbed into DSP muldiv_pick0.
DSP Report: Generating DSP muldiv_pick0, operation Mode is: PCIN+A*B.
DSP Report: operator muldiv_pick0 is absorbed into DSP muldiv_pick0.
DSP Report: operator muldiv_pick0 is absorbed into DSP muldiv_pick0.
DSP Report: Generating DSP muldiv_pick0, operation Mode is: (PCIN>>17)+A*B.
DSP Report: operator muldiv_pick0 is absorbed into DSP muldiv_pick0.
DSP Report: operator muldiv_pick0 is absorbed into DSP muldiv_pick0.
INFO: [Synth 8-3886] merging instance 'mem_addr_reg[0]' (FDCE) to 'mem_addr_reg[63]'
INFO: [Synth 8-3886] merging instance 'mem_addr_reg[1]' (FDCE) to 'mem_addr_reg[63]'
INFO: [Synth 8-3886] merging instance 'mem_addr_reg[2]' (FDCE) to 'mem_addr_reg[63]'
INFO: [Synth 8-3886] merging instance 'mem_addr_reg[37]' (FDCE) to 'mem_addr_reg[63]'
INFO: [Synth 8-3886] merging instance 'mem_addr_reg[38]' (FDCE) to 'mem_addr_reg[63]'
INFO: [Synth 8-3886] merging instance 'mem_addr_reg[39]' (FDCE) to 'mem_addr_reg[63]'
INFO: [Synth 8-3886] merging instance 'mem_addr_reg[40]' (FDCE) to 'mem_addr_reg[63]'
INFO: [Synth 8-3886] merging instance 'mem_addr_reg[41]' (FDCE) to 'mem_addr_reg[63]'
INFO: [Synth 8-3886] merging instance 'mem_addr_reg[42]' (FDCE) to 'mem_addr_reg[63]'
INFO: [Synth 8-3886] merging instance 'mem_addr_reg[43]' (FDCE) to 'mem_addr_reg[63]'
INFO: [Synth 8-3886] merging instance 'mem_addr_reg[44]' (FDCE) to 'mem_addr_reg[63]'
INFO: [Synth 8-3886] merging instance 'mem_addr_reg[45]' (FDCE) to 'mem_addr_reg[63]'
INFO: [Synth 8-3886] merging instance 'mem_addr_reg[46]' (FDCE) to 'mem_addr_reg[63]'
INFO: [Synth 8-3886] merging instance 'mem_addr_reg[47]' (FDCE) to 'mem_addr_reg[63]'
INFO: [Synth 8-3886] merging instance 'mem_addr_reg[48]' (FDCE) to 'mem_addr_reg[63]'
INFO: [Synth 8-3886] merging instance 'mem_addr_reg[49]' (FDCE) to 'mem_addr_reg[63]'
INFO: [Synth 8-3886] merging instance 'mem_addr_reg[50]' (FDCE) to 'mem_addr_reg[63]'
INFO: [Synth 8-3886] merging instance 'mem_addr_reg[51]' (FDCE) to 'mem_addr_reg[63]'
INFO: [Synth 8-3886] merging instance 'mem_addr_reg[52]' (FDCE) to 'mem_addr_reg[63]'
INFO: [Synth 8-3886] merging instance 'mem_addr_reg[53]' (FDCE) to 'mem_addr_reg[63]'
INFO: [Synth 8-3886] merging instance 'mem_addr_reg[54]' (FDCE) to 'mem_addr_reg[63]'
INFO: [Synth 8-3886] merging instance 'mem_addr_reg[55]' (FDCE) to 'mem_addr_reg[63]'
INFO: [Synth 8-3886] merging instance 'mem_addr_reg[56]' (FDCE) to 'mem_addr_reg[63]'
INFO: [Synth 8-3886] merging instance 'mem_addr_reg[57]' (FDCE) to 'mem_addr_reg[63]'
INFO: [Synth 8-3886] merging instance 'mem_addr_reg[58]' (FDCE) to 'mem_addr_reg[63]'
INFO: [Synth 8-3886] merging instance 'mem_addr_reg[59]' (FDCE) to 'mem_addr_reg[63]'
INFO: [Synth 8-3886] merging instance 'mem_addr_reg[60]' (FDCE) to 'mem_addr_reg[63]'
INFO: [Synth 8-3886] merging instance 'mem_addr_reg[61]' (FDCE) to 'mem_addr_reg[63]'
INFO: [Synth 8-3886] merging instance 'mem_addr_reg[62]' (FDCE) to 'mem_addr_reg[63]'
INFO: [Synth 8-3886] merging instance 'wb_addr_r_reg[0]' (FDRE) to 'wb_addr_r_reg[1]'
INFO: [Synth 8-3886] merging instance 'wb_addr_r_reg[1]' (FDRE) to 'wb_addr_r_reg[2]'
INFO: [Synth 8-3886] merging instance 'wb_addr_r_reg[2]' (FDRE) to 'wb_addr_r_reg[33]'
INFO: [Synth 8-3886] merging instance 'wb_addr_r_reg[33]' (FDRE) to 'wb_addr_r_reg[34]'
INFO: [Synth 8-3886] merging instance 'wb_addr_r_reg[34]' (FDRE) to 'wb_addr_r_reg[35]'
INFO: [Synth 8-3886] merging instance 'wb_addr_r_reg[35]' (FDRE) to 'wb_addr_r_reg[36]'
INFO: [Synth 8-3886] merging instance 'wb_addr_r_reg[36]' (FDRE) to 'wb_addr_r_reg[37]'
INFO: [Synth 8-3886] merging instance 'wb_addr_r_reg[37]' (FDRE) to 'wb_addr_r_reg[38]'
INFO: [Synth 8-3886] merging instance 'wb_addr_r_reg[38]' (FDRE) to 'wb_addr_r_reg[39]'
INFO: [Synth 8-3886] merging instance 'wb_addr_r_reg[39]' (FDRE) to 'wb_addr_r_reg[40]'
INFO: [Synth 8-3886] merging instance 'wb_addr_r_reg[40]' (FDRE) to 'wb_addr_r_reg[41]'
INFO: [Synth 8-3886] merging instance 'wb_addr_r_reg[41]' (FDRE) to 'wb_addr_r_reg[42]'
INFO: [Synth 8-3886] merging instance 'wb_addr_r_reg[42]' (FDRE) to 'wb_addr_r_reg[43]'
INFO: [Synth 8-3886] merging instance 'wb_addr_r_reg[43]' (FDRE) to 'wb_addr_r_reg[44]'
INFO: [Synth 8-3886] merging instance 'wb_addr_r_reg[44]' (FDRE) to 'wb_addr_r_reg[45]'
INFO: [Synth 8-3886] merging instance 'wb_addr_r_reg[45]' (FDRE) to 'wb_addr_r_reg[46]'
INFO: [Synth 8-3886] merging instance 'wb_addr_r_reg[46]' (FDRE) to 'wb_addr_r_reg[47]'
INFO: [Synth 8-3886] merging instance 'wb_addr_r_reg[47]' (FDRE) to 'wb_addr_r_reg[48]'
INFO: [Synth 8-3886] merging instance 'wb_addr_r_reg[48]' (FDRE) to 'wb_addr_r_reg[49]'
INFO: [Synth 8-3886] merging instance 'wb_addr_r_reg[49]' (FDRE) to 'wb_addr_r_reg[50]'
INFO: [Synth 8-3886] merging instance 'wb_addr_r_reg[50]' (FDRE) to 'wb_addr_r_reg[51]'
INFO: [Synth 8-3886] merging instance 'wb_addr_r_reg[51]' (FDRE) to 'wb_addr_r_reg[52]'
INFO: [Synth 8-3886] merging instance 'wb_addr_r_reg[52]' (FDRE) to 'wb_addr_r_reg[53]'
INFO: [Synth 8-3886] merging instance 'wb_addr_r_reg[53]' (FDRE) to 'wb_addr_r_reg[54]'
INFO: [Synth 8-3886] merging instance 'wb_addr_r_reg[54]' (FDRE) to 'wb_addr_r_reg[55]'
INFO: [Synth 8-3886] merging instance 'wb_addr_r_reg[55]' (FDRE) to 'wb_addr_r_reg[56]'
INFO: [Synth 8-3886] merging instance 'wb_addr_r_reg[56]' (FDRE) to 'wb_addr_r_reg[57]'
INFO: [Synth 8-3886] merging instance 'wb_addr_r_reg[57]' (FDRE) to 'wb_addr_r_reg[58]'
INFO: [Synth 8-3886] merging instance 'wb_addr_r_reg[58]' (FDRE) to 'wb_addr_r_reg[59]'
INFO: [Synth 8-3886] merging instance 'wb_addr_r_reg[59]' (FDRE) to 'wb_addr_r_reg[60]'
INFO: [Synth 8-3886] merging instance 'wb_addr_r_reg[60]' (FDRE) to 'wb_addr_r_reg[61]'
INFO: [Synth 8-3886] merging instance 'wb_addr_r_reg[61]' (FDRE) to 'wb_addr_r_reg[62]'
INFO: [Synth 8-3886] merging instance 'wb_addr_r_reg[62]' (FDRE) to 'wb_addr_r_reg[63]'
INFO: [Synth 8-3333] propagating constant 0 across sequential element (\wb_addr_r_reg[63] )
INFO: [Synth 8-3333] propagating constant 1 across sequential element (\way_valid_reg[0][63] )
INFO: [Synth 8-3333] propagating constant 1 across sequential element (\way_valid_reg[0][62] )
INFO: [Synth 8-3333] propagating constant 1 across sequential element (\way_valid_reg[0][61] )
INFO: [Synth 8-3333] propagating constant 1 across sequential element (\way_valid_reg[0][60] )
INFO: [Synth 8-3333] propagating constant 1 across sequential element (\way_valid_reg[0][59] )
INFO: [Synth 8-3333] propagating constant 1 across sequential element (\way_valid_reg[0][58] )
INFO: [Synth 8-3333] propagating constant 1 across sequential element (\way_valid_reg[0][57] )
INFO: [Synth 8-3333] propagating constant 1 across sequential element (\way_valid_reg[0][56] )
INFO: [Synth 8-3333] propagating constant 1 across sequential element (\way_valid_reg[0][55] )
INFO: [Synth 8-3333] propagating constant 1 across sequential element (\way_valid_reg[0][54] )
INFO: [Synth 8-3333] propagating constant 1 across sequential element (\way_valid_reg[0][53] )
INFO: [Synth 8-3333] propagating constant 1 across sequential element (\way_valid_reg[0][52] )
INFO: [Synth 8-3333] propagating constant 1 across sequential element (\way_valid_reg[0][51] )
INFO: [Synth 8-3333] propagating constant 1 across sequential element (\way_valid_reg[0][50] )
INFO: [Synth 8-3333] propagating constant 1 across sequential element (\way_valid_reg[0][49] )
INFO: [Synth 8-3333] propagating constant 1 across sequential element (\way_valid_reg[0][48] )
INFO: [Synth 8-3333] propagating constant 1 across sequential element (\way_valid_reg[0][47] )
INFO: [Synth 8-3333] propagating constant 1 across sequential element (\way_valid_reg[0][46] )
INFO: [Synth 8-3333] propagating constant 1 across sequential element (\way_valid_reg[0][45] )
INFO: [Synth 8-3333] propagating constant 1 across sequential element (\way_valid_reg[0][44] )
INFO: [Synth 8-3333] propagating constant 1 across sequential element (\way_valid_reg[0][43] )
INFO: [Synth 8-3333] propagating constant 1 across sequential element (\way_valid_reg[0][42] )
INFO: [Synth 8-3333] propagating constant 1 across sequential element (\way_valid_reg[0][41] )
INFO: [Synth 8-3333] propagating constant 1 across sequential element (\way_valid_reg[0][40] )
INFO: [Synth 8-3333] propagating constant 1 across sequential element (\way_valid_reg[0][39] )
INFO: [Synth 8-3333] propagating constant 1 across sequential element (\way_valid_reg[0][38] )
INFO: [Synth 8-3333] propagating constant 1 across sequential element (\way_valid_reg[0][37] )
INFO: [Synth 8-3333] propagating constant 1 across sequential element (\way_valid_reg[0][36] )
INFO: [Synth 8-3333] propagating constant 1 across sequential element (\way_valid_reg[0][35] )
INFO: [Synth 8-3333] propagating constant 1 across sequential element (\way_valid_reg[0][34] )
INFO: [Synth 8-3333] propagating constant 1 across sequential element (\way_valid_reg[0][33] )
INFO: [Synth 8-3333] propagating constant 1 across sequential element (\way_valid_reg[0][32] )
INFO: [Synth 8-3333] propagating constant 1 across sequential element (\way_valid_reg[0][31] )
INFO: [Synth 8-3333] propagating constant 1 across sequential element (\way_valid_reg[0][30] )
INFO: [Synth 8-3333] propagating constant 1 across sequential element (\way_valid_reg[0][29] )
INFO: [Common 17-14] Message 'Synth 8-3333' appears 100 times and further instances of the messages will be disabled. Use the Tcl command set_msg_config to change the current settings.
INFO: [Synth 8-5546] ROM "imm_type" won't be mapped to RAM because it is too sparse
INFO: [Synth 8-5546] ROM "is_auipc" won't be mapped to RAM because it is too sparse
INFO: [Synth 8-5546] ROM "is_system" won't be mapped to RAM because it is too sparse
INFO: [Synth 8-5546] ROM "imm_type" won't be mapped to RAM because it is too sparse
INFO: [Synth 8-5546] ROM "is_auipc" won't be mapped to RAM because it is too sparse
INFO: [Synth 8-5546] ROM "is_system" won't be mapped to RAM because it is too sparse
INFO: [Synth 8-5546] ROM "imm_type" won't be mapped to RAM because it is too sparse
INFO: [Synth 8-5546] ROM "is_auipc" won't be mapped to RAM because it is too sparse
INFO: [Synth 8-5546] ROM "is_system" won't be mapped to RAM because it is too sparse
INFO: [Synth 8-5546] ROM "imm_type" won't be mapped to RAM because it is too sparse
INFO: [Synth 8-5546] ROM "is_auipc" won't be mapped to RAM because it is too sparse
INFO: [Synth 8-5546] ROM "is_system" won't be mapped to RAM because it is too sparse
INFO: [Synth 8-5546] ROM "src1_sel_c1" won't be mapped to RAM because it is too sparse
INFO: [Synth 8-5587] ROM size for "src2_sel_c1" is below threshold of ROM address width. It will be mapped to LUTs
INFO: [Synth 8-5546] ROM "mem_r_c1" won't be mapped to RAM because it is too sparse
INFO: [Synth 8-5546] ROM "mem_w_c1" won't be mapped to RAM because it is too sparse
INFO: [Synth 8-5546] ROM "src1_sel_c2" won't be mapped to RAM because it is too sparse
INFO: [Synth 8-5587] ROM size for "src2_sel_c2" is below threshold of ROM address width. It will be mapped to LUTs
INFO: [Synth 8-5546] ROM "mem_r_c2" won't be mapped to RAM because it is too sparse
INFO: [Synth 8-5546] ROM "mem_w_c2" won't be mapped to RAM because it is too sparse
INFO: [Synth 8-5546] ROM "src1_sel_c1" won't be mapped to RAM because it is too sparse
INFO: [Synth 8-5587] ROM size for "src2_sel_c1" is below threshold of ROM address width. It will be mapped to LUTs
INFO: [Synth 8-5546] ROM "mem_r_c1" won't be mapped to RAM because it is too sparse
INFO: [Synth 8-5546] ROM "mem_w_c1" won't be mapped to RAM because it is too sparse
INFO: [Synth 8-5546] ROM "src1_sel_c2" won't be mapped to RAM because it is too sparse
INFO: [Synth 8-5587] ROM size for "src2_sel_c2" is below threshold of ROM address width. It will be mapped to LUTs
INFO: [Synth 8-5546] ROM "mem_r_c2" won't be mapped to RAM because it is too sparse
INFO: [Synth 8-5546] ROM "mem_w_c2" won't be mapped to RAM because it is too sparse
INFO: [Common 17-14] Message 'Synth 8-7129' appears 100 times and further instances of the messages will be disabled. Use the Tcl command set_msg_config to change the current settings.
INFO: [Synth 8-3886] merging instance 'u_id_stage/wb_sel_w2_o_reg[0]' (FDCE) to 'u_id_stage/mem_read_en_w2_o_reg'
INFO: [Synth 8-3886] merging instance 'u_id_stage/wb_sel_w1_o_reg[0]' (FDCE) to 'u_id_stage/mem_read_en_w1_o_reg'
INFO: [Synth 8-3886] merging instance 'u_ii_stage/wb_sel_w1_o_reg[0]' (FDC) to 'u_ii_stage/mem_read_en_w1_o_reg'
INFO: [Synth 8-3333] propagating constant 0 across sequential element (u_register_file/\rf_reg[0][0] )
INFO: [Synth 8-3333] propagating constant 0 across sequential element (u_register_file/\rf_reg[0][1] )
INFO: [Synth 8-3333] propagating constant 0 across sequential element (u_register_file/\rf_reg[0][2] )
INFO: [Synth 8-3333] propagating constant 0 across sequential element (u_register_file/\rf_reg[0][3] )
INFO: [Synth 8-3333] propagating constant 0 across sequential element (u_register_file/\rf_reg[0][4] )
INFO: [Synth 8-3333] propagating constant 0 across sequential element (u_register_file/\rf_reg[0][5] )
INFO: [Synth 8-3333] propagating constant 0 across sequential element (u_register_file/\rf_reg[0][6] )
INFO: [Synth 8-3333] propagating constant 0 across sequential element (u_register_file/\rf_reg[0][7] )
INFO: [Synth 8-3333] propagating constant 0 across sequential element (u_register_file/\rf_reg[0][8] )
INFO: [Synth 8-3333] propagating constant 0 across sequential element (u_register_file/\rf_reg[0][9] )
INFO: [Synth 8-3333] propagating constant 0 across sequential element (u_register_file/\rf_reg[0][10] )
INFO: [Synth 8-3333] propagating constant 0 across sequential element (u_register_file/\rf_reg[0][11] )
INFO: [Synth 8-3333] propagating constant 0 across sequential element (u_register_file/\rf_reg[0][12] )
INFO: [Synth 8-3333] propagating constant 0 across sequential element (u_register_file/\rf_reg[0][13] )
INFO: [Synth 8-3333] propagating constant 0 across sequential element (u_register_file/\rf_reg[0][14] )
INFO: [Synth 8-3333] propagating constant 0 across sequential element (u_register_file/\rf_reg[0][15] )
INFO: [Synth 8-3333] propagating constant 0 across sequential element (u_register_file/\rf_reg[0][16] )
INFO: [Synth 8-3333] propagating constant 0 across sequential element (u_register_file/\rf_reg[0][17] )
INFO: [Synth 8-3333] propagating constant 0 across sequential element (u_register_file/\rf_reg[0][18] )
INFO: [Synth 8-3333] propagating constant 0 across sequential element (u_register_file/\rf_reg[0][19] )
INFO: [Synth 8-3333] propagating constant 0 across sequential element (u_register_file/\rf_reg[0][20] )
INFO: [Synth 8-3333] propagating constant 0 across sequential element (u_register_file/\rf_reg[0][21] )
INFO: [Synth 8-3333] propagating constant 0 across sequential element (u_register_file/\rf_reg[0][22] )
INFO: [Synth 8-3333] propagating constant 0 across sequential element (u_register_file/\rf_reg[0][23] )
INFO: [Synth 8-3333] propagating constant 0 across sequential element (u_register_file/\rf_reg[0][24] )
INFO: [Synth 8-3333] propagating constant 0 across sequential element (u_register_file/\rf_reg[0][25] )
INFO: [Synth 8-3333] propagating constant 0 across sequential element (u_register_file/\rf_reg[0][26] )
INFO: [Synth 8-3333] propagating constant 0 across sequential element (u_register_file/\rf_reg[0][27] )
INFO: [Synth 8-3333] propagating constant 0 across sequential element (u_register_file/\rf_reg[0][28] )
INFO: [Synth 8-3333] propagating constant 0 across sequential element (u_register_file/\rf_reg[0][29] )
INFO: [Synth 8-3333] propagating constant 0 across sequential element (u_register_file/\rf_reg[0][30] )
INFO: [Synth 8-3333] propagating constant 0 across sequential element (u_register_file/\rf_reg[0][31] )
INFO: [Synth 8-3333] propagating constant 0 across sequential element (u_register_file/\rf_reg[0][32] )
INFO: [Synth 8-3333] propagating constant 0 across sequential element (u_register_file/\rf_reg[0][33] )
INFO: [Synth 8-3333] propagating constant 0 across sequential element (u_register_file/\rf_reg[0][34] )
INFO: [Synth 8-3333] propagating constant 0 across sequential element (u_register_file/\rf_reg[0][35] )
INFO: [Synth 8-3333] propagating constant 0 across sequential element (u_register_file/\rf_reg[0][36] )
INFO: [Synth 8-3333] propagating constant 0 across sequential element (u_register_file/\rf_reg[0][37] )
INFO: [Synth 8-3333] propagating constant 0 across sequential element (u_register_file/\rf_reg[0][38] )
INFO: [Synth 8-3333] propagating constant 0 across sequential element (u_register_file/\rf_reg[0][39] )
INFO: [Synth 8-3333] propagating constant 0 across sequential element (u_register_file/\rf_reg[0][40] )
INFO: [Synth 8-3333] propagating constant 0 across sequential element (u_register_file/\rf_reg[0][41] )
INFO: [Synth 8-3333] propagating constant 0 across sequential element (u_register_file/\rf_reg[0][42] )
INFO: [Synth 8-3333] propagating constant 0 across sequential element (u_register_file/\rf_reg[0][43] )
INFO: [Synth 8-3333] propagating constant 0 across sequential element (u_register_file/\rf_reg[0][44] )
INFO: [Synth 8-3333] propagating constant 0 across sequential element (u_register_file/\rf_reg[0][45] )
INFO: [Synth 8-3333] propagating constant 0 across sequential element (u_register_file/\rf_reg[0][46] )
INFO: [Synth 8-3333] propagating constant 0 across sequential element (u_register_file/\rf_reg[0][47] )
INFO: [Synth 8-3333] propagating constant 0 across sequential element (u_register_file/\rf_reg[0][48] )
INFO: [Synth 8-3333] propagating constant 0 across sequential element (u_register_file/\rf_reg[0][49] )
INFO: [Synth 8-3333] propagating constant 0 across sequential element (u_register_file/\rf_reg[0][50] )
INFO: [Synth 8-3333] propagating constant 0 across sequential element (u_register_file/\rf_reg[0][51] )
INFO: [Synth 8-3333] propagating constant 0 across sequential element (u_register_file/\rf_reg[0][52] )
INFO: [Synth 8-3333] propagating constant 0 across sequential element (u_register_file/\rf_reg[0][53] )
INFO: [Synth 8-3333] propagating constant 0 across sequential element (u_register_file/\rf_reg[0][54] )
INFO: [Synth 8-3333] propagating constant 0 across sequential element (u_register_file/\rf_reg[0][55] )
INFO: [Synth 8-3333] propagating constant 0 across sequential element (u_register_file/\rf_reg[0][56] )
INFO: [Synth 8-3333] propagating constant 0 across sequential element (u_register_file/\rf_reg[0][57] )
INFO: [Synth 8-3333] propagating constant 0 across sequential element (u_register_file/\rf_reg[0][58] )
INFO: [Synth 8-3333] propagating constant 0 across sequential element (u_register_file/\rf_reg[0][59] )
INFO: [Synth 8-3333] propagating constant 0 across sequential element (u_register_file/\rf_reg[0][60] )
INFO: [Synth 8-3333] propagating constant 0 across sequential element (u_register_file/\rf_reg[0][61] )
INFO: [Synth 8-3333] propagating constant 0 across sequential element (u_register_file/\rf_reg[0][62] )
INFO: [Synth 8-3333] propagating constant 0 across sequential element (u_register_file/\rf_reg[0][63] )
INFO: [Common 17-14] Message 'Synth 8-3333' appears 100 times and further instances of the messages will be disabled. Use the Tcl command set_msg_config to change the current settings.
---------------------------------------------------------------------------------
Finished Cross Boundary and Area Optimization : Time (s): cpu = 00:05:52 ; elapsed = 00:05:55 . Memory (MB): peak = 2279.227 ; gain = 1366.965
---------------------------------------------------------------------------------
 Sort Area is ex_stage__GB1 muldiv_pick0_0 : 0 0 : 3101 12442 : Used 1 time 0
 Sort Area is ex_stage__GB2 muldiv_pick0_0 : 0 0 : 3101 12442 : Used 1 time 0
 Sort Area is ex_stage__GB4 muldiv_pick0_0 : 0 0 : 3101 12442 : Used 1 time 0
 Sort Area is ex_stage__GB1 muldiv_pick0_0 : 0 1 : 3120 12442 : Used 1 time 0
 Sort Area is ex_stage__GB2 muldiv_pick0_0 : 0 1 : 3120 12442 : Used 1 time 0
 Sort Area is ex_stage__GB4 muldiv_pick0_0 : 0 1 : 3120 12442 : Used 1 time 0
 Sort Area is ex_stage__GB1 muldiv_pick0_0 : 0 2 : 3101 12442 : Used 1 time 0
 Sort Area is ex_stage__GB2 muldiv_pick0_0 : 0 2 : 3101 12442 : Used 1 time 0
 Sort Area is ex_stage__GB4 muldiv_pick0_0 : 0 2 : 3101 12442 : Used 1 time 0
 Sort Area is ex_stage__GB1 muldiv_pick0_0 : 0 3 : 3120 12442 : Used 1 time 0
 Sort Area is ex_stage__GB2 muldiv_pick0_0 : 0 3 : 3120 12442 : Used 1 time 0
 Sort Area is ex_stage__GB4 muldiv_pick0_0 : 0 3 : 3120 12442 : Used 1 time 0
 Sort Area is ex_stage__GB4 muldiv_pick0_12 : 0 0 : 3101 12442 : Used 1 time 0
 Sort Area is ex_stage__GB4 muldiv_pick0_12 : 0 1 : 3120 12442 : Used 1 time 0
 Sort Area is ex_stage__GB4 muldiv_pick0_12 : 0 2 : 3101 12442 : Used 1 time 0
 Sort Area is ex_stage__GB4 muldiv_pick0_12 : 0 3 : 3120 12442 : Used 1 time 0
 Sort Area is ex_stage__GB2 muldiv_pick0_b : 0 0 : 3101 12442 : Used 1 time 0
 Sort Area is ex_stage__GB4 muldiv_pick0_b : 0 0 : 3101 12442 : Used 1 time 0
 Sort Area is ex_stage__GB2 muldiv_pick0_b : 0 1 : 3120 12442 : Used 1 time 0
 Sort Area is ex_stage__GB4 muldiv_pick0_b : 0 1 : 3120 12442 : Used 1 time 0
 Sort Area is ex_stage__GB2 muldiv_pick0_b : 0 2 : 3101 12442 : Used 1 time 0
 Sort Area is ex_stage__GB4 muldiv_pick0_b : 0 2 : 3101 12442 : Used 1 time 0
 Sort Area is ex_stage__GB2 muldiv_pick0_b : 0 3 : 3120 12442 : Used 1 time 0
 Sort Area is ex_stage__GB4 muldiv_pick0_b : 0 3 : 3120 12442 : Used 1 time 0
 Sort Area is ex_stage__GB2 muldiv_pick0_4 : 0 0 : 3101 11782 : Used 1 time 0
 Sort Area is ex_stage__GB4 muldiv_pick0_4 : 0 0 : 3101 11782 : Used 1 time 0
 Sort Area is ex_stage__GB2 muldiv_pick0_4 : 0 1 : 3101 11782 : Used 1 time 0
 Sort Area is ex_stage__GB4 muldiv_pick0_4 : 0 1 : 3101 11782 : Used 1 time 0
 Sort Area is ex_stage__GB2 muldiv_pick0_4 : 0 2 : 2479 11782 : Used 1 time 0
 Sort Area is ex_stage__GB4 muldiv_pick0_4 : 0 2 : 2479 11782 : Used 1 time 0
 Sort Area is ex_stage__GB2 muldiv_pick0_4 : 0 3 : 3101 11782 : Used 1 time 0
 Sort Area is ex_stage__GB4 muldiv_pick0_4 : 0 3 : 3101 11782 : Used 1 time 0
 Sort Area is ex_stage__GB2 muldiv_pick0_c : 0 0 : 3101 11782 : Used 1 time 0
 Sort Area is ex_stage__GB4 muldiv_pick0_c : 0 0 : 3101 11782 : Used 1 time 0
 Sort Area is ex_stage__GB2 muldiv_pick0_c : 0 1 : 3101 11782 : Used 1 time 0
 Sort Area is ex_stage__GB4 muldiv_pick0_c : 0 1 : 3101 11782 : Used 1 time 0
 Sort Area is ex_stage__GB2 muldiv_pick0_c : 0 2 : 2479 11782 : Used 1 time 0
 Sort Area is ex_stage__GB4 muldiv_pick0_c : 0 2 : 2479 11782 : Used 1 time 0
 Sort Area is ex_stage__GB2 muldiv_pick0_c : 0 3 : 3101 11782 : Used 1 time 0
 Sort Area is ex_stage__GB4 muldiv_pick0_c : 0 3 : 3101 11782 : Used 1 time 0
 Sort Area is ex_stage__GB4 muldiv_pick0_13 : 0 0 : 3101 11605 : Used 1 time 0
 Sort Area is ex_stage__GB4 muldiv_pick0_13 : 0 1 : 3101 11605 : Used 1 time 0
 Sort Area is ex_stage__GB4 muldiv_pick0_13 : 0 2 : 2302 11605 : Used 1 time 0
 Sort Area is ex_stage__GB4 muldiv_pick0_13 : 0 3 : 3101 11605 : Used 1 time 0
 Sort Area is ex_stage__GB1 muldiv_pick0_4 : 0 0 : 3101 11605 : Used 1 time 0
 Sort Area is ex_stage__GB1 muldiv_pick0_4 : 0 1 : 3101 11605 : Used 1 time 0
 Sort Area is ex_stage__GB1 muldiv_pick0_4 : 0 2 : 2302 11605 : Used 1 time 0
 Sort Area is ex_stage__GB1 muldiv_pick0_4 : 0 3 : 3101 11605 : Used 1 time 0
 Sort Area is ex_stage__GB2 muldiv_pick0_6 : 0 0 : 3101 11141 : Used 1 time 0
 Sort Area is ex_stage__GB4 muldiv_pick0_6 : 0 0 : 3101 11141 : Used 1 time 0
 Sort Area is ex_stage__GB2 muldiv_pick0_6 : 0 1 : 2460 11141 : Used 1 time 0
 Sort Area is ex_stage__GB4 muldiv_pick0_6 : 0 1 : 2460 11141 : Used 1 time 0
 Sort Area is ex_stage__GB2 muldiv_pick0_6 : 0 2 : 2479 11141 : Used 1 time 0
 Sort Area is ex_stage__GB4 muldiv_pick0_6 : 0 2 : 2479 11141 : Used 1 time 0
 Sort Area is ex_stage__GB2 muldiv_pick0_6 : 0 3 : 3101 11141 : Used 1 time 0
 Sort Area is ex_stage__GB4 muldiv_pick0_6 : 0 3 : 3101 11141 : Used 1 time 0
 Sort Area is ex_stage__GB2 muldiv_pick0_d : 0 0 : 3101 10964 : Used 1 time 0
 Sort Area is ex_stage__GB4 muldiv_pick0_d : 0 0 : 3101 10964 : Used 1 time 0
 Sort Area is ex_stage__GB2 muldiv_pick0_d : 0 1 : 2283 10964 : Used 1 time 0
 Sort Area is ex_stage__GB4 muldiv_pick0_d : 0 1 : 2283 10964 : Used 1 time 0
 Sort Area is ex_stage__GB2 muldiv_pick0_d : 0 2 : 2479 10964 : Used 1 time 0
 Sort Area is ex_stage__GB4 muldiv_pick0_d : 0 2 : 2479 10964 : Used 1 time 0
 Sort Area is ex_stage__GB2 muldiv_pick0_d : 0 3 : 3101 10964 : Used 1 time 0
 Sort Area is ex_stage__GB4 muldiv_pick0_d : 0 3 : 3101 10964 : Used 1 time 0
 Sort Area is ex_stage__GB4 muldiv_pick0_15 : 0 0 : 3101 10787 : Used 1 time 0
 Sort Area is ex_stage__GB4 muldiv_pick0_15 : 0 1 : 2283 10787 : Used 1 time 0
 Sort Area is ex_stage__GB4 muldiv_pick0_15 : 0 2 : 2302 10787 : Used 1 time 0
 Sort Area is ex_stage__GB4 muldiv_pick0_15 : 0 3 : 3101 10787 : Used 1 time 0
 Sort Area is ex_stage__GB1 muldiv_pick0_6 : 0 0 : 3101 10787 : Used 1 time 0
 Sort Area is ex_stage__GB1 muldiv_pick0_6 : 0 1 : 2283 10787 : Used 1 time 0
 Sort Area is ex_stage__GB1 muldiv_pick0_6 : 0 2 : 2302 10787 : Used 1 time 0
 Sort Area is ex_stage__GB1 muldiv_pick0_6 : 0 3 : 3101 10787 : Used 1 time 0
 Sort Area is ex_stage__GB2 muldiv_pick0_8 : 0 0 : 2460 9675 : Used 1 time 0
 Sort Area is ex_stage__GB4 muldiv_pick0_8 : 0 0 : 2460 9675 : Used 1 time 0
 Sort Area is ex_stage__GB2 muldiv_pick0_8 : 0 1 : 2479 9675 : Used 1 time 0
 Sort Area is ex_stage__GB4 muldiv_pick0_8 : 0 1 : 2479 9675 : Used 1 time 0
 Sort Area is ex_stage__GB2 muldiv_pick0_8 : 0 2 : 2460 9675 : Used 1 time 0
 Sort Area is ex_stage__GB4 muldiv_pick0_8 : 0 2 : 2460 9675 : Used 1 time 0
 Sort Area is ex_stage__GB2 muldiv_pick0_8 : 0 3 : 2276 9675 : Used 1 time 0
 Sort Area is ex_stage__GB4 muldiv_pick0_8 : 0 3 : 2276 9675 : Used 1 time 0
 Sort Area is ex_stage__GB2 muldiv_pick0_f : 0 0 : 2283 9163 : Used 1 time 0
 Sort Area is ex_stage__GB4 muldiv_pick0_f : 0 0 : 2283 9163 : Used 1 time 0
 Sort Area is ex_stage__GB2 muldiv_pick0_f : 0 1 : 2479 9163 : Used 1 time 0
 Sort Area is ex_stage__GB4 muldiv_pick0_f : 0 1 : 2479 9163 : Used 1 time 0
 Sort Area is ex_stage__GB2 muldiv_pick0_f : 0 2 : 2283 9163 : Used 1 time 0
 Sort Area is ex_stage__GB4 muldiv_pick0_f : 0 2 : 2283 9163 : Used 1 time 0
 Sort Area is ex_stage__GB2 muldiv_pick0_f : 0 3 : 2118 9163 : Used 1 time 0
 Sort Area is ex_stage__GB4 muldiv_pick0_f : 0 3 : 2118 9163 : Used 1 time 0
 Sort Area is ex_stage__GB4 muldiv_pick0_16 : 0 0 : 2283 8935 : Used 1 time 0
 Sort Area is ex_stage__GB4 muldiv_pick0_16 : 0 1 : 2302 8935 : Used 1 time 0
 Sort Area is ex_stage__GB4 muldiv_pick0_16 : 0 2 : 2283 8935 : Used 1 time 0
 Sort Area is ex_stage__GB4 muldiv_pick0_16 : 0 3 : 2067 8935 : Used 1 time 0
 Sort Area is ex_stage__GB1 muldiv_pick0_8 : 0 0 : 2283 8935 : Used 1 time 0
 Sort Area is ex_stage__GB1 muldiv_pick0_8 : 0 1 : 2302 8935 : Used 1 time 0
 Sort Area is ex_stage__GB1 muldiv_pick0_8 : 0 2 : 2283 8935 : Used 1 time 0
 Sort Area is ex_stage__GB1 muldiv_pick0_8 : 0 3 : 2067 8935 : Used 1 time 0
---------------------------------------------------------------------------------
Start Applying XDC Timing Constraints
---------------------------------------------------------------------------------
---------------------------------------------------------------------------------
Finished Applying XDC Timing Constraints : Time (s): cpu = 00:06:09 ; elapsed = 00:06:13 . Memory (MB): peak = 2319.105 ; gain = 1406.844
---------------------------------------------------------------------------------
---------------------------------------------------------------------------------
Start Timing Optimization
---------------------------------------------------------------------------------
---------------------------------------------------------------------------------
Finished Timing Optimization : Time (s): cpu = 00:14:41 ; elapsed = 00:14:52 . Memory (MB): peak = 4145.012 ; gain = 3232.750
---------------------------------------------------------------------------------
---------------------------------------------------------------------------------
Start Technology Mapping
---------------------------------------------------------------------------------
INFO: [Synth 8-3886] merging instance 'u_cpui_4/u_cpu/u_id_stage/imm_w2_o_reg[32]' (FDCE) to 'u_cpui_4/u_cpu/u_id_stage/imm_w2_o_reg[61]'
INFO: [Common 17-14] Message 'Synth 8-3886' appears 100 times and further instances of the messages will be disabled. Use the Tcl command set_msg_config to change the current settings.
INFO: [Common 17-14] Message 'Synth 8-3886' appears 100 times and further instances of the messages will be disabled. Use the Tcl command set_msg_config to change the current settings.
---------------------------------------------------------------------------------
Finished Technology Mapping : Time (s): cpu = 00:16:11 ; elapsed = 00:16:31 . Memory (MB): peak = 4145.012 ; gain = 3232.750
---------------------------------------------------------------------------------
---------------------------------------------------------------------------------
Start IO Insertion
---------------------------------------------------------------------------------
---------------------------------------------------------------------------------
Start Flattening Before IO Insertion
---------------------------------------------------------------------------------
---------------------------------------------------------------------------------
Finished Flattening Before IO Insertion
---------------------------------------------------------------------------------
---------------------------------------------------------------------------------
Start Final Netlist Cleanup
---------------------------------------------------------------------------------
---------------------------------------------------------------------------------
Finished Final Netlist Cleanup
---------------------------------------------------------------------------------
---------------------------------------------------------------------------------
Finished IO Insertion : Time (s): cpu = 00:16:28 ; elapsed = 00:16:49 . Memory (MB): peak = 4145.012 ; gain = 3232.750
---------------------------------------------------------------------------------
---------------------------------------------------------------------------------
Start Renaming Generated Instances
---------------------------------------------------------------------------------
---------------------------------------------------------------------------------
Finished Renaming Generated Instances : Time (s): cpu = 00:16:28 ; elapsed = 00:16:49 . Memory (MB): peak = 4145.012 ; gain = 3232.750
---------------------------------------------------------------------------------
CRITICAL WARNING: [Synth 8-6859] multi-driven net on pin u_cpu/u_id_stage/imm_w1[63] with 1st driver pin 'imm_w1_o[63]_i_2/O' [Z:/Vega_cpu/src/cpu/core/id_stage/decoder.v:62]
CRITICAL WARNING: [Synth 8-6859] multi-driven net on pin u_cpu/u_id_stage/imm_w1[63] with 2nd driver pin 'u_cpu/u_id_stage/u_decoder_w1/imm_reg[63]/Q' [Z:/Vega_cpu/src/cpu/core/id_stage/decoder.v:327]
CRITICAL WARNING: [Synth 8-6859] multi-driven net on pin u_cpu/u_id_stage/imm_w1[32] with 1st driver pin 'u_cpu/u_id_stage/u_decoder_w1/imm_reg[33]/Q' [Z:/Vega_cpu/src/cpu/core/id_stage/decoder.v:327]
CRITICAL WARNING: [Synth 8-6859] multi-driven net on pin u_cpu/u_id_stage/imm_w1[32] with 2nd driver pin 'u_cpu/u_id_stage/u_decoder_w1/imm_reg[35]/Q' [Z:/Vega_cpu/src/cpu/core/id_stage/decoder.v:327]
CRITICAL WARNING: [Synth 8-6859] multi-driven net on pin u_cpu/u_id_stage/imm_w1[32] with 3rd driver pin 'u_cpu/u_id_stage/u_decoder_w1/imm_reg[37]/Q' [Z:/Vega_cpu/src/cpu/core/id_stage/decoder.v:327]
CRITICAL WARNING: [Synth 8-6859] multi-driven net on pin u_cpu/u_id_stage/imm_w1[32] with 4th driver pin 'u_cpu/u_id_stage/u_decoder_w1/imm_reg[39]/Q' [Z:/Vega_cpu/src/cpu/core/id_stage/decoder.v:327]
CRITICAL WARNING: [Synth 8-6859] multi-driven net on pin u_cpu/u_id_stage/imm_w1[32] with 5th driver pin 'u_cpu/u_id_stage/u_decoder_w1/imm_reg[41]/Q' [Z:/Vega_cpu/src/cpu/core/id_stage/decoder.v:327]
CRITICAL WARNING: [Synth 8-6859] multi-driven net on pin u_cpu/u_id_stage/imm_w1[32] with 6th driver pin 'u_cpu/u_id_stage/u_decoder_w1/imm_reg[43]/Q' [Z:/Vega_cpu/src/cpu/core/id_stage/decoder.v:327]
CRITICAL WARNING: [Synth 8-6859] multi-driven net on pin u_cpu/u_id_stage/imm_w1[32] with 7th driver pin 'u_cpu/u_id_stage/u_decoder_w1/imm_reg[45]/Q' [Z:/Vega_cpu/src/cpu/core/id_stage/decoder.v:327]
CRITICAL WARNING: [Synth 8-6859] multi-driven net on pin u_cpu/u_id_stage/imm_w1[32] with 8th driver pin 'u_cpu/u_id_stage/u_decoder_w1/imm_reg[47]/Q' [Z:/Vega_cpu/src/cpu/core/id_stage/decoder.v:327]
CRITICAL WARNING: [Synth 8-6859] multi-driven net on pin u_cpu/u_id_stage/imm_w1[32] with 9th driver pin 'u_cpu/u_id_stage/u_decoder_w1/imm_reg[49]/Q' [Z:/Vega_cpu/src/cpu/core/id_stage/decoder.v:327]
CRITICAL WARNING: [Synth 8-6859] multi-driven net on pin u_cpu/u_id_stage/imm_w1[32] with 10th driver pin 'u_cpu/u_id_stage/u_decoder_w1/imm_reg[51]/Q' [Z:/Vega_cpu/src/cpu/core/id_stage/decoder.v:327]
CRITICAL WARNING: [Synth 8-6859] multi-driven net on pin u_cpu/u_id_stage/imm_w1[32] with 11th driver pin 'u_cpu/u_id_stage/u_decoder_w1/imm_reg[53]/Q' [Z:/Vega_cpu/src/cpu/core/id_stage/decoder.v:327]
CRITICAL WARNING: [Synth 8-6859] multi-driven net on pin u_cpu/u_id_stage/imm_w1[32] with 12th driver pin 'u_cpu/u_id_stage/u_decoder_w1/imm_reg[55]/Q' [Z:/Vega_cpu/src/cpu/core/id_stage/decoder.v:327]
CRITICAL WARNING: [Synth 8-6859] multi-driven net on pin u_cpu/u_id_stage/imm_w1[32] with 13th driver pin 'u_cpu/u_id_stage/u_decoder_w1/imm_reg[57]/Q' [Z:/Vega_cpu/src/cpu/core/id_stage/decoder.v:327]
CRITICAL WARNING: [Synth 8-6859] multi-driven net on pin u_cpu/u_id_stage/imm_w1[32] with 14th driver pin 'u_cpu/u_id_stage/u_decoder_w1/imm_reg[59]/Q' [Z:/Vega_cpu/src/cpu/core/id_stage/decoder.v:327]
CRITICAL WARNING: [Synth 8-6859] multi-driven net on pin u_cpu/u_id_stage/imm_w1[32] with 15th driver pin 'u_cpu/u_id_stage/u_decoder_w1/imm_reg[61]/Q' [Z:/Vega_cpu/src/cpu/core/id_stage/decoder.v:327]
CRITICAL WARNING: [Synth 8-6859] multi-driven net on pin u_cpu/u_id_stage/imm_w1[32] with 16th driver pin 'imm_w1_o_reg[62]_i_2/O' [Z:/Vega_cpu/src/cpu/core/id_stage/decoder.v:62]
CRITICAL WARNING: [Synth 8-6859] multi-driven net on pin u_cpu/u_id_stage/imm_w1[32] with 17th driver pin 'u_cpu/u_id_stage/u_decoder_w1/imm_reg[62]/Q' [Z:/Vega_cpu/src/cpu/core/id_stage/decoder.v:327]
CRITICAL WARNING: [Synth 8-6859] multi-driven net on pin u_cpu/u_id_stage/imm_w1[32] with 18th driver pin 'u_cpu/u_id_stage/u_decoder_w1/imm_reg[60]/Q' [Z:/Vega_cpu/src/cpu/core/id_stage/decoder.v:327]
CRITICAL WARNING: [Synth 8-6859] multi-driven net on pin u_cpu/u_id_stage/imm_w1[32] with 19th driver pin 'u_cpu/u_id_stage/u_decoder_w1/imm_reg[58]/Q' [Z:/Vega_cpu/src/cpu/core/id_stage/decoder.v:327]
CRITICAL WARNING: [Synth 8-6859] multi-driven net on pin u_cpu/u_id_stage/imm_w1[32] with 20th driver pin 'u_cpu/u_id_stage/u_decoder_w1/imm_reg[56]/Q' [Z:/Vega_cpu/src/cpu/core/id_stage/decoder.v:327]
CRITICAL WARNING: [Synth 8-6859] multi-driven net on pin u_cpu/u_id_stage/imm_w1[32] with 21th driver pin 'u_cpu/u_id_stage/u_decoder_w1/imm_reg[54]/Q' [Z:/Vega_cpu/src/cpu/core/id_stage/decoder.v:327]
CRITICAL WARNING: [Synth 8-6859] multi-driven net on pin u_cpu/u_id_stage/imm_w1[32] with 22th driver pin 'u_cpu/u_id_stage/u_decoder_w1/imm_reg[52]/Q' [Z:/Vega_cpu/src/cpu/core/id_stage/decoder.v:327]
CRITICAL WARNING: [Synth 8-6859] multi-driven net on pin u_cpu/u_id_stage/imm_w1[32] with 23th driver pin 'u_cpu/u_id_stage/u_decoder_w1/imm_reg[50]/Q' [Z:/Vega_cpu/src/cpu/core/id_stage/decoder.v:327]
CRITICAL WARNING: [Synth 8-6859] multi-driven net on pin u_cpu/u_id_stage/imm_w1[32] with 24th driver pin 'u_cpu/u_id_stage/u_decoder_w1/imm_reg[48]/Q' [Z:/Vega_cpu/src/cpu/core/id_stage/decoder.v:327]
CRITICAL WARNING: [Synth 8-6859] multi-driven net on pin u_cpu/u_id_stage/imm_w1[32] with 25th driver pin 'u_cpu/u_id_stage/u_decoder_w1/imm_reg[46]/Q' [Z:/Vega_cpu/src/cpu/core/id_stage/decoder.v:327]
CRITICAL WARNING: [Synth 8-6859] multi-driven net on pin u_cpu/u_id_stage/imm_w1[32] with 26th driver pin 'u_cpu/u_id_stage/u_decoder_w1/imm_reg[44]/Q' [Z:/Vega_cpu/src/cpu/core/id_stage/decoder.v:327]
CRITICAL WARNING: [Synth 8-6859] multi-driven net on pin u_cpu/u_id_stage/imm_w1[32] with 27th driver pin 'u_cpu/u_id_stage/u_decoder_w1/imm_reg[42]/Q' [Z:/Vega_cpu/src/cpu/core/id_stage/decoder.v:327]
CRITICAL WARNING: [Synth 8-6859] multi-driven net on pin u_cpu/u_id_stage/imm_w1[32] with 28th driver pin 'u_cpu/u_id_stage/u_decoder_w1/imm_reg[40]/Q' [Z:/Vega_cpu/src/cpu/core/id_stage/decoder.v:327]
CRITICAL WARNING: [Synth 8-6859] multi-driven net on pin u_cpu/u_id_stage/imm_w1[32] with 29th driver pin 'u_cpu/u_id_stage/u_decoder_w1/imm_reg[38]/Q' [Z:/Vega_cpu/src/cpu/core/id_stage/decoder.v:327]
CRITICAL WARNING: [Synth 8-6859] multi-driven net on pin u_cpu/u_id_stage/imm_w1[32] with 30th driver pin 'u_cpu/u_id_stage/u_decoder_w1/imm_reg[36]/Q' [Z:/Vega_cpu/src/cpu/core/id_stage/decoder.v:327]
CRITICAL WARNING: [Synth 8-6859] multi-driven net on pin u_cpu/u_id_stage/imm_w1[32] with 31th driver pin 'u_cpu/u_id_stage/u_decoder_w1/imm_reg[34]/Q' [Z:/Vega_cpu/src/cpu/core/id_stage/decoder.v:327]
CRITICAL WARNING: [Synth 8-6859] multi-driven net on pin u_cpu/u_id_stage/imm_w1[32] with 32th driver pin 'u_cpu/u_id_stage/u_decoder_w1/imm_reg[32]/Q' [Z:/Vega_cpu/src/cpu/core/id_stage/decoder.v:327]
CRITICAL WARNING: [Synth 8-6859] multi-driven net on pin u_cpu/u_id_stage/imm_w1[31] with 1st driver pin 'imm_w1_o[31]_i_2/O' [Z:/Vega_cpu/src/cpu/core/id_stage/decoder.v:62]
CRITICAL WARNING: [Synth 8-6859] multi-driven net on pin u_cpu/u_id_stage/imm_w1[31] with 2nd driver pin 'u_cpu/u_id_stage/u_decoder_w1/imm_reg[31]/Q' [Z:/Vega_cpu/src/cpu/core/id_stage/decoder.v:327]
CRITICAL WARNING: [Synth 8-6859] multi-driven net on pin u_cpu/u_id_stage/imm_w1[30] with 1st driver pin 'imm_w1_o[30]_i_2/O' [Z:/Vega_cpu/src/cpu/core/id_stage/decoder.v:62]
CRITICAL WARNING: [Synth 8-6859] multi-driven net on pin u_cpu/u_id_stage/imm_w1[30] with 2nd driver pin 'u_cpu/u_id_stage/u_decoder_w1/imm_reg[30]/Q' [Z:/Vega_cpu/src/cpu/core/id_stage/decoder.v:327]
CRITICAL WARNING: [Synth 8-6859] multi-driven net on pin u_cpu/u_id_stage/imm_w1[29] with 1st driver pin 'imm_w1_o[29]_i_2/O' [Z:/Vega_cpu/src/cpu/core/id_stage/decoder.v:62]
CRITICAL WARNING: [Synth 8-6859] multi-driven net on pin u_cpu/u_id_stage/imm_w1[29] with 2nd driver pin 'u_cpu/u_id_stage/u_decoder_w1/imm_reg[29]/Q' [Z:/Vega_cpu/src/cpu/core/id_stage/decoder.v:327]
CRITICAL WARNING: [Synth 8-6859] multi-driven net on pin u_cpu/u_id_stage/imm_w1[28] with 1st driver pin 'imm_w1_o[28]_i_2/O' [Z:/Vega_cpu/src/cpu/core/id_stage/decoder.v:62]
CRITICAL WARNING: [Synth 8-6859] multi-driven net on pin u_cpu/u_id_stage/imm_w1[28] with 2nd driver pin 'u_cpu/u_id_stage/u_decoder_w1/imm_reg[28]/Q' [Z:/Vega_cpu/src/cpu/core/id_stage/decoder.v:327]
CRITICAL WARNING: [Synth 8-6859] multi-driven net on pin u_cpu/u_id_stage/imm_w1[27] with 1st driver pin 'imm_w1_o[27]_i_2/O' [Z:/Vega_cpu/src/cpu/core/id_stage/decoder.v:62]
CRITICAL WARNING: [Synth 8-6859] multi-driven net on pin u_cpu/u_id_stage/imm_w1[27] with 2nd driver pin 'u_cpu/u_id_stage/u_decoder_w1/imm_reg[27]/Q' [Z:/Vega_cpu/src/cpu/core/id_stage/decoder.v:327]
CRITICAL WARNING: [Synth 8-6859] multi-driven net on pin u_cpu/u_id_stage/imm_w1[26] with 1st driver pin 'imm_w1_o[26]_i_2/O' [Z:/Vega_cpu/src/cpu/core/id_stage/decoder.v:62]
CRITICAL WARNING: [Synth 8-6859] multi-driven net on pin u_cpu/u_id_stage/imm_w1[26] with 2nd driver pin 'u_cpu/u_id_stage/u_decoder_w1/imm_reg[26]/Q' [Z:/Vega_cpu/src/cpu/core/id_stage/decoder.v:327]
CRITICAL WARNING: [Synth 8-6859] multi-driven net on pin u_cpu/u_id_stage/imm_w1[25] with 1st driver pin 'imm_w1_o[25]_i_2/O' [Z:/Vega_cpu/src/cpu/core/id_stage/decoder.v:62]
CRITICAL WARNING: [Synth 8-6859] multi-driven net on pin u_cpu/u_id_stage/imm_w1[25] with 2nd driver pin 'u_cpu/u_id_stage/u_decoder_w1/imm_reg[25]/Q' [Z:/Vega_cpu/src/cpu/core/id_stage/decoder.v:327]
CRITICAL WARNING: [Synth 8-6859] multi-driven net on pin u_cpu/u_id_stage/imm_w1[24] with 1st driver pin 'imm_w1_o[24]_i_2/O' [Z:/Vega_cpu/src/cpu/core/id_stage/decoder.v:62]
CRITICAL WARNING: [Synth 8-6859] multi-driven net on pin u_cpu/u_id_stage/imm_w1[24] with 2nd driver pin 'u_cpu/u_id_stage/u_decoder_w1/imm_reg[24]/Q' [Z:/Vega_cpu/src/cpu/core/id_stage/decoder.v:327]
CRITICAL WARNING: [Synth 8-6859] multi-driven net on pin u_cpu/u_id_stage/imm_w1[23] with 1st driver pin 'imm_w1_o[23]_i_2/O' [Z:/Vega_cpu/src/cpu/core/id_stage/decoder.v:62]
CRITICAL WARNING: [Synth 8-6859] multi-driven net on pin u_cpu/u_id_stage/imm_w1[23] with 2nd driver pin 'u_cpu/u_id_stage/u_decoder_w1/imm_reg[23]/Q' [Z:/Vega_cpu/src/cpu/core/id_stage/decoder.v:327]
CRITICAL WARNING: [Synth 8-6859] multi-driven net on pin u_cpu/u_id_stage/imm_w1[22] with 1st driver pin 'imm_w1_o[22]_i_2/O' [Z:/Vega_cpu/src/cpu/core/id_stage/decoder.v:62]
CRITICAL WARNING: [Synth 8-6859] multi-driven net on pin u_cpu/u_id_stage/imm_w1[22] with 2nd driver pin 'u_cpu/u_id_stage/u_decoder_w1/imm_reg[22]/Q' [Z:/Vega_cpu/src/cpu/core/id_stage/decoder.v:327]
CRITICAL WARNING: [Synth 8-6859] multi-driven net on pin u_cpu/u_id_stage/imm_w1[21] with 1st driver pin 'imm_w1_o[21]_i_2/O' [Z:/Vega_cpu/src/cpu/core/id_stage/decoder.v:62]
CRITICAL WARNING: [Synth 8-6859] multi-driven net on pin u_cpu/u_id_stage/imm_w1[21] with 2nd driver pin 'u_cpu/u_id_stage/u_decoder_w1/imm_reg[21]/Q' [Z:/Vega_cpu/src/cpu/core/id_stage/decoder.v:327]
CRITICAL WARNING: [Synth 8-6859] multi-driven net on pin u_cpu/u_id_stage/imm_w1[20] with 1st driver pin 'imm_w1_o[20]_i_2/O' [Z:/Vega_cpu/src/cpu/core/id_stage/decoder.v:62]
CRITICAL WARNING: [Synth 8-6859] multi-driven net on pin u_cpu/u_id_stage/imm_w1[20] with 2nd driver pin 'u_cpu/u_id_stage/u_decoder_w1/imm_reg[20]/Q' [Z:/Vega_cpu/src/cpu/core/id_stage/decoder.v:327]
CRITICAL WARNING: [Synth 8-6859] multi-driven net on pin u_cpu/u_id_stage/imm_w1[19] with 1st driver pin 'imm_w1_o[19]_i_2/O' [Z:/Vega_cpu/src/cpu/core/id_stage/decoder.v:62]
CRITICAL WARNING: [Synth 8-6859] multi-driven net on pin u_cpu/u_id_stage/imm_w1[19] with 2nd driver pin 'u_cpu/u_id_stage/u_decoder_w1/imm_reg[19]/Q' [Z:/Vega_cpu/src/cpu/core/id_stage/decoder.v:327]
CRITICAL WARNING: [Synth 8-6859] multi-driven net on pin u_cpu/u_id_stage/imm_w1[18] with 1st driver pin 'imm_w1_o[18]_i_2/O' [Z:/Vega_cpu/src/cpu/core/id_stage/decoder.v:62]
CRITICAL WARNING: [Synth 8-6859] multi-driven net on pin u_cpu/u_id_stage/imm_w1[18] with 2nd driver pin 'u_cpu/u_id_stage/u_decoder_w1/imm_reg[18]/Q' [Z:/Vega_cpu/src/cpu/core/id_stage/decoder.v:327]
CRITICAL WARNING: [Synth 8-6859] multi-driven net on pin u_cpu/u_id_stage/imm_w1[17] with 1st driver pin 'imm_w1_o[17]_i_2/O' [Z:/Vega_cpu/src/cpu/core/id_stage/decoder.v:62]
CRITICAL WARNING: [Synth 8-6859] multi-driven net on pin u_cpu/u_id_stage/imm_w1[17] with 2nd driver pin 'u_cpu/u_id_stage/u_decoder_w1/imm_reg[17]/Q' [Z:/Vega_cpu/src/cpu/core/id_stage/decoder.v:327]
CRITICAL WARNING: [Synth 8-6859] multi-driven net on pin u_cpu/u_id_stage/imm_w1[16] with 1st driver pin 'imm_w1_o[16]_i_2/O' [Z:/Vega_cpu/src/cpu/core/id_stage/decoder.v:62]
CRITICAL WARNING: [Synth 8-6859] multi-driven net on pin u_cpu/u_id_stage/imm_w1[16] with 2nd driver pin 'u_cpu/u_id_stage/u_decoder_w1/imm_reg[16]/Q' [Z:/Vega_cpu/src/cpu/core/id_stage/decoder.v:327]
CRITICAL WARNING: [Synth 8-6859] multi-driven net on pin u_cpu/u_id_stage/imm_w1[15] with 1st driver pin 'imm_w1_o[15]_i_2/O' [Z:/Vega_cpu/src/cpu/core/id_stage/decoder.v:62]
CRITICAL WARNING: [Synth 8-6859] multi-driven net on pin u_cpu/u_id_stage/imm_w1[15] with 2nd driver pin 'u_cpu/u_id_stage/u_decoder_w1/imm_reg[15]/Q' [Z:/Vega_cpu/src/cpu/core/id_stage/decoder.v:327]
CRITICAL WARNING: [Synth 8-6859] multi-driven net on pin u_cpu/u_id_stage/imm_w1[14] with 1st driver pin 'imm_w1_o[14]_i_2/O' [Z:/Vega_cpu/src/cpu/core/id_stage/decoder.v:62]
CRITICAL WARNING: [Synth 8-6859] multi-driven net on pin u_cpu/u_id_stage/imm_w1[14] with 2nd driver pin 'u_cpu/u_id_stage/u_decoder_w1/imm_reg[14]/Q' [Z:/Vega_cpu/src/cpu/core/id_stage/decoder.v:327]
CRITICAL WARNING: [Synth 8-6859] multi-driven net on pin u_cpu/u_id_stage/imm_w1[13] with 1st driver pin 'imm_w1_o[13]_i_2/O' [Z:/Vega_cpu/src/cpu/core/id_stage/decoder.v:62]
CRITICAL WARNING: [Synth 8-6859] multi-driven net on pin u_cpu/u_id_stage/imm_w1[13] with 2nd driver pin 'u_cpu/u_id_stage/u_decoder_w1/imm_reg[13]/Q' [Z:/Vega_cpu/src/cpu/core/id_stage/decoder.v:327]
CRITICAL WARNING: [Synth 8-6859] multi-driven net on pin u_cpu/u_id_stage/imm_w1[12] with 1st driver pin 'imm_w1_o[12]_i_2/O' [Z:/Vega_cpu/src/cpu/core/id_stage/decoder.v:62]
CRITICAL WARNING: [Synth 8-6859] multi-driven net on pin u_cpu/u_id_stage/imm_w1[12] with 2nd driver pin 'u_cpu/u_id_stage/u_decoder_w1/imm_reg[12]/Q' [Z:/Vega_cpu/src/cpu/core/id_stage/decoder.v:327]
CRITICAL WARNING: [Synth 8-6859] multi-driven net on pin u_cpu/u_id_stage/imm_w1[11] with 1st driver pin 'imm_w1_o[11]_i_2/O' [Z:/Vega_cpu/src/cpu/core/id_stage/decoder.v:62]
CRITICAL WARNING: [Synth 8-6859] multi-driven net on pin u_cpu/u_id_stage/imm_w1[11] with 2nd driver pin 'u_cpu/u_id_stage/u_decoder_w1/imm_reg[11]/Q' [Z:/Vega_cpu/src/cpu/core/id_stage/decoder.v:327]
CRITICAL WARNING: [Synth 8-6859] multi-driven net on pin u_cpu/u_id_stage/imm_w1[10] with 1st driver pin 'imm_w1_o[10]_i_2/O' [Z:/Vega_cpu/src/cpu/core/id_stage/decoder.v:62]
CRITICAL WARNING: [Synth 8-6859] multi-driven net on pin u_cpu/u_id_stage/imm_w1[10] with 2nd driver pin 'u_cpu/u_id_stage/u_decoder_w1/imm_reg[10]/Q' [Z:/Vega_cpu/src/cpu/core/id_stage/decoder.v:327]
CRITICAL WARNING: [Synth 8-6859] multi-driven net on pin u_cpu/u_id_stage/imm_w1[9] with 1st driver pin 'imm_w1_o[9]_i_2/O' [Z:/Vega_cpu/src/cpu/core/id_stage/decoder.v:62]
CRITICAL WARNING: [Synth 8-6859] multi-driven net on pin u_cpu/u_id_stage/imm_w1[9] with 2nd driver pin 'u_cpu/u_id_stage/u_decoder_w1/imm_reg[9]/Q' [Z:/Vega_cpu/src/cpu/core/id_stage/decoder.v:327]
CRITICAL WARNING: [Synth 8-6859] multi-driven net on pin u_cpu/u_id_stage/imm_w1[8] with 1st driver pin 'imm_w1_o[8]_i_2/O' [Z:/Vega_cpu/src/cpu/core/id_stage/decoder.v:62]
CRITICAL WARNING: [Synth 8-6859] multi-driven net on pin u_cpu/u_id_stage/imm_w1[8] with 2nd driver pin 'u_cpu/u_id_stage/u_decoder_w1/imm_reg[8]/Q' [Z:/Vega_cpu/src/cpu/core/id_stage/decoder.v:327]
CRITICAL WARNING: [Synth 8-6859] multi-driven net on pin u_cpu/u_id_stage/imm_w1[7] with 1st driver pin 'imm_w1_o[7]_i_2/O' [Z:/Vega_cpu/src/cpu/core/id_stage/decoder.v:62]
CRITICAL WARNING: [Synth 8-6859] multi-driven net on pin u_cpu/u_id_stage/imm_w1[7] with 2nd driver pin 'u_cpu/u_id_stage/u_decoder_w1/imm_reg[7]/Q' [Z:/Vega_cpu/src/cpu/core/id_stage/decoder.v:327]
CRITICAL WARNING: [Synth 8-6859] multi-driven net on pin u_cpu/u_id_stage/imm_w1[6] with 1st driver pin 'imm_w1_o[6]_i_2/O' [Z:/Vega_cpu/src/cpu/core/id_stage/decoder.v:62]
CRITICAL WARNING: [Synth 8-6859] multi-driven net on pin u_cpu/u_id_stage/imm_w1[6] with 2nd driver pin 'u_cpu/u_id_stage/u_decoder_w1/imm_reg[6]/Q' [Z:/Vega_cpu/src/cpu/core/id_stage/decoder.v:327]
CRITICAL WARNING: [Synth 8-6859] multi-driven net on pin u_cpu/u_id_stage/imm_w1[5] with 1st driver pin 'imm_w1_o[5]_i_2/O' [Z:/Vega_cpu/src/cpu/core/id_stage/decoder.v:62]
CRITICAL WARNING: [Synth 8-6859] multi-driven net on pin u_cpu/u_id_stage/imm_w1[5] with 2nd driver pin 'u_cpu/u_id_stage/u_decoder_w1/imm_reg[5]/Q' [Z:/Vega_cpu/src/cpu/core/id_stage/decoder.v:327]
CRITICAL WARNING: [Synth 8-6859] multi-driven net on pin u_cpu/u_id_stage/imm_w1[4] with 1st driver pin 'imm_w1_o[4]_i_2/O' [Z:/Vega_cpu/src/cpu/core/id_stage/decoder.v:62]
CRITICAL WARNING: [Synth 8-6859] multi-driven net on pin u_cpu/u_id_stage/imm_w1[4] with 2nd driver pin 'u_cpu/u_id_stage/u_decoder_w1/imm_reg[4]/Q' [Z:/Vega_cpu/src/cpu/core/id_stage/decoder.v:327]
CRITICAL WARNING: [Synth 8-6859] multi-driven net on pin u_cpu/u_id_stage/imm_w1[3] with 1st driver pin 'imm_w1_o[3]_i_2/O' [Z:/Vega_cpu/src/cpu/core/id_stage/decoder.v:62]
CRITICAL WARNING: [Synth 8-6859] multi-driven net on pin u_cpu/u_id_stage/imm_w1[3] with 2nd driver pin 'u_cpu/u_id_stage/u_decoder_w1/imm_reg[3]/Q' [Z:/Vega_cpu/src/cpu/core/id_stage/decoder.v:327]
CRITICAL WARNING: [Synth 8-6859] multi-driven net on pin u_cpu/u_id_stage/imm_w1[2] with 1st driver pin 'imm_w1_o[2]_i_2/O' [Z:/Vega_cpu/src/cpu/core/id_stage/decoder.v:62]
CRITICAL WARNING: [Synth 8-6859] multi-driven net on pin u_cpu/u_id_stage/imm_w1[2] with 2nd driver pin 'u_cpu/u_id_stage/u_decoder_w1/imm_reg[2]/Q' [Z:/Vega_cpu/src/cpu/core/id_stage/decoder.v:327]
CRITICAL WARNING: [Synth 8-6859] multi-driven net on pin u_cpu/u_id_stage/imm_w1[1] with 1st driver pin 'imm_w1_o[1]_i_2/O' [Z:/Vega_cpu/src/cpu/core/id_stage/decoder.v:62]
CRITICAL WARNING: [Synth 8-6859] multi-driven net on pin u_cpu/u_id_stage/imm_w1[1] with 2nd driver pin 'u_cpu/u_id_stage/u_decoder_w1/imm_reg[1]/Q' [Z:/Vega_cpu/src/cpu/core/id_stage/decoder.v:327]
CRITICAL WARNING: [Synth 8-6859] multi-driven net on pin u_cpu/u_id_stage/imm_w1[0] with 1st driver pin 'imm_w1_o[0]_i_2/O' [Z:/Vega_cpu/src/cpu/core/id_stage/decoder.v:62]
CRITICAL WARNING: [Synth 8-6859] multi-driven net on pin u_cpu/u_id_stage/imm_w1[0] with 2nd driver pin 'u_cpu/u_id_stage/u_decoder_w1/imm_reg[0]/Q' [Z:/Vega_cpu/src/cpu/core/id_stage/decoder.v:327]
CRITICAL WARNING: [Synth 8-6859] multi-driven net on pin u_cpu/u_id_stage/imm_w2[63] with 1st driver pin 'imm_w2_o[63]_i_2/O' [Z:/Vega_cpu/src/cpu/core/id_stage/decoder.v:62]
CRITICAL WARNING: [Synth 8-6859] multi-driven net on pin u_cpu/u_id_stage/imm_w2[63] with 2nd driver pin 'u_cpu/u_id_stage/u_decoder_w2/imm_reg[63]/Q' [Z:/Vega_cpu/src/cpu/core/id_stage/decoder.v:327]
INFO: [Common 17-14] Message 'Synth 8-6859' appears 100 times and further instances of the messages will be disabled. Use the Tcl command set_msg_config to change the current settings.

Report Check Netlist: 
+------+------------------+-------+---------+-------+------------------+
|      |Item              |Errors |Warnings |Status |Description       |
+------+------------------+-------+---------+-------+------------------+
|1     |multi_driven_nets |      0|       68|Failed |Multi driven nets |
+------+------------------+-------+---------+-------+------------------+
---------------------------------------------------------------------------------
Start Rebuilding User Hierarchy
---------------------------------------------------------------------------------
---------------------------------------------------------------------------------
Finished Rebuilding User Hierarchy : Time (s): cpu = 00:16:45 ; elapsed = 00:17:06 . Memory (MB): peak = 4145.012 ; gain = 3232.750
---------------------------------------------------------------------------------
---------------------------------------------------------------------------------
Start Renaming Generated Ports
---------------------------------------------------------------------------------
---------------------------------------------------------------------------------
Finished Renaming Generated Ports : Time (s): cpu = 00:16:45 ; elapsed = 00:17:06 . Memory (MB): peak = 4145.012 ; gain = 3232.750
---------------------------------------------------------------------------------
---------------------------------------------------------------------------------
Start Handling Custom Attributes
---------------------------------------------------------------------------------
---------------------------------------------------------------------------------
Finished Handling Custom Attributes : Time (s): cpu = 00:16:47 ; elapsed = 00:17:08 . Memory (MB): peak = 4145.012 ; gain = 3232.750
---------------------------------------------------------------------------------
---------------------------------------------------------------------------------
Start Renaming Generated Nets
---------------------------------------------------------------------------------
---------------------------------------------------------------------------------
Finished Renaming Generated Nets : Time (s): cpu = 00:16:47 ; elapsed = 00:17:08 . Memory (MB): peak = 4145.012 ; gain = 3232.750
---------------------------------------------------------------------------------
---------------------------------------------------------------------------------
Start Writing Synthesis Report
---------------------------------------------------------------------------------

DSP Final Report (the ' indicates corresponding REG is set)
+--------------+--------------+--------+--------+--------+--------+--------+------+------+------+------+-------+------+------+
|Module Name   | DSP Mapping  | A Size | B Size | C Size | D Size | P Size | AREG | BREG | CREG | DREG | ADREG | MREG | PREG | 
+--------------+--------------+--------+--------+--------+--------+--------+------+------+------+------+-------+------+------+
|ex_stage__GB1 | A*B          | 17     | 18     | -      | -      | 48     | 0    | 0    | -    | -    | -     | 0    | 0    | 
|ex_stage__GB1 | PCIN>>17+A*B | 17     | 18     | -      | -      | 48     | 0    | 0    | -    | -    | -     | 0    | 0    | 
|ex_stage__GB1 | PCIN+A*B     | 17     | 18     | -      | -      | 48     | 0    | 0    | -    | -    | -     | 0    | 0    | 
|ex_stage__GB1 | PCIN>>17+A*B | 30     | 18     | -      | -      | 48     | 0    | 0    | -    | -    | -     | 0    | 0    | 
|ex_stage__GB1 | A*B          | 17     | 17     | -      | -      | 48     | 0    | 0    | -    | -    | -     | 0    | 0    | 
|ex_stage__GB1 | PCIN+A*B     | 17     | 18     | -      | -      | 48     | 0    | 0    | -    | -    | -     | 0    | 0    | 
|ex_stage__GB1 | PCIN>>17+A*B | 17     | 18     | -      | -      | 48     | 0    | 0    | -    | -    | -     | 0    | 0    | 
|ex_stage__GB1 | PCIN+A*B     | 17     | 17     | -      | -      | 48     | 0    | 0    | -    | -    | -     | 0    | 0    | 
|ex_stage__GB1 | A*B          | 17     | 17     | -      | -      | 48     | 0    | 0    | -    | -    | -     | 0    | 0    | 
|ex_stage__GB1 | PCIN+A*B     | 17     | 17     | -      | -      | 48     | 0    | 0    | -    | -    | -     | 0    | 0    | 
|ex_stage__GB1 | PCIN>>17+A*B | 17     | 18     | -      | -      | 48     | 0    | 0    | -    | -    | -     | 0    | 0    | 
|ex_stage__GB1 | PCIN+A*B     | 17     | 17     | -      | -      | 48     | 0    | 0    | -    | -    | -     | 0    | 0    | 
|ex_stage__GB1 | A*B          | 17     | 17     | -      | -      | 48     | 0    | 0    | -    | -    | -     | 0    | 0    | 
|ex_stage__GB1 | PCIN>>17+A*B | 17     | 17     | -      | -      | 48     | 0    | 0    | -    | -    | -     | 0    | 0    | 
|ex_stage__GB1 | PCIN+A*B     | 17     | 17     | -      | -      | 48     | 0    | 0    | -    | -    | -     | 0    | 0    | 
|ex_stage__GB1 | PCIN>>17+A*B | 17     | 17     | -      | -      | 48     | 0    | 0    | -    | -    | -     | 0    | 0    | 
|ex_stage__GB2 | A*B          | 17     | 13     | -      | -      | 48     | 0    | 0    | -    | -    | -     | 0    | 0    | 
|ex_stage__GB2 | PCIN>>17+A*B | 17     | 13     | -      | -      | 48     | 0    | 0    | -    | -    | -     | 0    | 0    | 
|ex_stage__GB2 | PCIN+A*B     | 17     | 13     | -      | -      | 48     | 0    | 0    | -    | -    | -     | 0    | 0    | 
|ex_stage__GB2 | PCIN>>17+A*B | 13     | 13     | -      | -      | 48     | 0    | 0    | -    | -    | -     | 0    | 0    | 
|ex_stage__GB2 | A*B          | 17     | 17     | -      | -      | 48     | 0    | 0    | -    | -    | -     | 0    | 0    | 
|ex_stage__GB2 | PCIN+A*B     | 17     | 13     | -      | -      | 48     | 0    | 0    | -    | -    | -     | 0    | 0    | 
|ex_stage__GB2 | PCIN>>17+A*B | 17     | 13     | -      | -      | 48     | 0    | 0    | -    | -    | -     | 0    | 0    | 
|ex_stage__GB2 | PCIN+A*B     | 17     | 17     | -      | -      | 48     | 0    | 0    | -    | -    | -     | 0    | 0    | 
|ex_stage__GB2 | A*B          | 17     | 17     | -      | -      | 48     | 0    | 0    | -    | -    | -     | 0    | 0    | 
|ex_stage__GB2 | PCIN+A*B     | 17     | 17     | -      | -      | 48     | 0    | 0    | -    | -    | -     | 0    | 0    | 
|ex_stage__GB2 | PCIN>>17+A*B | 17     | 13     | -      | -      | 48     | 0    | 0    | -    | -    | -     | 0    | 0    | 
|ex_stage__GB2 | PCIN+A*B     | 17     | 17     | -      | -      | 48     | 0    | 0    | -    | -    | -     | 0    | 0    | 
|ex_stage__GB2 | A*B          | 17     | 17     | -      | -      | 48     | 0    | 0    | -    | -    | -     | 0    | 0    | 
|ex_stage__GB2 | PCIN>>17+A*B | 17     | 17     | -      | -      | 48     | 0    | 0    | -    | -    | -     | 0    | 0    | 
|ex_stage__GB2 | PCIN+A*B     | 17     | 17     | -      | -      | 48     | 0    | 0    | -    | -    | -     | 0    | 0    | 
|ex_stage__GB2 | PCIN>>17+A*B | 17     | 17     | -      | -      | 48     | 0    | 0    | -    | -    | -     | 0    | 0    | 
|ex_stage__GB2 | A*B          | 17     | 18     | -      | -      | 48     | 0    | 0    | -    | -    | -     | 0    | 0    | 
|ex_stage__GB2 | PCIN>>17+A*B | 17     | 13     | -      | -      | 48     | 0    | 0    | -    | -    | -     | 0    | 0    | 
|ex_stage__GB2 | PCIN+A*B     | 17     | 18     | -      | -      | 48     | 0    | 0    | -    | -    | -     | 0    | 0    | 
|ex_stage__GB2 | PCIN>>17+A*B | 13     | 18     | -      | -      | 48     | 0    | 0    | -    | -    | -     | 0    | 0    | 
|ex_stage__GB2 | A*B          | 17     | 17     | -      | -      | 48     | 0    | 0    | -    | -    | -     | 0    | 0    | 
|ex_stage__GB2 | PCIN+A*B     | 17     | 18     | -      | -      | 48     | 0    | 0    | -    | -    | -     | 0    | 0    | 
|ex_stage__GB2 | PCIN>>17+A*B | 17     | 13     | -      | -      | 48     | 0    | 0    | -    | -    | -     | 0    | 0    | 
|ex_stage__GB2 | PCIN+A*B     | 17     | 17     | -      | -      | 48     | 0    | 0    | -    | -    | -     | 0    | 0    | 
|ex_stage__GB2 | A*B          | 17     | 17     | -      | -      | 48     | 0    | 0    | -    | -    | -     | 0    | 0    | 
|ex_stage__GB2 | PCIN+A*B     | 17     | 17     | -      | -      | 48     | 0    | 0    | -    | -    | -     | 0    | 0    | 
|ex_stage__GB2 | PCIN>>17+A*B | 17     | 13     | -      | -      | 48     | 0    | 0    | -    | -    | -     | 0    | 0    | 
|ex_stage__GB2 | PCIN+A*B     | 17     | 17     | -      | -      | 48     | 0    | 0    | -    | -    | -     | 0    | 0    | 
|ex_stage__GB2 | A*B          | 17     | 17     | -      | -      | 48     | 0    | 0    | -    | -    | -     | 0    | 0    | 
|ex_stage__GB2 | PCIN>>17+A*B | 17     | 17     | -      | -      | 48     | 0    | 0    | -    | -    | -     | 0    | 0    | 
|ex_stage__GB2 | PCIN+A*B     | 17     | 17     | -      | -      | 48     | 0    | 0    | -    | -    | -     | 0    | 0    | 
|ex_stage__GB2 | PCIN>>17+A*B | 17     | 17     | -      | -      | 48     | 0    | 0    | -    | -    | -     | 0    | 0    | 
|ex_stage__GB4 | A*B          | 17     | 13     | -      | -      | 48     | 0    | 0    | -    | -    | -     | 0    | 0    | 
|ex_stage__GB4 | PCIN>>17+A*B | 17     | 13     | -      | -      | 48     | 0    | 0    | -    | -    | -     | 0    | 0    | 
|ex_stage__GB4 | PCIN+A*B     | 17     | 13     | -      | -      | 48     | 0    | 0    | -    | -    | -     | 0    | 0    | 
|ex_stage__GB4 | PCIN>>17+A*B | 13     | 13     | -      | -      | 48     | 0    | 0    | -    | -    | -     | 0    | 0    | 
|ex_stage__GB4 | A*B          | 17     | 17     | -      | -      | 48     | 0    | 0    | -    | -    | -     | 0    | 0    | 
|ex_stage__GB4 | PCIN+A*B     | 17     | 13     | -      | -      | 48     | 0    | 0    | -    | -    | -     | 0    | 0    | 
|ex_stage__GB4 | PCIN>>17+A*B | 17     | 13     | -      | -      | 48     | 0    | 0    | -    | -    | -     | 0    | 0    | 
|ex_stage__GB4 | PCIN+A*B     | 17     | 17     | -      | -      | 48     | 0    | 0    | -    | -    | -     | 0    | 0    | 
|ex_stage__GB4 | A*B          | 17     | 17     | -      | -      | 48     | 0    | 0    | -    | -    | -     | 0    | 0    | 
|ex_stage__GB4 | PCIN+A*B     | 17     | 17     | -      | -      | 48     | 0    | 0    | -    | -    | -     | 0    | 0    | 
|ex_stage__GB4 | PCIN>>17+A*B | 17     | 13     | -      | -      | 48     | 0    | 0    | -    | -    | -     | 0    | 0    | 
|ex_stage__GB4 | PCIN+A*B     | 17     | 17     | -      | -      | 48     | 0    | 0    | -    | -    | -     | 0    | 0    | 
|ex_stage__GB4 | A*B          | 17     | 17     | -      | -      | 48     | 0    | 0    | -    | -    | -     | 0    | 0    | 
|ex_stage__GB4 | PCIN>>17+A*B | 17     | 17     | -      | -      | 48     | 0    | 0    | -    | -    | -     | 0    | 0    | 
|ex_stage__GB4 | PCIN+A*B     | 17     | 17     | -      | -      | 48     | 0    | 0    | -    | -    | -     | 0    | 0    | 
|ex_stage__GB4 | PCIN>>17+A*B | 17     | 17     | -      | -      | 48     | 0    | 0    | -    | -    | -     | 0    | 0    | 
|ex_stage__GB4 | A*B          | 17     | 18     | -      | -      | 48     | 0    | 0    | -    | -    | -     | 0    | 0    | 
|ex_stage__GB4 | PCIN>>17+A*B | 17     | 18     | -      | -      | 48     | 0    | 0    | -    | -    | -     | 0    | 0    | 
|ex_stage__GB4 | PCIN+A*B     | 17     | 18     | -      | -      | 48     | 0    | 0    | -    | -    | -     | 0    | 0    | 
|ex_stage__GB4 | PCIN>>17+A*B | 30     | 18     | -      | -      | 48     | 0    | 0    | -    | -    | -     | 0    | 0    | 
|ex_stage__GB4 | A*B          | 17     | 17     | -      | -      | 48     | 0    | 0    | -    | -    | -     | 0    | 0    | 
|ex_stage__GB4 | PCIN+A*B     | 17     | 18     | -      | -      | 48     | 0    | 0    | -    | -    | -     | 0    | 0    | 
|ex_stage__GB4 | PCIN>>17+A*B | 17     | 18     | -      | -      | 48     | 0    | 0    | -    | -    | -     | 0    | 0    | 
|ex_stage__GB4 | PCIN+A*B     | 17     | 17     | -      | -      | 48     | 0    | 0    | -    | -    | -     | 0    | 0    | 
|ex_stage__GB4 | A*B          | 17     | 17     | -      | -      | 48     | 0    | 0    | -    | -    | -     | 0    | 0    | 
|ex_stage__GB4 | PCIN+A*B     | 17     | 17     | -      | -      | 48     | 0    | 0    | -    | -    | -     | 0    | 0    | 
|ex_stage__GB4 | PCIN>>17+A*B | 17     | 18     | -      | -      | 48     | 0    | 0    | -    | -    | -     | 0    | 0    | 
|ex_stage__GB4 | PCIN+A*B     | 17     | 17     | -      | -      | 48     | 0    | 0    | -    | -    | -     | 0    | 0    | 
|ex_stage__GB4 | A*B          | 17     | 17     | -      | -      | 48     | 0    | 0    | -    | -    | -     | 0    | 0    | 
|ex_stage__GB4 | PCIN>>17+A*B | 17     | 17     | -      | -      | 48     | 0    | 0    | -    | -    | -     | 0    | 0    | 
|ex_stage__GB4 | PCIN+A*B     | 17     | 17     | -      | -      | 48     | 0    | 0    | -    | -    | -     | 0    | 0    | 
|ex_stage__GB4 | PCIN>>17+A*B | 17     | 17     | -      | -      | 48     | 0    | 0    | -    | -    | -     | 0    | 0    | 
|ex_stage__GB4 | A*B          | 17     | 18     | -      | -      | 48     | 0    | 0    | -    | -    | -     | 0    | 0    | 
|ex_stage__GB4 | PCIN>>17+A*B | 17     | 13     | -      | -      | 48     | 0    | 0    | -    | -    | -     | 0    | 0    | 
|ex_stage__GB4 | PCIN+A*B     | 17     | 18     | -      | -      | 48     | 0    | 0    | -    | -    | -     | 0    | 0    | 
|ex_stage__GB4 | PCIN>>17+A*B | 13     | 18     | -      | -      | 48     | 0    | 0    | -    | -    | -     | 0    | 0    | 
|ex_stage__GB4 | A*B          | 17     | 17     | -      | -      | 48     | 0    | 0    | -    | -    | -     | 0    | 0    | 
|ex_stage__GB4 | PCIN+A*B     | 17     | 18     | -      | -      | 48     | 0    | 0    | -    | -    | -     | 0    | 0    | 
|ex_stage__GB4 | PCIN>>17+A*B | 17     | 13     | -      | -      | 48     | 0    | 0    | -    | -    | -     | 0    | 0    | 
|ex_stage__GB4 | PCIN+A*B     | 17     | 17     | -      | -      | 48     | 0    | 0    | -    | -    | -     | 0    | 0    | 
|ex_stage__GB4 | A*B          | 17     | 17     | -      | -      | 48     | 0    | 0    | -    | -    | -     | 0    | 0    | 
|ex_stage__GB4 | PCIN+A*B     | 17     | 17     | -      | -      | 48     | 0    | 0    | -    | -    | -     | 0    | 0    | 
|ex_stage__GB4 | PCIN>>17+A*B | 17     | 13     | -      | -      | 48     | 0    | 0    | -    | -    | -     | 0    | 0    | 
|ex_stage__GB4 | PCIN+A*B     | 17     | 17     | -      | -      | 48     | 0    | 0    | -    | -    | -     | 0    | 0    | 
|ex_stage__GB4 | A*B          | 17     | 17     | -      | -      | 48     | 0    | 0    | -    | -    | -     | 0    | 0    | 
|ex_stage__GB4 | PCIN>>17+A*B | 17     | 17     | -      | -      | 48     | 0    | 0    | -    | -    | -     | 0    | 0    | 
|ex_stage__GB4 | PCIN+A*B     | 17     | 17     | -      | -      | 48     | 0    | 0    | -    | -    | -     | 0    | 0    | 
|ex_stage__GB4 | PCIN>>17+A*B | 17     | 17     | -      | -      | 48     | 0    | 0    | -    | -    | -     | 0    | 0    | 
+--------------+--------------+--------+--------+--------+--------+--------+------+------+------+------+-------+------+------+


Report BlackBoxes: 
+-+--------------+----------+
| |BlackBox name |Instances |
+-+--------------+----------+
+-+--------------+----------+

Report Cell Usage: 
+------+---------+------+
|      |Cell     |Count |
+------+---------+------+
|1     |BUF      |     2|
|2     |BUFG     |     3|
|3     |CARRY4   |  4781|
|4     |DSP48E1  |    96|
|5     |LUT1     |   286|
|6     |LUT2     |  1531|
|7     |LUT3     | 21979|
|8     |LUT4     |  1924|
|9     |LUT5     |  2449|
|10    |LUT6     | 14913|
|11    |MUXF7    |  3348|
|12    |MUXF8    |   594|
|13    |RAMB36E1 |    20|
|18    |SRL16E   |     8|
|19    |FDCE     |  9558|
|20    |FDPE     |   289|
|21    |FDRE     | 12144|
|22    |FDSE     |     7|
|23    |LD       |   128|
|24    |IBUF     |     3|
|25    |OBUF     |     5|
+------+---------+------+
---------------------------------------------------------------------------------
Finished Writing Synthesis Report : Time (s): cpu = 00:16:47 ; elapsed = 00:17:08 . Memory (MB): peak = 4145.012 ; gain = 3232.750
---------------------------------------------------------------------------------
Synthesis finished with 0 errors, 196 critical warnings and 101 warnings.
Synthesis Optimization Runtime : Time (s): cpu = 00:15:33 ; elapsed = 00:16:31 . Memory (MB): peak = 4145.012 ; gain = 3029.812
Synthesis Optimization Complete : Time (s): cpu = 00:16:48 ; elapsed = 00:17:10 . Memory (MB): peak = 4145.012 ; gain = 3232.750
INFO: [Project 1-571] Translating synthesized netlist
Netlist sorting complete. Time (s): cpu = 00:00:01 ; elapsed = 00:00:01 . Memory (MB): peak = 4145.012 ; gain = 0.000
INFO: [Netlist 29-17] Analyzing 8969 Unisim elements for replacement
INFO: [Netlist 29-28] Unisim Transformation completed in 2 CPU seconds
INFO: [Project 1-570] Preparing netlist for logic optimization
INFO: [Opt 31-138] Pushed 0 inverter(s) to 0 load pin(s).
Netlist sorting complete. Time (s): cpu = 00:00:00 ; elapsed = 00:00:00.044 . Memory (MB): peak = 4145.012 ; gain = 0.000
INFO: [Project 1-111] Unisim Transformation Summary:
  A total of 130 instances were transformed.
  BUF => LUT1: 2 instances
  LD => LDCE: 128 instances

Synth Design complete | Checksum: a0673723
INFO: [Common 17-83] Releasing license: Synthesis
347 Infos, 235 Warnings, 100 Critical Warnings and 0 Errors encountered.
synth_design completed successfully
synth_design: Time (s): cpu = 00:17:17 ; elapsed = 00:17:42 . Memory (MB): peak = 4145.012 ; gain = 3466.719
INFO: [runtcl-6] Synthesis results are not added to the cache due to CRITICAL_WARNING
Write ShapeDB Complete: Time (s): cpu = 00:00:01 ; elapsed = 00:00:00.206 . Memory (MB): peak = 4145.012 ; gain = 0.000
INFO: [Common 17-1381] The checkpoint 'Z:/Vega_cpu/Project/Vega/Vega.runs/synth_1/vega_soc_top.dcp' has been generated.
write_checkpoint: Time (s): cpu = 00:00:12 ; elapsed = 00:00:11 . Memory (MB): peak = 4145.012 ; gain = 0.000
INFO: [Vivado 12-24828] Executing command : report_utilization -file vega_soc_top_utilization_synth.rpt -pb vega_soc_top_utilization_synth.pb
INFO: [Common 17-206] Exiting Vivado at Fri Apr 24 23:13:42 2026...
